phase,domain,delta,capacity,baseline,n_scopes,mean_selection_coverage,mean_complete_token_coverage,mean_candidate_amplification,mean_useful_amplification,mean_candidate_replacement_fraction
prefill,__domain_balanced__,1,8,domain_oracle,60,0.29236756791897567,0.00012907389480477574,1.0,3.983955720937689,0.0
prefill,__domain_balanced__,1,8,previous_window,60,0.2843590938251282,4.84027105517909e-05,1.0,4.041449324733657,0.002017703049803729
prefill,__domain_balanced__,1,8,static,60,0.2261212259300516,8.067118425298483e-05,1.0,5.513486819912016,0.0
prefill,__domain_balanced__,1,8,transition,60,0.5685255180771811,0.010988959809538467,1.0,1.8484211427951265,0.5156011967904972
prefill,__domain_balanced__,1,16,domain_oracle,60,0.47028647681438956,0.036090863032744204,2.0,4.563423372061022,0.0
prefill,__domain_balanced__,1,16,previous_window,60,0.45649127612278634,0.025290153156030996,2.0,4.65503793802441,0.001553611881399306
prefill,__domain_balanced__,1,16,static,60,0.3843254456004893,0.008605127758682225,2.0,5.696549920579582,0.0
prefill,__domain_balanced__,1,16,transition,60,0.7777260297689518,0.23264340342268752,2.0,2.625463334601979,0.41953534824233324
prefill,__domain_balanced__,1,32,domain_oracle,60,0.7270833379658845,0.19097942738013235,4.0,5.6039736187936535,0.0
prefill,__domain_balanced__,1,32,previous_window,60,0.7118801247364651,0.15895202221680463,4.0,5.7042399334055025,0.0010001477092812766
prefill,__domain_balanced__,1,32,static,60,0.6601486310598833,0.10251832124722758,4.0,6.158113890428811,0.0
prefill,__domain_balanced__,1,32,transition,60,0.9281830109118111,0.6304435769115586,4.0,4.327654269901936,0.26893946878795105
prefill,__domain_balanced__,2,8,domain_oracle,56,0.2946792625875892,0.00013829345871940258,1.0,3.9781703500488748,0.0
prefill,__domain_balanced__,2,8,previous_window,56,0.2869775595900101,5.1860047019775966e-05,1.0,4.0252318690856415,0.0020010718388846545
prefill,__domain_balanced__,2,8,static,56,0.22698082515894066,8.64334116996266e-05,1.0,5.5396352583538695,0.0
prefill,__domain_balanced__,2,8,transition,56,0.5522100275447013,0.009255904681753685,1.0,1.9392032773373649,0.5029112574438094
prefill,__domain_balanced__,2,16,domain_oracle,56,0.4740149733651023,0.0380810346212399,2.0,4.54046447494716,0.0
prefill,__domain_balanced__,2,16,previous_window,56,0.4604543080043054,0.027050114540591454,2.0,4.625436893699055,0.001537715143170869
prefill,__domain_balanced__,2,16,static,56,0.38558597837668623,0.00920787497954048,2.0,5.704250036973707,0.0
prefill,__domain_balanced__,2,16,transition,56,0.7615316721749907,0.22220028732249178,2.0,2.7103943489041598,0.40747734755218873
prefill,__domain_balanced__,2,32,domain_oracle,56,0.7303421456904253,0.19957990552259136,4.0,5.583798645948937,0.0
prefill,__domain_balanced__,2,32,previous_window,56,0.7152411189088577,0.16640159771839244,4.0,5.680748925544656,0.0009893733970904428
prefill,__domain_balanced__,2,32,static,56,0.6607959738377839,0.10546564423953887,4.0,6.15904843853194,0.0
prefill,__domain_balanced__,2,32,transition,56,0.9213032950183914,0.6162280631323123,4.0,4.366025503807033,0.2627549423750009
prefill,__domain_balanced__,3,8,domain_oracle,52,0.2978827927779879,0.00014893141708243355,1.0,3.922051319894675,0.0
prefill,__domain_balanced__,3,8,previous_window,52,0.2899536022991151,5.5849281405912576e-05,1.0,3.9781667015506197,0.0019692270298993456
prefill,__domain_balanced__,3,8,static,52,0.22920525912830828,9.308213567652096e-05,1.0,5.464663116360752,0.0
prefill,__domain_balanced__,3,8,transition,52,0.5380335945940244,0.010210573266515014,1.0,1.961156582275825,0.4979828528795877
prefill,__domain_balanced__,3,16,domain_oracle,52,0.4780534956330446,0.04078694785109624,2.0,4.494764798878828,0.0
prefill,__domain_balanced__,3,16,previous_window,52,0.4648285384955436,0.02888887902941646,2.0,4.577107830382623,0.0015003748884790352
prefill,__domain_balanced__,3,16,static,52,0.3898922485987859,0.009897556627754442,2.0,5.63177023868196,0.0
prefill,__domain_balanced__,3,16,transition,52,0.7513308060773366,0.20521207484218207,2.0,2.724244855556295,0.399463353990841
prefill,__domain_balanced__,3,32,domain_oracle,52,0.733284276837369,0.20726067933301645,4.0,5.562693591033254,0.0
prefill,__domain_balanced__,3,32,previous_window,52,0.7182765916630942,0.17397912161578025,4.0,5.657291351925296,0.00098012346389113
prefill,__domain_balanced__,3,32,static,52,0.6654656683491668,0.10792061661358135,4.0,6.1106883371165335,0.0
prefill,__domain_balanced__,3,32,transition,52,0.9156387230236439,0.5904478744839231,4.0,4.388369840270331,0.254376514488844
prefill,__domain_balanced__,4,8,domain_oracle,48,0.30029386552832077,0.00016134236850596966,1.0,3.9141575893335094,0.0
prefill,__domain_balanced__,4,8,previous_window,48,0.2923943763409696,6.050338818973863e-05,1.0,3.9651790179787265,0.001922116657709112
prefill,__domain_balanced__,4,8,static,48,0.23007497391035317,0.00010083898031623104,1.0,5.486512502961588,0.0
prefill,__domain_balanced__,4,8,transition,48,0.5224350677800972,0.009738511786269612,1.0,2.044643484458834,0.4802924084651506
prefill,__domain_balanced__,4,16,domain_oracle,48,0.48031285539896396,0.04397657222967394,2.0,4.485851853920743,0.0
prefill,__domain_balanced__,4,16,previous_window,48,0.4672061030440038,0.031091736801533845,2.0,4.565205705922395,0.0014879242802548897
prefill,__domain_balanced__,4,16,static,48,0.38859552312244633,0.010722353013400646,2.0,5.673604651275379,0.0
prefill,__domain_balanced__,4,16,transition,48,0.7355371017990676,0.19397165729517918,2.0,2.798680315191806,0.3911133503985347
prefill,__domain_balanced__,4,32,domain_oracle,48,0.7332784997651208,0.21216207149956176,4.0,5.56813745129994,0.0
prefill,__domain_balanced__,4,32,previous_window,48,0.7191361764460212,0.17924398427199928,4.0,5.654611799695231,0.0009771064466189193
prefill,__domain_balanced__,4,32,static,48,0.6633234527796149,0.11007182324989727,4.0,6.1356107221441905,0.0
prefill,__domain_balanced__,4,32,transition,48,0.9057224049214582,0.5695314110321034,4.0,4.447595941617042,0.250568590286679
prefill,__domain_balanced__,5,8,domain_oracle,44,0.2994432719783064,0.00017600985655196692,1.0,3.92302557126242,0.0
prefill,__domain_balanced__,5,8,previous_window,44,0.2911277795687918,6.60036962069876e-05,1.0,3.988754337833801,0.0019047870340445998
prefill,__domain_balanced__,5,8,static,44,0.22941435216472217,0.00011000616034497931,1.0,5.559771313027422,0.0
prefill,__domain_balanced__,5,8,transition,44,0.510480399509933,0.008465850295169606,1.0,2.0905079221236367,0.47188843856676493
prefill,__domain_balanced__,5,16,domain_oracle,44,0.4797439908278606,0.045972202399953005,2.0,4.49437372845373,0.0
prefill,__domain_balanced__,5,16,previous_window,44,0.4657121840567534,0.03222395026940011,2.0,4.583877403263929,0.0014915383453333595
prefill,__domain_balanced__,5,16,static,44,0.3871588161041458,0.011291108644421453,2.0,5.705862318988865,0.0
prefill,__domain_balanced__,5,16,transition,44,0.7231715632998518,0.18660175315867145,2.0,2.8414478189552117,0.38566783661255644
prefill,__domain_balanced__,5,32,domain_oracle,44,0.7330049667474523,0.2153325435778621,4.0,5.570565863830777,0.0
prefill,__domain_balanced__,5,32,previous_window,44,0.7181445585474965,0.1820869111831801,4.0,5.662879170829566,0.0009756725018118928
prefill,__domain_balanced__,5,32,static,44,0.6628462961395134,0.11226413681998135,4.0,6.138075363698505,0.0
prefill,__domain_balanced__,5,32,transition,44,0.9000551926341412,0.5537692266003782,4.0,4.476573839954626,0.2475698869073368
prefill,__domain_balanced__,6,8,domain_oracle,40,0.29800742625643084,0.0001936108422071636,1.0,3.9331043188051753,0.0
prefill,__domain_balanced__,6,8,previous_window,40,0.29067594632027194,7.260406582768636e-05,1.0,3.9777573112616786,0.0018768790414028882
prefill,__domain_balanced__,6,8,static,40,0.2282472081446854,0.00012100677637947724,1.0,5.547220011720389,0.0
prefill,__domain_balanced__,6,8,transition,40,0.4948372610908819,0.007349339776119216,1.0,2.1528008482926655,0.4599552333105173
prefill,__domain_balanced__,6,16,domain_oracle,40,0.47826506261911844,0.04705792530772561,2.0,4.505740617224062,0.0
prefill,__domain_balanced__,6,16,previous_window,40,0.4653584529518818,0.0328879735034887,2.0,4.583505429852878,0.0014638835901549794
prefill,__domain_balanced__,6,16,static,40,0.387679724472501,0.011863588337518004,2.0,5.673626600243787,0.0
prefill,__domain_balanced__,6,16,transition,40,0.7095249194138183,0.1799088795066173,2.0,2.8950197132702393,0.37378753544068577
prefill,__domain_balanced__,6,32,domain_oracle,40,0.7328596793746887,0.2170530293774302,4.0,5.568043037503231,0.0
prefill,__domain_balanced__,6,32,previous_window,40,0.7186666142415375,0.18435088662992344,4.0,5.655478551090754,0.0009709885551420219
prefill,__domain_balanced__,6,32,static,40,0.6628585280661435,0.11276471954600184,4.0,6.134199203328805,0.0
prefill,__domain_balanced__,6,32,transition,40,0.8948756733733327,0.5341601993376363,4.0,4.495759605093724,0.2415892559894305
prefill,__domain_balanced__,7,8,domain_oracle,36,0.29437261339972937,0.00021512315800795956,1.0,3.969193796342379,0.0
prefill,__domain_balanced__,7,8,previous_window,36,0.2858918783928383,8.067118425298483e-05,1.0,4.036707467588369,0.0018929384701241656
prefill,__domain_balanced__,7,8,static,36,0.22172089367906989,0.00013445197375497472,1.0,5.65880988535685,0.0
prefill,__domain_balanced__,7,8,transition,36,0.4850914911343653,0.007885211955063594,1.0,2.1574350993965314,0.4634309860020564
prefill,__domain_balanced__,7,16,domain_oracle,36,0.4742464412702282,0.049355530647392225,2.0,4.533554267172889,0.0
prefill,__domain_balanced__,7,16,previous_window,36,0.46174526276942796,0.03417573381723032,2.0,4.60580399436969,0.0014446158893330983
prefill,__domain_balanced__,7,16,static,36,0.38267767069125797,0.010041301291466007,2.0,5.713905757479992,0.0
prefill,__domain_balanced__,7,16,transition,36,0.6979836831436305,0.1710228311993256,2.0,2.934975871025734,0.3705522236237668
prefill,__domain_balanced__,7,32,domain_oracle,36,0.7298128712202928,0.21289025305764273,4.0,5.582353451632112,0.0
prefill,__domain_balanced__,7,32,previous_window,36,0.7157696810518934,0.182969164699324,4.0,5.67277640017732,0.0009654438834586872
prefill,__domain_balanced__,7,32,static,36,0.6588778707220712,0.11301424840562868,4.0,6.166189562103193,0.0
prefill,__domain_balanced__,7,32,transition,36,0.886143991978658,0.5096865565462989,4.0,4.539315631270717,0.235530585755158
prefill,__domain_balanced__,8,8,domain_oracle,32,0.29316435527617285,0.0002420135527589545,1.0,4.000718041584033,0.0
prefill,__domain_balanced__,8,8,previous_window,32,0.28435584047007945,3.0251694094869314e-05,1.0,4.065008979291416,0.0018829645086253857
prefill,__domain_balanced__,8,8,static,32,0.2199079378638024,0.00015125847047434655,1.0,5.746103233571274,0.0
prefill,__domain_balanced__,8,8,transition,32,0.46789528962779975,0.007189659112799322,1.0,2.2251839420380968,0.44298942953818343
prefill,__domain_balanced__,8,16,domain_oracle,32,0.47115881269640625,0.04895836268653947,2.0,4.565124368832168,0.0
prefill,__domain_balanced__,8,16,previous_window,32,0.4601833271982704,0.033852030865535725,2.0,4.612671744992718,0.0014387093999494352
prefill,__domain_balanced__,8,16,static,32,0.38086654752730253,0.009497889360988145,2.0,5.731275591278954,0.0
prefill,__domain_balanced__,8,16,transition,32,0.6870852362224887,0.15238911855904785,2.0,2.958860907162789,0.36383767747659085
prefill,__domain_balanced__,8,32,domain_oracle,32,0.726544016371851,0.21078909813635527,4.0,5.602800617403609,0.0
prefill,__domain_balanced__,8,32,previous_window,32,0.7122797662274869,0.18008123914116306,4.0,5.6957320955738515,0.0009847508689250213
prefill,__domain_balanced__,8,32,static,32,0.6574268649105206,0.11176447303455041,4.0,6.176988590095731,0.0
prefill,__domain_balanced__,8,32,transition,32,0.8831937250370745,0.502096559334554,4.0,4.545184204612708,0.23465988216749947
prefill,__domain_balanced__,9,8,domain_oracle,28,0.2922497424324438,0.00024201355275895448,1.0,4.045465819944303,0.0
prefill,__domain_balanced__,9,8,previous_window,28,0.28334734160093517,3.4573364679850644e-05,1.0,4.107817019236336,0.0018950716063629823
prefill,__domain_balanced__,9,8,static,28,0.21732706642064034,0.0001728668233992532,1.0,5.8592527023404815,0.0
prefill,__domain_balanced__,9,8,transition,28,0.4536242618654439,0.007815253591775286,1.0,2.3060247445732225,0.4265527764728567
prefill,__domain_balanced__,9,16,domain_oracle,28,0.47065007674944465,0.05106043348262757,2.0,4.579826292579205,0.0
prefill,__domain_balanced__,9,16,previous_window,28,0.459556828548564,0.03455465445009005,2.0,4.628245322052017,0.0014435283354214767
prefill,__domain_balanced__,9,16,static,28,0.37718747498382255,0.010381467433624583,2.0,5.797564747718715,0.0
prefill,__domain_balanced__,9,16,transition,28,0.6643382928597062,0.1406781915073424,2.0,3.0691481745103997,0.35407510302339507
prefill,__domain_balanced__,9,32,domain_oracle,28,0.7252520438220965,0.2074750499008324,4.0,5.614256408861186,0.0
prefill,__domain_balanced__,9,32,previous_window,28,0.7122817341201293,0.17988090843358348,4.0,5.694595555713766,0.0009864936025296002
prefill,__domain_balanced__,9,32,static,28,0.6537229416920589,0.10297063459906466,4.0,6.213710862662928,0.0
prefill,__domain_balanced__,9,32,transition,28,0.8739398359375532,0.4695628148871252,4.0,4.590406796006648,0.23357961906611116
prefill,__domain_balanced__,10,8,domain_oracle,24,0.29493381723785533,0.0002420135527589545,1.0,3.9900560768146645,0.0
prefill,__domain_balanced__,10,8,previous_window,24,0.2859152019060678,4.0335592126492416e-05,1.0,4.055086847978465,0.0018911966068546433
prefill,__domain_balanced__,10,8,static,24,0.21702111056338066,0.00020167796063246207,1.0,5.9357546207469225,0.0
prefill,__domain_balanced__,10,8,transition,24,0.43136753623898466,0.006943827841439224,1.0,2.444483220031731,0.4108641378733098
prefill,__domain_balanced__,10,16,domain_oracle,24,0.47480113849925226,0.05196112844229212,2.0,4.535677734612473,0.0
prefill,__domain_balanced__,10,16,previous_window,24,0.46301344062658023,0.035694466183433964,2.0,4.5945098504665784,0.0014291865894278469
prefill,__domain_balanced__,10,16,static,24,0.3786229444017775,0.009794283734266846,2.0,5.736412508527855,0.0
prefill,__domain_balanced__,10,16,transition,24,0.6368818732238161,0.11518561555082922,2.0,3.2176851838319496,0.33373040161099254
prefill,__domain_balanced__,10,32,domain_oracle,24,0.7268750854248708,0.21197478477301177,4.0,5.603000273514886,0.0
prefill,__domain_balanced__,10,32,previous_window,24,0.7143945535364794,0.1853015605932615,4.0,5.678110667971666,0.000992993421164624
prefill,__domain_balanced__,10,32,static,24,0.6559052963856546,0.1074789051827183,4.0,6.195165026168342,0.0
prefill,__domain_balanced__,10,32,transition,24,0.8529732997443515,0.4197861592611532,4.0,4.713088179304068,0.21448569771701345
prefill,__domain_balanced__,11,8,domain_oracle,20,0.30322188010578455,0.00024201355275895454,1.0,3.906833901360997,0.0
prefill,__domain_balanced__,11,8,previous_window,20,0.29359866271859586,4.84027105517909e-05,1.0,3.9834107373197276,0.0018623345184514521
prefill,__domain_balanced__,11,8,static,20,0.22041327226850438,0.00024201355275895448,1.0,5.98021078999235,0.0
prefill,__domain_balanced__,11,8,transition,20,0.4158878661196391,0.008816901926352837,1.0,2.590578404559076,0.38363285491356686
prefill,__domain_balanced__,11,16,domain_oracle,20,0.48195330712194967,0.05562666664670275,2.0,4.496098055620457,0.0
prefill,__domain_balanced__,11,16,previous_window,20,0.4696863080116187,0.03756166642041524,2.0,4.551218473159795,0.001438648562673438
prefill,__domain_balanced__,11,16,static,20,0.38319545237688957,0.011704737770568425,2.0,5.709436397742116,0.0
prefill,__domain_balanced__,11,16,transition,20,0.6202279147123189,0.11186984269337426,2.0,3.3251819152808126,0.3194063891471842
prefill,__domain_balanced__,11,32,domain_oracle,20,0.733254641575874,0.2143004863496941,4.0,5.5622048034568685,0.0
prefill,__domain_balanced__,11,32,previous_window,20,0.7215987413205284,0.19224830291945466,4.0,5.624975711925958,0.0009626219763761267
prefill,__domain_balanced__,11,32,static,20,0.6603543894642747,0.11555926343781935,4.0,6.1611401926697535,0.0
prefill,__domain_balanced__,11,32,transition,20,0.8384527124882469,0.384361676120743,4.0,4.80160174568051,0.20378483602046793
prefill,__domain_balanced__,12,8,domain_oracle,16,0.30271722067350676,0.0002420135527589545,1.0,3.9246217117682276,0.0
prefill,__domain_balanced__,12,8,previous_window,16,0.29352790130223294,0.0,1.0,3.9606835244442076,0.0018402431764966492
prefill,__domain_balanced__,12,8,static,16,0.21543896598615578,0.0003025169409486931,1.0,6.2029016667590735,0.0
prefill,__domain_balanced__,12,8,transition,16,0.3988662369533532,0.005044728419520176,1.0,2.704091654819263,0.39748211592383725
prefill,__domain_balanced__,12,16,domain_oracle,16,0.48316644315929214,0.05575423495865873,2.0,4.482626149650602,0.0
prefill,__domain_balanced__,12,16,previous_window,16,0.4707095012974946,0.03767717582523239,2.0,4.5320045552883155,0.001439820677861298
prefill,__domain_balanced__,12,16,static,16,0.38135054024727405,0.010219467777131386,2.0,5.738219113378527,0.0
prefill,__domain_balanced__,12,16,transition,16,0.5956504151682249,0.09857884001565956,2.0,3.5084288556220855,0.30889509606124943
prefill,__domain_balanced__,12,32,domain_oracle,16,0.7345580977732971,0.21280416902913854,4.0,5.5550762444555275,0.0
prefill,__domain_balanced__,12,32,previous_window,16,0.7206121537210695,0.19101164580989244,4.0,5.634836278535081,0.0009810105317985952
prefill,__domain_balanced__,12,32,static,16,0.6579512630622324,0.1163950920155946,4.0,6.180691294017156,0.0
prefill,__domain_balanced__,12,32,transition,16,0.8211490910362171,0.35539015588651346,4.0,4.909773700727308,0.195843248741564
prefill,__domain_balanced__,13,8,domain_oracle,12,0.30177539343619825,0.0,1.0,3.9412335096527715,0.0
prefill,__domain_balanced__,13,8,previous_window,12,0.2924031383742876,0.0,1.0,3.9934027304865585,0.0018738746793294776
prefill,__domain_balanced__,13,8,static,12,0.21455538408565508,0.00040335592126492415,1.0,6.356392168694188,0.0
prefill,__domain_balanced__,13,8,transition,12,0.37797445098111426,0.005162955792191029,1.0,2.9135040779350114,0.3648069589011011
prefill,__domain_balanced__,13,16,domain_oracle,12,0.48091756086884385,0.051467540532156554,2.0,4.519058340421591,0.0
prefill,__domain_balanced__,13,16,previous_window,12,0.4684627568801399,0.03350290217515323,2.0,4.55667829648919,0.001442815916604576
prefill,__domain_balanced__,13,16,static,12,0.3826122051716205,0.007861703913376393,2.0,5.702671406546855,0.0
prefill,__domain_balanced__,13,16,transition,12,0.5712146471439519,0.08291070938884483,2.0,3.6901011262700525,0.2918485215921008
prefill,__domain_balanced__,13,32,domain_oracle,12,0.7351642006690754,0.21289891166968622,4.0,5.5568486565261965,0.0
prefill,__domain_balanced__,13,32,previous_window,12,0.7202651216180823,0.18898701503641713,4.0,5.642128781399805,0.000962662272360578
prefill,__domain_balanced__,13,32,static,12,0.6546643221040215,0.102950591398849,4.0,6.203296299438798,0.0
prefill,__domain_balanced__,13,32,transition,12,0.7982978340941193,0.30200058077489267,4.0,5.0552454121792705,0.1803431753766038
prefill,__domain_balanced__,14,8,domain_oracle,8,0.2936811595470503,0.0,1.0,4.039519901096666,0.0
prefill,__domain_balanced__,14,8,previous_window,8,0.28576548003122376,0.0,1.0,4.029421177248786,0.001964237813440386
prefill,__domain_balanced__,14,8,static,8,0.21285862447150639,0.0,1.0,6.274259999531911,0.0
prefill,__domain_balanced__,14,8,transition,8,0.3365635882193164,0.002299128751210068,1.0,3.338225654232801,0.3459021430492237
prefill,__domain_balanced__,14,16,domain_oracle,8,0.47394907434138617,0.05072004262671971,2.0,4.582820325097911,0.0
prefill,__domain_balanced__,14,16,previous_window,8,0.46133489335686545,0.034959494456063035,2.0,4.601733953176583,0.0014355346076334646
prefill,__domain_balanced__,14,16,static,8,0.37611861302509286,0.0012100677637947724,2.0,5.617025073381898,0.0
prefill,__domain_balanced__,14,16,transition,8,0.5461181690684336,0.06667373493385534,2.0,3.807481163404432,0.3109902060608531
prefill,__domain_balanced__,14,32,domain_oracle,8,0.7325607827371758,0.20498548436052086,4.0,5.56966195076519,0.0
prefill,__domain_balanced__,14,32,previous_window,8,0.7152110742496725,0.18509387440966724,4.0,5.673218475096878,0.0009930778970489531
prefill,__domain_balanced__,14,32,static,8,0.6497092903761928,0.09101956655220743,4.0,6.2464855455393575,0.0
prefill,__domain_balanced__,14,32,transition,8,0.7739436107079631,0.24490528977483314,4.0,5.2037770407309685,0.18305462521674137
prefill,__domain_balanced__,15,8,domain_oracle,4,0.3040603272678388,0.0,1.0,3.819613224921258,0.0
prefill,__domain_balanced__,15,8,previous_window,4,0.2892539050258589,0.0,1.0,3.9649931792510262,0.002002914346087764
prefill,__domain_balanced__,15,8,static,4,0.22454497562235615,0.0,1.0,5.842178888923501,0.0
prefill,__domain_balanced__,15,8,transition,4,0.310292099203115,0.0012100677637947724,1.0,3.6613311394961072,0.2729485471523605
prefill,__domain_balanced__,15,16,domain_oracle,4,0.4829040018266009,0.03264343291997852,2.0,4.3996864611239435,0.0
prefill,__domain_balanced__,15,16,previous_window,4,0.45962514388619014,0.029519676041849872,2.0,4.591870425035999,0.0015685736482101832
prefill,__domain_balanced__,15,16,static,4,0.383360319758418,0.002420135527589545,2.0,5.484154698646243,0.0
prefill,__domain_balanced__,15,16,transition,4,0.5084384669958557,0.048993159388381675,2.0,4.114274434395013,0.2779662766856353
prefill,__domain_balanced__,15,32,domain_oracle,4,0.7511645914881281,0.218889521510566,4.0,5.377739853630532,0.0
prefill,__domain_balanced__,15,32,previous_window,4,0.7231343737282468,0.18751936038013592,4.0,5.583955316599736,0.0010073194090355233
prefill,__domain_balanced__,15,32,static,4,0.65586582535173,0.08806299457389474,4.0,6.167550005172589,0.0
prefill,__domain_balanced__,15,32,transition,4,0.7499661715462149,0.19998193667775038,4.0,5.379950336742532,0.18023684260854766
prefill,code,1,8,domain_oracle,15,0.4586398838334947,0.000516295579219103,1.0,2.2132578105206937,0.0
prefill,code,1,8,previous_window,15,0.4495321071313327,0.0001936108422071636,1.0,2.259028043195917,0.0012273901808785529
prefill,code,1,8,static,15,0.41671506937721847,0.00032268473701193933,1.0,2.430842785646613,0.0
prefill,code,1,8,transition,15,0.6645692158760891,0.02884801548886738,1.0,1.5275180896093201,0.35073481912144705
prefill,code,1,16,domain_oracle,15,0.6498951274604712,0.12049048080025813,2.0,3.107177262240474,0.0
prefill,code,1,16,previous_window,15,0.6312036140690546,0.0846724749919329,2.0,3.2022714501747505,0.0010053294573643412
prefill,code,1,16,static,15,0.5833414004517585,0.031042271700548563,2.0,3.4757188709505784,0.0
prefill,code,1,16,transition,15,0.8532107131332688,0.3951597289448209,2.0,2.3649591943530597,0.31098998708010334
prefill,code,1,32,domain_oracle,15,0.8558567279767666,0.438270409809616,4.0,4.689158793855997,0.0
prefill,code,1,32,previous_window,15,0.8332284607938045,0.37295901903839945,4.0,4.818737222590567,0.000962936046511628
prefill,code,1,32,static,15,0.7867860600193611,0.2442723459180381,4.0,5.105830567385801,0.0
prefill,code,1,32,transition,15,0.9524443368828653,0.7392061955469506,4.0,4.209811050372638,0.22260376291989664
prefill,code,2,8,domain_oracle,14,0.4655476420965288,0.0005531738348776103,1.0,2.173993687467424,0.0
prefill,code,2,8,previous_window,14,0.45645484718572815,0.00020744018807910387,1.0,2.21781830983659,0.0011939368770764118
prefill,code,2,8,static,14,0.4220802793527866,0.0003457336467985064,1.0,2.395375683371434,0.0
prefill,code,2,8,transition,14,0.6559258747061264,0.024547088922693954,1.0,1.5437544348313337,0.340453696013289
prefill,code,2,16,domain_oracle,14,0.6598585949384594,0.12674595491633248,2.0,3.0492295837897916,0.0
prefill,code,2,16,previous_window,14,0.6413186281288895,0.09058221546120869,2.0,3.139217822030676,0.0009603405315614618
prefill,code,2,16,static,14,0.5916021297192643,0.033259576822016315,2.0,3.4185326472622397,0.0
prefill,code,2,16,transition,14,0.8503232609597565,0.3924076891163048,2.0,2.3701808404966433,0.30361036129568103
prefill,code,2,32,domain_oracle,14,0.864602060572535,0.4593417231364957,4.0,4.63453545788552,0.0
prefill,code,2,32,previous_window,14,0.8416280597427742,0.3925459825750242,4.0,4.763686398086975,0.0009516888150609082
prefill,code,2,32,static,14,0.7954639745540036,0.25577375190153506,4.0,5.041077884065726,0.0
prefill,code,2,32,transition,14,0.9551756326925737,0.7577790070529664,4.0,4.195216048489731,0.22024242109634554
prefill,code,3,8,domain_oracle,13,0.4696086827016159,0.0005957256683297342,1.0,2.1548585921412484,0.0
prefill,code,3,8,previous_window,13,0.46085896194802295,0.0002233971256236503,1.0,2.1957272940078054,0.0011739713774597494
prefill,code,3,8,static,13,0.4230583066497878,0.00037232854270608385,1.0,2.3917274862056406,0.0
prefill,code,3,8,transition,13,0.6487638692382158,0.028148037828579938,1.0,1.5565943629302887,0.3458184257602862
prefill,code,3,16,domain_oracle,13,0.6651928661851217,0.13560205525355573,2.0,3.0232560713196497,0.0
prefill,code,3,16,previous_window,13,0.6472838632809592,0.09658202397795815,2.0,3.107808239796801,0.0009270646988670245
prefill,code,3,16,static,13,0.5971032839377467,0.035743540099784046,2.0,3.385688270950057,0.0
prefill,code,3,16,transition,13,0.8482854270608384,0.38431752178121975,2.0,2.369878453128272,0.3021625298151461
prefill,code,3,32,domain_oracle,13,0.8681956958820464,0.4750167547844218,4.0,4.614833239303438,0.0
prefill,code,3,32,previous_window,13,0.8450461687392956,0.4085188770571152,4.0,4.744153984731655,0.0009573457066189625
prefill,code,3,32,static,13,0.7998454836547769,0.26249162260778913,4.0,5.012210597188567,0.0
prefill,code,3,32,transition,13,0.9539150346265545,0.7480080422965224,4.0,4.197559869821948,0.2151279256112105
prefill,code,4,8,domain_oracle,12,0.47638351080993874,0.0006453694740238787,1.0,2.119825384033356,0.0
prefill,code,4,8,previous_window,12,0.4674794288480155,0.0002420135527589545,1.0,2.160218950911163,0.0011506782945736435
prefill,code,4,8,static,12,0.428000968054211,0.00040335592126492415,1.0,2.3619407492222226,0.0
prefill,code,4,8,transition,12,0.6449156986124557,0.028960955146821555,1.0,1.5557526869871705,0.3330608042635659
prefill,code,4,16,domain_oracle,12,0.6723640690545337,0.14617618586640851,2.0,2.987410263361296,0.0
prefill,code,4,16,previous_window,12,0.6548281703775412,0.10406582768635043,2.0,3.0674370471449333,0.0009084302325581395
prefill,code,4,16,static,12,0.6027045014520813,0.03872216844143272,2.0,3.353297484212033,0.0
prefill,code,4,16,transition,12,0.8443348660858341,0.37834785414649885,2.0,2.373840607851863,0.294593830749354
prefill,code,4,32,domain_oracle,12,0.8715513068731848,0.4930622781542433,4.0,4.596791353686588,0.0
prefill,code,4,32,previous_window,12,0.8493062278154243,0.4252984833817361,4.0,4.719645453179356,0.0009588985788113695
prefill,code,4,32,static,12,0.805037915456599,0.27750887383026784,4.0,4.977939659122725,0.0
prefill,code,4,32,transition,12,0.9529686995805099,0.7432236205227493,4.0,4.199831267610653,0.21443495639534885
prefill,code,5,8,domain_oracle,11,0.4744455689518613,0.0007040394262078677,1.0,2.129878691827472,0.0
prefill,code,5,8,previous_window,11,0.4655900730440905,0.0002640147848279504,1.0,2.1704134640783717,0.0011341613812544044
prefill,code,5,8,static,11,0.43146616210507793,0.00044002464137991724,1.0,2.3434929498314996,0.0
prefill,code,5,8,transition,11,0.6359676141863944,0.025081404558655283,1.0,1.574314617555373,0.32724409795630727
prefill,code,5,16,domain_oracle,11,0.6724236557247205,0.15198451113262343,2.0,2.988312875043361,0.0
prefill,code,5,16,previous_window,11,0.653876617090557,0.10763002728152776,2.0,3.073005499891434,0.0009029245947850599
prefill,code,5,16,static,11,0.6023937340491068,0.04083428672005632,2.0,3.358173563604001,0.0
prefill,code,5,16,transition,11,0.8361678253982223,0.3713807973246502,2.0,2.395054359243823,0.2927402660324172
prefill,code,5,32,domain_oracle,11,0.8707207603625803,0.4996919827510341,4.0,4.601780829718103,0.0
prefill,code,5,32,previous_window,11,0.8480044882513421,0.4304321041978351,4.0,4.72764613591263,0.0009662394291754757
prefill,code,5,32,static,11,0.8019119070667958,0.2825838246941829,4.0,4.9972821495277255,0.0
prefill,code,5,32,transition,11,0.9484291120302738,0.7316729736865265,4.0,4.219895452315696,0.21920972075405218
prefill,code,6,8,domain_oracle,10,0.471986931268151,0.0007744433688286545,1.0,2.1424785881683177,0.0
prefill,code,6,8,previous_window,10,0.46335914811229434,0.00029041626331074543,1.0,2.182494493025891,0.0011385658914728682
prefill,code,6,8,static,10,0.4264399806389158,0.00048402710551790896,1.0,2.370256211154765,0.0
prefill,code,6,8,transition,10,0.6232817037754115,0.02371732817037754,1.0,1.6077749384589073,0.3142078488372093
prefill,code,6,16,domain_oracle,10,0.6705711519845112,0.15624394966118102,2.0,2.997687069728082,0.0
prefill,code,6,16,previous_window,10,0.6523354307841239,0.11055179090029041,2.0,3.081481244239644,0.0008963178294573643
prefill,code,6,16,static,10,0.5974225556631171,0.04269119070667957,2.0,3.3872920890124627,0.0
prefill,code,6,16,transition,10,0.8261858664085189,0.36118102613746367,2.0,2.4233741687914376,0.2835331879844961
prefill,code,6,32,domain_oracle,10,0.8686834462729912,0.5015488867376574,4.0,4.613072437947926,0.0
prefill,code,6,32,previous_window,10,0.8458857696030977,0.43117134559535336,4.0,4.7402130605160036,0.0009780765503875969
prefill,code,6,32,static,10,0.7991892545982575,0.27957405614714426,4.0,5.0145818764478065,0.0
prefill,code,6,32,transition,10,0.9449298160697,0.721781219748306,4.0,4.234219605728785,0.21705123546511626
prefill,code,7,8,domain_oracle,9,0.46676347208777025,0.0008604926320318382,1.0,2.1664440466966957,0.0
prefill,code,7,8,previous_window,9,0.4590055932021082,0.00032268473701193933,1.0,2.2038953446067167,0.0011843238587424634
prefill,code,7,8,static,9,0.4176885016672045,0.0005378078950198989,1.0,2.4136845459936516,0.0
prefill,code,7,8,transition,9,0.6159244917715392,0.025169409486931266,1.0,1.627156008925664,0.3144918173987941
prefill,code,7,16,domain_oracle,9,0.6652145853501129,0.16188017640098956,2.0,3.021597679421026,0.0
prefill,code,7,16,previous_window,9,0.6467946649456814,0.11380015058621061,2.0,3.107403385283982,0.0009017011197243756
prefill,code,7,16,static,9,0.5852156609659029,0.03667849844035711,2.0,3.449467210394039,0.0
prefill,code,7,16,transition,9,0.8146982897708939,0.3521566096590298,2.0,2.4590924401638743,0.2828649870801034
prefill,code,7,32,domain_oracle,9,0.8630875551253092,0.4963966871033667,4.0,4.642043035069051,0.0
prefill,code,7,32,previous_window,9,0.8398408088630741,0.42368505969667636,4.0,4.77323553916354,0.0009992732558139535
prefill,code,7,32,static,9,0.7928498440357105,0.27471227277616433,4.0,5.052694767562446,0.0
prefill,code,7,32,transition,9,0.9380714208884586,0.6995805098418845,4.0,4.265316938558112,0.21345418819982773
prefill,code,8,8,domain_oracle,8,0.4672676669893514,0.000968054211035818,1.0,2.1671135692701844,0.0
prefill,code,8,8,previous_window,8,0.4604156582768635,0.00012100677637947725,1.0,2.2001930734933675,0.0011203972868217055
prefill,code,8,8,static,8,0.4187893272023233,0.0006050338818973862,1.0,2.409683365204681,0.0
prefill,code,8,8,transition,8,0.6058204259438529,0.026500484027105517,1.0,1.6589696399647287,0.2966630329457364
prefill,code,8,16,domain_oracle,8,0.6631020087124879,0.1616650532429816,2.0,3.0327903820752824,0.0
prefill,code,8,16,previous_window,8,0.6446938528557599,0.11253630203291384,2.0,3.1190964962635905,0.000931140988372093
prefill,code,8,16,static,8,0.5782308809293321,0.03436592449177154,2.0,3.4906921367971067,0.0
prefill,code,8,16,transition,8,0.8028194578896418,0.324298160696999,2.0,2.4976659356376945,0.2786155523255814
prefill,code,8,32,domain_oracle,8,0.8572725072604066,0.49177153920619554,4.0,4.67261103916999,0.0
prefill,code,8,32,previous_window,8,0.8326930058083253,0.4149322362052275,4.0,4.812490817927525,0.001052265019379845
prefill,code,8,32,static,8,0.787512100677638,0.26403678606001935,4.0,5.08587466202332,0.0
prefill,code,8,32,transition,8,0.9319336882865441,0.6881655372700871,4.0,4.294293446121378,0.21218659156976744
prefill,code,9,8,domain_oracle,7,0.47310192227907616,0.0009680542110358179,1.0,2.1416923035862268,0.0
prefill,code,9,8,previous_window,7,0.46724173696584154,0.00013829345871940258,1.0,2.1682977396271075,0.0010035991140642305
prefill,code,9,8,static,7,0.4216913290001383,0.0006914672935970128,1.0,2.3954144537309494,0.0
prefill,code,9,8,transition,7,0.6035818005808326,0.027105517909002903,1.0,1.6645313236088748,0.28533361018826137
prefill,code,9,16,domain_oracle,7,0.6693576268842484,0.17314341031669203,2.0,3.0047052253584092,0.0
prefill,code,9,16,previous_window,7,0.6513449038860462,0.11920896141612501,2.0,3.087007654352401,0.0009084302325581395
prefill,code,9,16,static,7,0.5781012308117826,0.0374775273129581,2.0,3.496018761079566,0.0
prefill,code,9,16,transition,7,0.7967086156824782,0.3233301064859632,2.0,2.516782763842703,0.26896456256921375
prefill,code,9,32,domain_oracle,7,0.8582319181302724,0.4866546812335777,4.0,4.668297948389465,0.0
prefill,code,9,32,previous_window,7,0.8338749827133176,0.41667819112155996,4.0,4.806860823642235,0.0010555094130675526
prefill,code,9,32,static,7,0.787512100677638,0.259715115475038,4.0,5.086815752120075,0.0
prefill,code,9,32,transition,7,0.9258574194440603,0.6689254598257502,4.0,4.322421849910375,0.21284087763012183
prefill,code,10,8,domain_oracle,6,0.47795659890287184,0.000968054211035818,1.0,2.1232435465160835,0.0
prefill,code,10,8,previous_window,6,0.47214827363665696,0.00016134236850596966,1.0,2.1489915493733247,0.0009488049095607234
prefill,code,10,8,static,6,0.4277186189093256,0.0008067118425298483,1.0,2.3623421817905226,0.0
prefill,code,10,8,transition,6,0.5937197483059051,0.023878670538883512,1.0,1.6985680226205921,0.27359899870801035
prefill,code,10,16,domain_oracle,6,0.6766900613101,0.1729590190383995,2.0,2.9724656937746965,0.0
prefill,code,10,16,previous_window,6,0.6587003872216844,0.12165214585350113,2.0,3.0525518422606095,0.0008579618863049096
prefill,code,10,16,static,6,0.5716965150048403,0.03484995159728945,2.0,3.5380277760517735,0.0
prefill,code,10,16,transition,6,0.7849709583736689,0.2881574701516618,2.0,2.5613161059341305,0.25433018410852715
prefill,code,10,32,domain_oracle,6,0.8609027105517909,0.48870603420458214,4.0,4.654776725228323,0.0
prefill,code,10,32,previous_window,6,0.8380525976121329,0.4278799612778315,4.0,4.783747362272414,0.0010396479328165374
prefill,code,10,32,static,6,0.7903557599225556,0.26056792513714105,4.0,5.069323366740998,0.0
prefill,code,10,32,transition,6,0.9151137463697966,0.622297515327525,4.0,4.3768167830810825,0.19396499515503876
prefill,code,11,8,domain_oracle,5,0.499080348499516,0.0009680542110358181,1.0,2.0107456844835836,0.0
prefill,code,11,8,previous_window,5,0.49300580832526625,0.0001936108422071636,1.0,2.035105648721674,0.0008963178294573643
prefill,code,11,8,static,5,0.444215876089061,0.0009680542110358179,1.0,2.2554906041282976,0.0
prefill,code,11,8,transition,5,0.5971442400774443,0.029428848015488868,1.0,1.6821492565358813,0.25690406976744184
prefill,code,11,16,domain_oracle,5,0.6969990319457889,0.1819941916747338,2.0,2.8714822913977196,0.0
prefill,code,11,16,previous_window,5,0.6777105517909002,0.1270087124878993,2.0,2.953401412086712,0.0008599806201550387
prefill,code,11,16,static,5,0.5878025169409486,0.041626331074540175,2.0,3.4312455510206896,0.0
prefill,code,11,16,transition,5,0.7884559535333978,0.2956437560503388,2.0,2.539695127280296,0.24496124031007752
prefill,code,11,32,domain_oracle,5,0.876161665053243,0.5043562439496612,4.0,4.5661145502246345,0.0
prefill,code,11,32,previous_window,5,0.8546466602129719,0.4540174249757986,4.0,4.681009655239717,0.0009932170542635659
prefill,code,11,32,static,5,0.8017182962245887,0.28538238141335914,4.0,4.992590877436608,0.0
prefill,code,11,32,transition,5,0.9137947725072604,0.6116166505324298,4.0,4.379255158343272,0.18462936046511627
prefill,code,12,8,domain_oracle,4,0.5015125847047435,0.000968054211035818,1.0,2.002551789086181,0.0
prefill,code,12,8,previous_window,4,0.49534123910939015,0.0,1.0,2.02699439515278,0.0008781492248062016
prefill,code,12,8,static,4,0.44551669893514034,0.0012100677637947724,1.0,2.2499034977182553,0.0
prefill,code,12,8,transition,4,0.5825568731848983,0.01936108422071636,1.0,1.724467386924085,0.28249152131782945
prefill,code,12,16,domain_oracle,4,0.7016577928363988,0.180784123910939,2.0,2.8522854364911736,0.0
prefill,code,12,16,previous_window,4,0.6816614230396902,0.1287512100677638,2.0,2.9363587120919363,0.0008478682170542636
prefill,code,12,16,static,4,0.5898475314617618,0.039690222652468535,2.0,3.426426458608847,0.0
prefill,code,12,16,transition,4,0.7827928363988383,0.2739593417231365,2.0,2.5586348357187174,0.2483345445736434
prefill,code,12,32,domain_oracle,4,0.879144482090997,0.5079864472410455,4.0,4.55054433591857,0.0
prefill,code,12,32,previous_window,4,0.8569094869312681,0.45498547918683446,4.0,4.668663328351307,0.0009992732558139535
prefill,code,12,32,static,4,0.7999152952565344,0.29670861568247825,4.0,5.004538148029867,0.0
prefill,code,12,32,transition,4,0.9052214424007745,0.5931752178121975,4.0,4.421706976831032,0.18311682412790697
prefill,code,13,8,domain_oracle,3,0.5121006776379478,0.0,1.0,1.9604691895011346,0.0
prefill,code,13,8,previous_window,3,0.5057679896740884,0.0,1.0,1.9843628006643759,0.0008478682170542637
prefill,code,13,8,static,3,0.4554695062923524,0.0016134236850596966,1.0,2.1979305248567518,0.0
prefill,code,13,8,transition,3,0.5833333333333334,0.020651823168764117,1.0,1.7167598034984943,0.24878875968992245
prefill,code,13,16,domain_oracle,3,0.7055098418844788,0.16037431429493385,2.0,2.837005983823523,0.0
prefill,code,13,16,previous_window,3,0.6816715069377218,0.11132623426911907,2.0,2.937098911228801,0.0009488049095607236
prefill,code,13,16,static,3,0.5876895772829945,0.030655050016134236,2.0,3.450603243513095,0.0
prefill,code,13,16,transition,3,0.7673039690222652,0.23330106485963212,2.0,2.6075214272859024,0.23572755167958656
prefill,code,13,32,domain_oracle,3,0.8829864472410455,0.505324298160697,4.0,4.530618854214066,0.0
prefill,code,13,32,previous_window,3,0.8585027428202645,0.44595030655050016,4.0,4.6601774416832145,0.0009790859173126616
prefill,code,13,32,static,3,0.7889641819941917,0.2529848338173604,4.0,5.071632574782822,0.0
prefill,code,13,32,transition,3,0.8943207486285898,0.5430784123910939,4.0,4.473412306330247,0.16606104651162792
prefill,code,14,8,domain_oracle,2,0.4892303969022265,0.0,1.0,2.044391419826539,0.0
prefill,code,14,8,previous_window,2,0.48396660212971926,0.0,1.0,2.0664120424062555,0.0010295542635658916
prefill,code,14,8,static,2,0.4486326234269119,0.0,1.0,2.2311232827713283,0.0
prefill,code,14,8,transition,2,0.5586277831558567,0.009196515004840271,1.0,1.7901042744403044,0.26828972868217055
prefill,code,14,16,domain_oracle,2,0.6916142303969022,0.15827686350435624,2.0,2.8918126060983207,0.0
prefill,code,14,16,previous_window,2,0.6662633107454017,0.11616650532429816,2.0,3.002115758147549,0.0009084302325581396
prefill,code,14,16,static,2,0.5369675701839303,0.00484027105517909,2.0,3.7248074113627068,0.0
prefill,code,14,16,transition,2,0.7319094869312681,0.1979670861568248,2.0,2.7330386768727486,0.26438347868217055
prefill,code,14,32,domain_oracle,2,0.8762705711519845,0.4772507260406583,4.0,4.564826769442051,0.0
prefill,code,14,32,previous_window,2,0.850012100677638,0.4293320425943853,4.0,4.705815575102569,0.0009992732558139535
prefill,code,14,32,static,2,0.7806752178121975,0.23378509196515007,4.0,5.124648802087108,0.0
prefill,code,14,32,transition,2,0.8700992255566311,0.457405614714424,4.0,4.597618800765673,0.16154917635658916
prefill,code,15,8,domain_oracle,1,0.4957647628267183,0.0,1.0,2.017085672443251,0.0
prefill,code,15,8,previous_window,1,0.48814133591481124,0.0,1.0,2.0485870104115023,0.0009689922480620155
prefill,code,15,8,static,1,0.46248789932236206,0.0,1.0,2.162218733647305,0.0
prefill,code,15,8,transition,1,0.5295256534365924,0.00484027105517909,1.0,1.8884826325411335,0.20772771317829458
prefill,code,15,16,domain_oracle,1,0.6894966118102613,0.11713455953533398,2.0,2.900666900666901,0.0
prefill,code,15,16,previous_window,1,0.6596079380445304,0.10939012584704744,2.0,3.032104201064025,0.0010295542635658916
prefill,code,15,16,static,1,0.5331558567279767,0.00968054211035818,2.0,3.7512482977757604,0.0
prefill,code,15,16,transition,1,0.6994191674733785,0.13746369796708616,2.0,2.859515570934256,0.24024951550387597
prefill,code,15,32,domain_oracle,1,0.8783881897386253,0.5188770571151985,4.0,4.553795288607247,0.0
prefill,code,15,32,previous_window,1,0.8501936108422071,0.4443368828654405,4.0,4.704810703102761,0.0009992732558139535
prefill,code,15,32,static,1,0.7704501452081317,0.21878025169409487,4.0,5.191770064394534,0.0
prefill,code,15,32,transition,1,0.8619312681510165,0.4482090997095837,4.0,4.640741260704759,0.15652252906976744
prefill,conversation,1,8,domain_oracle,15,0.16429136975455266,0.0,1.0,6.184224095126194,0.0
prefill,conversation,1,8,previous_window,15,0.1721298495645289,0.0,1.0,5.863795031931773,0.0034325396825396824
prefill,conversation,1,8,static,15,0.13606492478226445,0.0,1.0,7.554727837214875,0.0
prefill,conversation,1,8,transition,15,0.5140142517814728,0.005225653206650831,1.0,2.048121573610842,0.5886111111111112
prefill,conversation,1,16,domain_oracle,15,0.32212984956452895,0.0023752969121140144,2.0,6.242556710369966,0.0
prefill,conversation,1,16,previous_window,15,0.33849960411718133,0.0017418844022169437,2.0,5.927045096478904,0.0024404761904761904
prefill,conversation,1,16,static,15,0.2796318289786223,0.0011084718923198734,2.0,7.221599913142148,0.0
prefill,conversation,1,16,transition,15,0.7225059382422803,0.13174980205859066,2.0,2.8264000263271916,0.47212301587301586
prefill,conversation,1,32,domain_oracle,15,0.6055621536025336,0.04196357878068092,4.0,6.623287674632279,0.0
prefill,conversation,1,32,previous_window,15,0.6142121931908154,0.0494061757719715,4.0,6.521520256744217,0.0013740079365079365
prefill,conversation,1,32,static,15,0.5836698337292161,0.04782264449722882,4.0,6.885526783895841,0.0
prefill,conversation,1,32,transition,15,0.9037212984956453,0.515439429928741,4.0,4.446227173171451,0.295843253968254
prefill,conversation,2,8,domain_oracle,14,0.16264421445537836,0.0,1.0,6.2447001426725635,0.0
prefill,conversation,2,8,previous_window,14,0.17074567356633866,0.0,1.0,5.909658575187144,0.003465136054421769
prefill,conversation,2,8,static,14,0.1351586359009162,0.0,1.0,7.614168762000255,0.0
prefill,conversation,2,8,transition,14,0.49501611808618934,0.0027146250424160165,1.0,2.183540280061664,0.5767431972789117
prefill,conversation,2,16,domain_oracle,14,0.32072870715982355,0.002544960977265015,2.0,6.270432022125943,0.0
prefill,conversation,2,16,previous_window,14,0.3377375296912114,0.0018663047166610112,2.0,5.94127037790864,0.0024659863945578234
prefill,conversation,2,16,static,14,0.2775704105870377,0.0011876484560570072,2.0,7.274345843965378,0.0
prefill,conversation,2,16,transition,14,0.7026849338310146,0.12996267390566676,2.0,2.9501881787797712,0.4578762755102041
prefill,conversation,2,32,domain_oracle,14,0.6031769596199525,0.04190702409229725,4.0,6.649220862225504,0.0
prefill,conversation,2,32,previous_window,14,0.6137385476756023,0.049711571089243296,4.0,6.527139538593373,0.0013764880952380953
prefill,conversation,2,32,static,14,0.5787877502544961,0.04614862572107227,4.0,6.939150802157463,0.0
prefill,conversation,2,32,transition,14,0.8898031896844248,0.492874109263658,4.0,4.528583857193657,0.28721301020408163
prefill,conversation,3,8,domain_oracle,13,0.16501461721176686,0.0,1.0,6.141555108602331,0.0
prefill,conversation,3,8,previous_window,13,0.17287136853645166,0.0,1.0,5.826743706569238,0.003434065934065934
prefill,conversation,3,8,static,13,0.13664809062671296,0.0,1.0,7.535574248623549,0.0
prefill,conversation,3,8,transition,13,0.4779371459894025,0.003654302941713868,1.0,2.214375351491569,0.5671016483516483
prefill,conversation,3,16,domain_oracle,13,0.3243422254704915,0.002740727206285401,2.0,6.190783959753185,0.0
prefill,conversation,3,16,previous_window,13,0.34131189475607526,0.0020098666179426275,2.0,5.870101730588667,0.002426739926739927
prefill,conversation,3,16,static,13,0.2801708386625251,0.0012790060295998539,2.0,7.20278563951448,0.0
prefill,conversation,3,16,transition,13,0.6866206833546501,0.11145623972227298,2.0,2.9810895859067412,0.44714972527472524
prefill,conversation,3,32,domain_oracle,13,0.6036680065777452,0.04312077471222364,4.0,6.645123423766768,0.0
prefill,conversation,3,32,previous_window,13,0.6140370911748584,0.05207381691942262,4.0,6.524695699640139,0.0013907967032967031
prefill,conversation,3,32,static,13,0.5834779828247763,0.047323223095194586,4.0,6.878718506769433,0.0
prefill,conversation,3,32,transition,13,0.8789968938424996,0.45130641330166266,4.0,4.5758366636644805,0.2778960622710623
prefill,conversation,4,8,domain_oracle,12,0.1628068091844814,0.0,1.0,6.218209248789477,0.0
prefill,conversation,4,8,previous_window,12,0.17220902612826605,0.0,1.0,5.851440876424284,0.0033978174603174604
prefill,conversation,4,8,static,12,0.13601049089469516,0.0,1.0,7.586035339986897,0.0
prefill,conversation,4,8,transition,12,0.45890241488519395,0.0015835312747426763,1.0,2.325970068428052,0.5477926587301587
prefill,conversation,4,16,domain_oracle,12,0.32249604117181313,0.0029691211401425177,2.0,6.2256771960451,0.0
prefill,conversation,4,16,previous_window,12,0.33976642913697547,0.0019794140934283454,2.0,5.896130560172925,0.0024305555555555556
prefill,conversation,4,16,static,12,0.2754602137767221,0.0013855898653998416,2.0,7.308014836693303,0.0
prefill,conversation,4,16,transition,12,0.6668398653998416,0.10154394299287411,2.0,3.1005288317079924,0.4387152777777778
prefill,conversation,4,32,domain_oracle,12,0.5989212193190815,0.04077593032462391,4.0,6.694314420691153,0.0
prefill,conversation,4,32,previous_window,12,0.6110698733174981,0.05205859065716548,4.0,6.5553185740617055,0.0014012896825396825
prefill,conversation,4,32,static,12,0.5740548297703879,0.04453681710213777,4.0,6.973400007795331,0.0
prefill,conversation,4,32,transition,12,0.8583976642913697,0.42161520190023755,4.0,4.713902145319239,0.27259424603174603
prefill,conversation,5,8,domain_oracle,11,0.1631397106456489,0.0,1.0,6.212266263265589,0.0
prefill,conversation,5,8,previous_window,11,0.17148024184841287,0.0,1.0,5.878971895143699,0.003409090909090909
prefill,conversation,5,8,static,11,0.1327736989851004,0.0,1.0,7.745948587315055,0.0
prefill,conversation,5,8,transition,11,0.444855322824444,0.0008637443316778234,1.0,2.382709862348895,0.5373647186147186
prefill,conversation,5,16,domain_oracle,11,0.321825739581084,0.0032390412437918376,2.0,6.240465459264649,0.0
prefill,conversation,5,16,previous_window,11,0.33826387389332757,0.002159360829194559,2.0,5.921839398976525,0.0024215367965367963
prefill,conversation,5,16,static,11,0.2732401209242064,0.0012956164975167351,2.0,7.366079191784234,0.0
prefill,conversation,5,16,transition,11,0.6542053552148563,0.09414813215288274,2.0,3.1414926661263483,0.4329410173160173
prefill,conversation,5,32,domain_oracle,11,0.5979270136039733,0.042107536169293885,4.0,6.706623963937132,0.0
prefill,conversation,5,32,previous_window,11,0.610316346361477,0.05441589289570287,4.0,6.564139045842961,0.0014001623376623377
prefill,conversation,5,32,static,11,0.5743629885553876,0.045346577413085724,4.0,6.970130440818822,0.0
prefill,conversation,5,32,transition,11,0.8516789030446987,0.4055279637227381,4.0,4.753826336228357,0.266112012987013
prefill,conversation,6,8,domain_oracle,10,0.163895486935867,0.0,1.0,6.190744797989094,0.0
prefill,conversation,6,8,previous_window,10,0.17289192399049882,0.0,1.0,5.831397386544861,0.003363095238095238
prefill,conversation,6,8,static,10,0.13248218527315914,0.0,1.0,7.783563139700827,0.0
prefill,conversation,6,8,transition,10,0.4298099762470309,0.0007125890736342043,1.0,2.4492295109331854,0.5251785714285714
prefill,conversation,6,16,domain_oracle,10,0.32209026128266033,0.0035629453681710215,2.0,6.237907354028322,0.0
prefill,conversation,6,16,previous_window,10,0.33859857482185274,0.0023752969121140144,2.0,5.916860218306802,0.0023809523809523807
prefill,conversation,6,16,static,10,0.2764548693586698,0.0014251781472684087,2.0,7.2731304607163505,0.0
prefill,conversation,6,16,transition,10,0.6386876484560571,0.09097387173396675,2.0,3.20944812817699,0.4190625
prefill,conversation,6,32,domain_oracle,10,0.6008907363420428,0.04228028503562945,4.0,6.67342011163701,0.0
prefill,conversation,6,32,previous_window,10,0.6122624703087886,0.056057007125890734,4.0,6.543568025804143,0.0013839285714285713
prefill,conversation,6,32,static,10,0.5770783847980998,0.04679334916864608,4.0,6.936161390489419,0.0
prefill,conversation,6,32,transition,10,0.8484263657957245,0.3866983372921615,4.0,4.754338467108289,0.2590401785714286
prefill,conversation,7,8,domain_oracle,9,0.1622129849564529,0.0,1.0,6.258004630896303,0.0
prefill,conversation,7,8,previous_window,9,0.1704275534441805,0.0,1.0,5.9097380060205875,0.00333994708994709
prefill,conversation,7,8,static,9,0.12658353127474267,0.0,1.0,8.04964793300092,0.0
prefill,conversation,7,8,transition,9,0.4176563737133809,0.0007917656373713382,1.0,2.47159827290942,0.5323082010582011
prefill,conversation,7,16,domain_oracle,9,0.32221562417524413,0.003958828186856691,2.0,6.238645132803594,0.0
prefill,conversation,7,16,previous_window,9,0.33917260490894696,0.002639218791237794,2.0,5.907820347440921,0.0023313492063492067
prefill,conversation,7,16,static,9,0.27520453945632095,0.001319609395618897,2.0,7.308867579903847,0.0
prefill,conversation,7,16,transition,9,0.6242082343626287,0.0754816574294009,2.0,3.269278927231812,0.4133101851851852
prefill,conversation,7,32,domain_oracle,9,0.6046120348376881,0.04328318817629981,4.0,6.631609880422307,0.0
prefill,conversation,7,32,previous_window,9,0.6134864080232252,0.05647928213248879,4.0,6.53142675020762,0.0013806216931216931
prefill,conversation,7,32,static,9,0.5746569015571391,0.048033782000527846,4.0,6.964709703419356,0.0
prefill,conversation,7,32,transition,9,0.8408551068883611,0.3610451306413302,4.0,4.79067561356695,0.24889219576719576
prefill,conversation,8,8,domain_oracle,8,0.16018408551068883,0.0,1.0,6.339756041705097,0.0
prefill,conversation,8,8,previous_window,8,0.17076157957244656,0.0,1.0,5.9033225134103295,0.0033110119047619047
prefill,conversation,8,8,static,8,0.12347832541567696,0.0,1.0,8.230363728547603,0.0
prefill,conversation,8,8,transition,8,0.39678592636579574,0.0002969121140142518,1.0,2.560144191499653,0.509077380952381
prefill,conversation,8,16,domain_oracle,8,0.32044239904988125,0.004156769596199525,2.0,6.275316021535552,0.0
prefill,conversation,8,16,previous_window,8,0.3419314133016627,0.0026722090261282663,2.0,5.8579083777624215,0.002232142857142857
prefill,conversation,8,16,static,8,0.27430967933491684,0.0011876484560570072,2.0,7.337092220872374,0.0
prefill,conversation,8,16,transition,8,0.6132719714964371,0.0665083135391924,2.0,3.2868610011487425,0.40625
prefill,conversation,8,32,domain_oracle,8,0.6054038004750594,0.043942992874109264,4.0,6.624829105549537,0.0
prefill,conversation,8,32,previous_window,8,0.6125668052256532,0.05552256532066508,4.0,6.542498805126567,0.0013764880952380951
prefill,conversation,8,32,static,8,0.573894002375297,0.04869358669833729,4.0,6.974357721050252,0.0
prefill,conversation,8,32,transition,8,0.8377375296912114,0.35184085510688834,4.0,4.792211537044896,0.24676339285714285
prefill,conversation,9,8,domain_oracle,7,0.1552002035968782,0.0,1.0,6.513102360339636,0.0
prefill,conversation,9,8,previous_window,7,0.16733118425517476,0.0,1.0,6.0132048236884605,0.0034438775510204083
prefill,conversation,9,8,static,7,0.11974041398031897,0.0,1.0,8.451481449405877,0.0
prefill,conversation,9,8,transition,7,0.3792840176450628,0.00033932813030200206,1.0,2.6764277991828664,0.4895408163265306
prefill,conversation,9,16,domain_oracle,7,0.3199015948422125,0.004750593824228029,2.0,6.290575714826607,0.0
prefill,conversation,9,16,previous_window,7,0.34098235493722434,0.0030539531727180186,2.0,5.8750882798667154,0.002232142857142857
prefill,conversation,9,16,static,7,0.2690872073294876,0.0013573125212080082,2.0,7.466159700099196,0.0
prefill,conversation,9,16,transition,7,0.5837716321683067,0.05463182897862233,2.0,3.4476756936463344,0.39513180272108844
prefill,conversation,9,32,domain_oracle,7,0.6048523922633187,0.03834407872412623,4.0,6.633332957163826,0.0
prefill,conversation,9,32,previous_window,7,0.6151594842212419,0.057007125890736345,4.0,6.515817101677401,0.001360544217687075
prefill,conversation,9,32,static,7,0.5698591788259246,0.040380047505938245,4.0,7.021694820112658,0.0
prefill,conversation,9,32,transition,7,0.8287665422463523,0.3162538174414659,4.0,4.834908081010077,0.24571641156462584
prefill,conversation,10,8,domain_oracle,6,0.1589469517022961,0.0,1.0,6.342840151194154,0.0
prefill,conversation,10,8,previous_window,6,0.17116983372921615,0.0,1.0,5.860398768925975,0.003373015873015873
prefill,conversation,10,8,static,6,0.11747822644497229,0.0,1.0,8.609876093349174,0.0
prefill,conversation,10,8,transition,6,0.34991092636579574,0.0,1.0,2.8983080475361223,0.47098214285714285
prefill,conversation,10,16,domain_oracle,6,0.3249208234362629,0.005146476642913698,2.0,6.188731776587326,0.0
prefill,conversation,10,16,previous_window,6,0.34412114014251777,0.0031670625494853526,2.0,5.819553838031905,0.0021825396825396826
prefill,conversation,10,16,static,6,0.2718230403800475,0.0011876484560570072,2.0,7.391287374361713,0.0
prefill,conversation,10,16,transition,6,0.5493368962787015,0.035233570863024546,2.0,3.662817352716147,0.36976686507936507
prefill,conversation,10,32,domain_oracle,6,0.606146080760095,0.04354711005542359,4.0,6.622362675119773,0.0
prefill,conversation,10,32,previous_window,6,0.618368962787015,0.06373713380839272,4.0,6.483035580590085,0.0013764880952380953
prefill,conversation,10,32,static,6,0.5696258907363421,0.045130641330166275,4.0,7.0249641231182665,0.0
prefill,conversation,10,32,transition,6,0.796021377672209,0.26405384006334126,4.0,5.041612166822709,0.22511160714285716
prefill,conversation,11,8,domain_oracle,5,0.16163895486935867,0.0,1.0,6.236714303881965,0.0
prefill,conversation,11,8,previous_window,5,0.1733372921615202,0.0,1.0,5.785071115303762,0.003333333333333333
prefill,conversation,11,8,static,5,0.11437054631828977,0.0,1.0,8.828279883447578,0.0
prefill,conversation,11,8,transition,5,0.32891923990498817,0.0,1.0,3.155816955545175,0.4339880952380953
prefill,conversation,11,16,domain_oracle,5,0.3234560570071259,0.005225653206650831,2.0,6.2225460496885265,0.0
prefill,conversation,11,16,previous_window,5,0.3435273159144893,0.0028503562945368173,2.0,5.83102662445779,0.002232142857142857
prefill,conversation,11,16,static,5,0.26941805225653204,0.0014251781472684087,2.0,7.460339828313553,0.0
prefill,conversation,11,16,transition,5,0.5260688836104512,0.027553444180522562,2.0,3.8523764726279466,0.35398809523809527
prefill,conversation,11,32,domain_oracle,5,0.6054038004750594,0.03847980997624703,4.0,6.635053321146648,0.0
prefill,conversation,11,32,previous_window,5,0.6234560570071259,0.06365795724465559,4.0,6.430418860954473,0.0013095238095238095
prefill,conversation,11,32,static,5,0.5687054631828978,0.04513064133016627,4.0,7.036782180420308,0.0
prefill,conversation,11,32,transition,5,0.7757125890736342,0.22802850356294538,4.0,5.187902048280837,0.21148809523809523
prefill,conversation,12,8,domain_oracle,4,0.16070368171021376,0.0,1.0,6.284223220965561,0.0
prefill,conversation,12,8,previous_window,4,0.17673693586698336,0.0,1.0,5.666283132047918,0.003199404761904762
prefill,conversation,12,8,static,4,0.1097832541567696,0.0,1.0,9.151680950506341,0.0
prefill,conversation,12,8,transition,4,0.3154691211401425,0.0,1.0,3.2545655045237467,0.4445684523809524
prefill,conversation,12,16,domain_oracle,4,0.32667755344418054,0.005938242280285036,2.0,6.168239923487332,0.0
prefill,conversation,12,16,previous_window,4,0.3489459619952494,0.002969121140142518,2.0,5.735277745516886,0.0021577380952380954
prefill,conversation,12,16,static,4,0.2718230403800475,0.0011876484560570072,2.0,7.400853356820514,0.0
prefill,conversation,12,16,transition,4,0.5001484560570071,0.022565320665083134,2.0,4.091442518253437,0.3335565476190476
prefill,conversation,12,32,domain_oracle,4,0.6054038004750594,0.035629453681710214,4.0,6.642026558250378,0.0
prefill,conversation,12,32,previous_window,4,0.6245546318289786,0.06828978622327792,4.0,6.4226758543705476,0.0013578869047619047
prefill,conversation,12,32,static,4,0.5698485748218527,0.045724465558194774,4.0,7.023346146578016,0.0
prefill,conversation,12,32,transition,4,0.7571258907363421,0.1995249406175772,4.0,5.320828702549983,0.1982142857142857
prefill,conversation,13,8,domain_oracle,3,0.1634996041171813,0.0,1.0,6.190530246537578,0.0
prefill,conversation,13,8,previous_window,3,0.1783452098178939,0.0,1.0,5.616068931389165,0.003174603174603175
prefill,conversation,13,8,static,3,0.10926365795724464,0.0,1.0,9.20846348956401,0.0
prefill,conversation,13,8,transition,3,0.28869754552652416,0.0,1.0,3.5693130022432347,0.41240079365079363
prefill,conversation,13,16,domain_oracle,3,0.3229414093428345,0.0055423594615993665,2.0,6.2512677597288615,0.0
prefill,conversation,13,16,previous_window,3,0.34669437846397466,0.0023752969121140144,2.0,5.772802158185009,0.0021329365079365077
prefill,conversation,13,16,static,3,0.27840459224069675,0.0007917656373713382,2.0,7.223124460055934,0.0
prefill,conversation,13,16,transition,3,0.472486144101346,0.01583531274742676,2.0,4.360402756183469,0.31359126984126984
prefill,conversation,13,32,domain_oracle,3,0.6028305621536025,0.03642121931908155,4.0,6.681378429563861,0.0
prefill,conversation,13,32,previous_window,3,0.6218329374505146,0.06730007917656373,4.0,6.456262941131636,0.0013144841269841269
prefill,conversation,13,32,static,3,0.5703681710213777,0.04671417260490895,4.0,7.018240699791238,0.0
prefill,conversation,13,32,transition,3,0.7302058590657166,0.16389548693586697,4.0,5.510772756320168,0.1861359126984127
prefill,conversation,14,8,domain_oracle,2,0.1530581947743468,0.0,1.0,6.574040136312003,0.0
prefill,conversation,14,8,previous_window,2,0.17339667458432304,0.0,1.0,5.767951977525388,0.0034226190476190476
prefill,conversation,14,8,static,2,0.11460807600950118,0.0,1.0,8.74040607771951,0.0
prefill,conversation,14,8,transition,2,0.25044536817102137,0.0,1.0,4.021784308729012,0.3816964285714286
prefill,conversation,14,16,domain_oracle,2,0.31457838479809974,0.004750593824228029,2.0,6.432845695537348,0.0
prefill,conversation,14,16,previous_window,2,0.3460510688836105,0.0035629453681710215,2.0,5.785483100758741,0.0020089285714285712
prefill,conversation,14,16,static,2,0.292458432304038,0.0,2.0,6.839431648565514,0.0
prefill,conversation,14,16,transition,2,0.45561163895486934,0.0166270783847981,2.0,4.422678374453497,0.3331845238095238
prefill,conversation,14,32,domain_oracle,2,0.6089667458432304,0.029691211401425176,4.0,6.635441198895817,0.0
prefill,conversation,14,32,previous_window,2,0.6255938242280286,0.07244655581947743,4.0,6.428715339681988,0.0012648809523809524
prefill,conversation,14,32,static,2,0.5697743467933492,0.039192399049881234,4.0,7.028140270466078,0.0
prefill,conversation,14,32,transition,2,0.7103622327790974,0.10807600950118765,4.0,5.643631239391411,0.1888392857142857
prefill,conversation,15,8,domain_oracle,1,0.16508313539192399,0.0,1.0,6.057553956834532,0.0
prefill,conversation,15,8,previous_window,1,0.1754750593824228,0.0,1.0,5.698815566835871,0.003273809523809524
prefill,conversation,15,8,static,1,0.11935866983372921,0.0,1.0,8.378109452736318,0.0
prefill,conversation,15,8,transition,1,0.20783847980997625,0.0,1.0,4.811428571428571,0.29732142857142857
prefill,conversation,15,16,domain_oracle,1,0.3485748218527316,0.009501187648456057,2.0,5.737649063032368,0.0
prefill,conversation,15,16,previous_window,1,0.3571852731591449,0.004750593824228029,2.0,5.599334995843724,0.0019345238095238096
prefill,conversation,15,16,static,1,0.28919239904988125,0.0,2.0,6.915811088295688,0.0
prefill,conversation,15,16,transition,1,0.39756532066508316,0.009501187648456057,2.0,5.030619865571322,0.2889880952380952
prefill,conversation,15,32,domain_oracle,1,0.6701306413301663,0.04513064133016627,4.0,5.968985378821444,0.0
prefill,conversation,15,32,previous_window,1,0.6716152019002375,0.09501187648456057,4.0,5.95579133510168,0.0009672619047619048
prefill,conversation,15,32,static,1,0.5887767220902613,0.04513064133016627,4.0,6.793746848209783,0.0
prefill,conversation,15,32,transition,1,0.6805225653206651,0.09026128266033254,4.0,5.87783595113438,0.18794642857142857
prefill,general,1,8,domain_oracle,15,0.2363,0.0,1.0,4.261958471932411,0.0
prefill,general,1,8,previous_window,15,0.21879444444444443,0.0,1.0,4.607745826965813,0.0015176784523015343
prefill,general,1,8,static,15,0.1494277777777778,0.0,1.0,6.8396244047487675,0.0
prefill,general,1,8,transition,15,0.5287388888888889,0.0034222222222222223,1.0,1.972482366038638,0.559078274405159
prefill,general,1,16,domain_oracle,15,0.41567777777777776,0.0030222222222222226,2.0,4.823731589563938,0.0
prefill,general,1,16,previous_window,15,0.38510555555555553,0.0019555555555555554,2.0,5.203957814477973,0.0011424282855236824
prefill,general,1,16,static,15,0.3135888888888889,0.0009777777777777777,2.0,6.4303359488893514,0.0
prefill,general,1,16,transition,15,0.7478166666666667,0.16955555555555557,2.0,2.7219637649223434,0.44153324438514563
prefill,general,1,32,domain_oracle,15,0.6876444444444445,0.0988,4.0,5.823031098271485,0.0
prefill,general,1,32,previous_window,15,0.6647277777777778,0.06964444444444444,4.0,6.022331853331632,0.0006685012230375805
prefill,general,1,32,static,15,0.6204777777777778,0.049244444444444445,4.0,6.450790792916949,0.0
prefill,general,1,32,transition,15,0.9159333333333334,0.5801777777777777,4.0,4.3857094892806865,0.27666360907271514
prefill,general,2,8,domain_oracle,14,0.23620833333333333,0.0,1.0,4.265737687332504,0.0
prefill,general,2,8,previous_window,14,0.21978571428571428,0.0,1.0,4.588296776495498,0.0015248260745258744
prefill,general,2,8,static,14,0.146625,0.0,1.0,6.9495723367386475,0.0
prefill,general,2,8,transition,14,0.5108154761904762,0.00380952380952381,1.0,2.084153846397355,0.5470313542361575
prefill,general,2,16,domain_oracle,14,0.4172202380952381,0.0032380952380952383,2.0,4.805778937040721,0.0
prefill,general,2,16,previous_window,14,0.38617261904761907,0.0020476190476190477,2.0,5.189742541626477,0.0011555322596016391
prefill,general,2,16,static,14,0.3105952380952381,0.001,2.0,6.48779715640998,0.0
prefill,general,2,16,transition,14,0.7274761904761905,0.15519047619047618,2.0,2.823211292313132,0.4310701181740208
prefill,general,2,32,domain_oracle,14,0.6898333333333334,0.10285714285714286,4.0,5.804084743799248,0.0
prefill,general,2,32,previous_window,14,0.6659107142857144,0.07204761904761904,4.0,6.011694682145626,0.0006671114076050701
prefill,general,2,32,static,14,0.618375,0.04961904761904762,4.0,6.471944763150854,0.0
prefill,general,2,32,transition,14,0.9072678571428572,0.5586666666666666,4.0,4.430081094804653,0.26953087772800916
prefill,general,3,8,domain_oracle,13,0.23952564102564103,0.0,1.0,4.19547820795099,0.0
prefill,general,3,8,previous_window,13,0.22182051282051282,0.0,1.0,4.543364698294886,0.0015138297326422743
prefill,general,3,8,static,13,0.14775641025641026,0.0,1.0,6.901036110928709,0.0
prefill,general,3,8,transition,13,0.4898974358974359,0.003076923076923077,1.0,2.157353362673094,0.5394108893108226
prefill,general,3,16,domain_oracle,13,0.4210576923076923,0.0034871794871794873,2.0,4.756635309274343,0.0
prefill,general,3,16,previous_window,13,0.38896153846153847,0.002205128205128205,2.0,5.149288384634695,0.0011353722994817057
prefill,general,3,16,static,13,0.31130128205128205,0.0010769230769230769,2.0,6.476448233901629,0.0
prefill,general,3,16,transition,13,0.7114166666666667,0.1423076923076923,2.0,2.875846766465642,0.42236490993996
prefill,general,3,32,domain_oracle,13,0.692974358974359,0.10682051282051283,4.0,5.776450631997151,0.0
prefill,general,3,32,previous_window,13,0.6693525641025642,0.07476923076923077,4.0,5.978786921322459,0.00065748960845692
prefill,general,3,32,static,13,0.6201089743589743,0.04882051282051282,4.0,6.453379997755789,0.0
prefill,general,3,32,transition,13,0.8988141025641025,0.5299487179487179,4.0,4.471523732491713,0.26035305588340946
prefill,general,4,8,domain_oracle,12,0.2420763888888889,0.0,1.0,4.146218264703188,0.0
prefill,general,4,8,previous_window,12,0.22195138888888888,0.0,1.0,4.543620496554231,0.0015218478985990658
prefill,general,4,8,static,12,0.14698611111111112,0.0,1.0,6.9453368908734054,0.0
prefill,general,4,8,transition,12,0.4682986111111111,0.002111111111111111,1.0,2.29819263478278,0.5180467533911496
prefill,general,4,16,domain_oracle,12,0.42277777777777775,0.0036666666666666666,2.0,4.7367884945165075,0.0
prefill,general,4,16,previous_window,12,0.38987499999999997,0.0023333333333333335,2.0,5.137478642437145,0.001136174116077385
prefill,general,4,16,static,12,0.31018055555555557,0.0011666666666666668,2.0,6.502936959577675,0.0
prefill,general,4,16,transition,12,0.6933888888888888,0.12916666666666668,2.0,2.9630215117604473,0.4128898432288192
prefill,general,4,32,domain_oracle,12,0.6936249999999999,0.10922222222222222,4.0,5.77132188287164,0.0
prefill,general,4,32,previous_window,12,0.6705694444444444,0.07666666666666667,4.0,5.967918999308444,0.0006532132532799644
prefill,general,4,32,static,12,0.6201111111111112,0.04766666666666666,4.0,6.453599508611195,0.0
prefill,general,4,32,transition,12,0.8912430555555555,0.5076666666666666,4.0,4.513181023675382,0.2574528852568379
prefill,general,5,8,domain_oracle,11,0.24077272727272725,0.0,1.0,4.168610606727348,0.0
prefill,general,5,8,previous_window,11,0.21877272727272726,0.0,1.0,4.602830297836238,0.0015313239129116382
prefill,general,5,8,static,11,0.14345454545454547,0.0,1.0,7.087534251927122,0.0
prefill,general,5,8,transition,11,0.45471212121212123,0.0015757575757575756,1.0,2.3929172313406615,0.51052216629268
prefill,general,5,16,domain_oracle,11,0.4218636363636364,0.004,2.0,4.747340520289581,0.0
prefill,general,5,16,previous_window,11,0.3871590909090909,0.0025454545454545456,2.0,5.1713638901848284,0.0011522833404087574
prefill,general,5,16,static,11,0.3084621212121212,0.0012727272727272728,2.0,6.54161414029943,0.0
prefill,general,5,16,transition,11,0.6774848484848485,0.11703030303030304,2.0,3.036520841680752,0.4069834435077931
prefill,general,5,32,domain_oracle,11,0.6956439393939394,0.11357575757575758,4.0,5.75439183232606,0.0
prefill,general,5,32,previous_window,11,0.6696969696969698,0.07824242424242424,4.0,5.975828768219312,0.000648159378979926
prefill,general,5,32,static,11,0.619939393939394,0.048363636363636366,4.0,6.455665994193796,0.0
prefill,general,5,32,transition,11,0.8831818181818182,0.48309090909090907,4.0,4.554142758462004,0.25186867002243923
prefill,general,6,8,domain_oracle,10,0.23991666666666664,0.0,1.0,4.184402148683505,0.0
prefill,general,6,8,previous_window,10,0.22080833333333333,0.0,1.0,4.559123407418266,0.0015010006671114077
prefill,general,6,8,static,10,0.14677500000000002,0.0,1.0,6.889258198661784,0.0
prefill,general,6,8,transition,10,0.4395083333333333,0.0018666666666666669,1.0,2.473528211174664,0.5001917945296864
prefill,general,6,16,domain_oracle,10,0.4208833333333334,0.004200000000000001,2.0,4.758754108998075,0.0
prefill,general,6,16,previous_window,10,0.38898333333333335,0.0027333333333333333,2.0,5.146372427384923,0.0011340893929286191
prefill,general,6,16,static,10,0.31095,0.0014,2.0,6.490515489680533,0.0
prefill,general,6,16,transition,10,0.6644083333333334,0.11166666666666666,2.0,3.095676981387116,0.39612241494329553
prefill,general,6,32,domain_oracle,10,0.6953916666666666,0.1176,4.0,5.756901915534794,0.0
prefill,general,6,32,previous_window,10,0.6728166666666666,0.08273333333333334,4.0,5.946943359998173,0.0006420947298198798
prefill,general,6,32,static,10,0.6207333333333334,0.050466666666666674,4.0,6.4476378223713455,0.0
prefill,general,6,32,transition,10,0.8761416666666667,0.4582,4.0,4.587203106697762,0.24662483322214812
prefill,general,7,8,domain_oracle,9,0.24137037037037037,0.0,1.0,4.1594998157876155,0.0
prefill,general,7,8,previous_window,9,0.21856481481481482,0.0,1.0,4.604650720091296,0.0015102661033281448
prefill,general,7,8,static,9,0.14875925925925926,0.0,1.0,6.792848117022036,0.0
prefill,general,7,8,transition,9,0.44,0.0017037037037037038,1.0,2.3510400184862363,0.5067081758209177
prefill,general,7,16,domain_oracle,9,0.4188148148148148,0.004666666666666667,2.0,4.7818794865494985,0.0
prefill,general,7,16,previous_window,9,0.38922222222222225,0.0030370370370370373,2.0,5.143726556541917,0.001102586909791713
prefill,general,7,16,static,9,0.3139166666666667,0.00044444444444444447,2.0,6.429899454477441,0.0
prefill,general,7,16,transition,9,0.6614907407407408,0.10162962962962964,2.0,3.074126628707501,0.3924792454228745
prefill,general,7,32,domain_oracle,9,0.6930462962962962,0.12066666666666667,4.0,5.776258389517995,0.0
prefill,general,7,32,previous_window,9,0.6722407407407407,0.08762962962962963,4.0,5.95219206502583,0.0006323660217923059
prefill,general,7,32,static,9,0.6217407407407407,0.052222222222222225,4.0,6.437429854103191,0.0
prefill,general,7,32,transition,9,0.8692777777777778,0.4402222222222222,4.0,4.62158366742873,0.24079942183678005
prefill,general,8,8,domain_oracle,8,0.24076041666666667,0.0,1.0,4.171823079563098,0.0
prefill,general,8,8,previous_window,8,0.21445833333333333,0.0,1.0,4.68304942834931,0.0015531187458305536
prefill,general,8,8,static,8,0.14789583333333334,0.0,1.0,6.838956272977414,0.0
prefill,general,8,8,transition,8,0.422875,0.00075,1.0,2.429793125558222,0.48660565376917947
prefill,general,8,16,domain_oracle,8,0.41532291666666665,0.004333333333333333,2.0,4.820017332273054,0.0
prefill,general,8,16,previous_window,8,0.38808333333333334,0.003,2.0,5.159077313348149,0.0011049032688458973
prefill,general,8,16,static,8,0.31476041666666665,0.0005,2.0,6.419746490193796,0.0
prefill,general,8,16,transition,8,0.65059375,0.08333333333333333,2.0,3.1051748790226594,0.3843656187458306
prefill,general,8,32,domain_oracle,8,0.6905625,0.12333333333333334,4.0,5.796946445075074,0.0
prefill,general,8,32,previous_window,8,0.6725729166666667,0.09216666666666666,4.0,5.949483030216909,0.0006228110406937959
prefill,general,8,32,static,8,0.62146875,0.05341666666666667,4.0,6.44071951147047,0.0
prefill,general,8,32,transition,8,0.8666041666666666,0.4281666666666667,4.0,4.627094539106152,0.24191648599066046
prefill,general,9,8,domain_oracle,7,0.2429047619047619,0.0,1.0,4.134986541174469,0.0
prefill,general,9,8,previous_window,7,0.21369047619047618,0.0,1.0,4.702213534922769,0.001572476889354808
prefill,general,9,8,static,7,0.1476785714285714,0.0,1.0,6.859850910651583,0.0
prefill,general,9,8,transition,7,0.4079047619047619,0.0010476190476190477,1.0,2.505050953272747,0.46826455732393024
prefill,general,9,16,domain_oracle,7,0.4129285714285714,0.004476190476190476,2.0,4.847343131083794,0.0
prefill,general,9,16,previous_window,7,0.38704761904761903,0.002666666666666667,2.0,5.1733709406224095,0.0011078814447727057
prefill,general,9,16,static,7,0.3160119047619047,0.00047619047619047624,2.0,6.403146315590296,0.0
prefill,general,9,16,transition,7,0.6289285714285714,0.07428571428571429,2.0,3.205821360748055,0.3758517583150672
prefill,general,9,32,domain_oracle,7,0.6888928571428572,0.12771428571428572,4.0,5.811370620644209,0.0
prefill,general,9,32,previous_window,7,0.6730714285714285,0.09495238095238094,4.0,5.945362240394507,0.0006283951205565615
prefill,general,9,32,static,7,0.6205119047619048,0.04561904761904762,4.0,6.451145613078786,0.0
prefill,general,9,32,transition,7,0.8588333333333333,0.40276190476190477,4.0,4.6639185484778025,0.24159856571047364
prefill,general,10,8,domain_oracle,6,0.2454722222222222,0.0,1.0,4.091550232102814,0.0
prefill,general,10,8,previous_window,6,0.21634722222222222,0.0,1.0,4.643100788636192,0.0015843895930620414
prefill,general,10,8,static,6,0.1475,0.0,1.0,6.882711216488471,0.0
prefill,general,10,8,transition,6,0.3840277777777778,0.0006666666666666666,1.0,2.6422962208051866,0.4504530798309984
prefill,general,10,16,domain_oracle,6,0.4152777777777778,0.004222222222222222,2.0,4.81946265418475,0.0
prefill,general,10,16,previous_window,6,0.3907777777777777,0.002777777777777778,2.0,5.121522648276419,0.0011188014231710028
prefill,general,10,16,static,6,0.3254861111111111,0.0005555555555555556,2.0,6.1841637347481635,0.0
prefill,general,10,16,transition,6,0.6002916666666667,0.05111111111111111,2.0,3.357327163203909,0.3549588614631977
prefill,general,10,32,domain_oracle,6,0.6915416666666667,0.13444444444444445,4.0,5.789342990058164,0.0
prefill,general,10,32,previous_window,6,0.6755833333333333,0.10133333333333333,4.0,5.923084721189741,0.0006254169446297532
prefill,general,10,32,static,6,0.6221666666666666,0.04766666666666667,4.0,6.434484494545241,0.0
prefill,general,10,32,transition,6,0.835125,0.3418888888888889,4.0,4.802637161730911,0.22115785523682455
prefill,general,11,8,domain_oracle,5,0.24596666666666667,0.0,1.0,4.086815011033666,0.0
prefill,general,11,8,previous_window,5,0.21643333333333334,0.0,1.0,4.645437658057757,0.0016177451634422947
prefill,general,11,8,static,5,0.14598333333333333,0.0,1.0,6.96962422819025,0.0
prefill,general,11,8,transition,5,0.3626333333333333,0.0008,1.0,2.8352355046721884,0.422231487658439
prefill,general,11,16,domain_oracle,5,0.41646666666666665,0.004666666666666667,2.0,4.806156487953295,0.0
prefill,general,11,16,previous_window,5,0.3926333333333333,0.003333333333333333,2.0,5.097334386319645,0.0011090727151434289
prefill,general,11,16,static,5,0.3285166666666667,0.0006666666666666668,2.0,6.132059854415304,0.0
prefill,general,11,16,transition,5,0.5732666666666667,0.0456,2.0,3.531069249958945,0.3378752501667779
prefill,general,11,32,domain_oracle,5,0.6973833333333334,0.13413333333333333,4.0,5.739360556363707,0.0
prefill,general,11,32,previous_window,5,0.6788833333333334,0.09666666666666666,4.0,5.893894610174181,0.0006254169446297532
prefill,general,11,32,static,5,0.6249666666666667,0.05226666666666667,4.0,6.4059525088283635,0.0
prefill,general,11,32,transition,5,0.8149333333333333,0.3082666666666667,4.0,4.924912665858114,0.2111699466310874
prefill,general,12,8,domain_oracle,4,0.24808333333333332,0.0,1.0,4.055887184844714,0.0
prefill,general,12,8,previous_window,4,0.219875,0.0,1.0,4.57324444099325,0.0015843895930620414
prefill,general,12,8,static,4,0.14166666666666666,0.0,1.0,7.180636717090798,0.0
prefill,general,12,8,transition,4,0.3426666666666667,0.0003333333333333333,1.0,2.9849727317236456,0.4328927618412275
prefill,general,12,16,domain_oracle,4,0.4185625,0.0038333333333333336,2.0,4.782455667119482,0.0
prefill,general,12,16,previous_window,4,0.39589583333333334,0.003,2.0,5.054434173898458,0.0011153268845897264
prefill,general,12,16,static,4,0.331125,0.0,2.0,6.093159701435425,0.0
prefill,general,12,16,transition,4,0.5545416666666667,0.03916666666666667,2.0,3.6807356796721025,0.3226213308872582
prefill,general,12,32,domain_oracle,4,0.7016249999999999,0.13366666666666666,4.0,5.7045130040890495,0.0
prefill,general,12,32,previous_window,4,0.6765416666666667,0.093,4.0,5.914407855888812,0.0006566877918612408
prefill,general,12,32,static,4,0.6285625,0.05483333333333333,4.0,6.36966255496544,0.0
prefill,general,12,32,transition,4,0.8006041666666667,0.2911666666666667,4.0,5.019596730433528,0.20292173949299533
prefill,general,13,8,domain_oracle,3,0.24508333333333332,0.0,1.0,4.111253145433146,0.0
prefill,general,13,8,previous_window,3,0.21725000000000003,0.0,1.0,4.6340661335453355,0.0016121859017122527
prefill,general,13,8,static,3,0.13166666666666668,0.0,1.0,7.632434716638865,0.0
prefill,general,13,8,transition,3,0.3110555555555556,0.0,1.0,3.3025348373290195,0.4069379586390927
prefill,general,13,16,domain_oracle,3,0.41855555555555557,0.003777777777777778,2.0,4.783933855183797,0.0
prefill,general,13,16,previous_window,3,0.39797222222222217,0.0022222222222222222,2.0,5.028381578884855,0.00111185234600845
prefill,general,13,16,static,3,0.32908333333333334,0.0,2.0,6.147440017036213,0.0
prefill,general,13,16,transition,3,0.5211666666666667,0.02888888888888889,2.0,3.932749953420259,0.30727429397376027
prefill,general,13,32,domain_oracle,3,0.7067777777777778,0.13155555555555556,4.0,5.6628548418215905,0.0
prefill,general,13,32,previous_window,3,0.6785833333333334,0.0908888888888889,4.0,5.897064213901056,0.0006671114076050701
prefill,general,13,32,static,3,0.6331944444444444,0.059777777777777784,4.0,6.323686009657462,0.0
prefill,general,13,32,transition,3,0.7778055555555555,0.24844444444444444,4.0,5.172976124377856,0.18685373582388257
prefill,general,14,8,domain_oracle,2,0.257,0.0,1.0,3.906992712500001,0.0
prefill,general,14,8,previous_window,2,0.22758333333333333,0.0,1.0,4.4076485856507714,0.0015843895930620414
prefill,general,14,8,static,2,0.138,0.0,1.0,7.246971402689388,0.0
prefill,general,14,8,transition,2,0.2759166666666667,0.0,1.0,3.6256800203239568,0.37112241494329556
prefill,general,14,16,domain_oracle,2,0.428,0.004,2.0,4.673815711883286,0.0
prefill,general,14,16,previous_window,2,0.40412499999999996,0.002666666666666667,2.0,4.949659663055027,0.0011257505003335556
prefill,general,14,16,static,2,0.3510416666666667,0.0,2.0,5.714438809890964,0.0
prefill,general,14,16,transition,2,0.518875,0.024,2.0,3.862219688233199,0.3204219479653102
prefill,general,14,32,domain_oracle,2,0.7134166666666666,0.14633333333333332,4.0,5.610360128630006,0.0
prefill,general,14,32,previous_window,2,0.6869583333333333,0.101,4.0,5.823687481768229,0.0006462641761174116
prefill,general,14,32,static,2,0.6407083333333333,0.063,4.0,6.250155598471096,0.0
prefill,general,14,32,transition,2,0.7737916666666667,0.23099999999999998,4.0,5.179472876865152,0.1913567378252168
prefill,general,15,8,domain_oracle,1,0.27341666666666664,0.0,1.0,3.65742151782993,0.0
prefill,general,15,8,previous_window,1,0.24025,0.0,1.0,4.1623309053069715,0.0015843895930620414
prefill,general,15,8,static,1,0.13925,0.0,1.0,7.1813285457809695,0.0
prefill,general,15,8,transition,1,0.24508333333333332,0.0,1.0,4.080244814688881,0.3129586390927285
prefill,general,15,16,domain_oracle,1,0.434,0.002,2.0,4.608294930875576,0.0
prefill,general,15,16,previous_window,1,0.40891666666666665,0.002,2.0,4.890972080701039,0.0011257505003335556
prefill,general,15,16,static,1,0.37025,0.0,2.0,5.401755570560432,0.0
prefill,general,15,16,transition,1,0.49466666666666664,0.018,2.0,4.0431266846361185,0.29015176784523017
prefill,general,15,32,domain_oracle,1,0.7313333333333333,0.19333333333333333,4.0,5.469462169553327,0.0
prefill,general,15,32,previous_window,1,0.6955833333333333,0.12933333333333333,4.0,5.750569066730562,0.00066711140760507
prefill,general,15,32,static,1,0.66225,0.05733333333333333,4.0,6.04001510003775,0.0
prefill,general,15,32,transition,1,0.7619166666666667,0.182,4.0,5.249917970031718,0.19911190793862574
prefill,math,1,8,domain_oracle,15,0.31023901808785526,0.0,1.0,3.276382506171458,0.0
prefill,math,1,8,previous_window,15,0.2969799741602067,0.0,1.0,3.4352283968411244,0.0018932038834951455
prefill,math,1,8,static,15,0.20227713178294576,0.0,1.0,5.228752252037807,0.0
prefill,math,1,8,transition,15,0.5667797157622739,0.006459948320413437,1.0,1.8455625419217063,0.5639805825242719
prefill,math,1,16,domain_oracle,15,0.4934431524547804,0.018475452196382428,2.0,4.080227926069713,0.0
prefill,math,1,16,previous_window,15,0.471156330749354,0.012790697674418604,2.0,4.286877390966016,0.0016262135922330096
prefill,math,1,16,static,15,0.3607396640826873,0.0012919896640826874,2.0,5.65854494933625,0.0
prefill,math,1,16,transition,15,0.7873708010335918,0.23410852713178296,2.0,2.5885303528053205,0.45349514563106796
prefill,math,1,32,domain_oracle,15,0.7592700258397933,0.18488372093023256,4.0,5.28041690841485,0.0
prefill,math,1,32,previous_window,15,0.7353520671834626,0.1437984496124031,4.0,5.454370400955596,0.0009951456310679611
prefill,math,1,32,static,15,0.6496608527131783,0.06873385012919897,4.0,6.19030741751665,0.0
prefill,math,1,32,transition,15,0.9406330749354005,0.6869509043927648,4.0,4.268869366782969,0.2806472491909385
prefill,math,2,8,domain_oracle,14,0.31431686046511625,0.0,1.0,3.228249882723008,0.0
prefill,math,2,8,previous_window,14,0.30092400332225916,0.0,1.0,3.385153814823334,0.001820388349514563
prefill,math,2,8,static,14,0.2040593853820598,0.0,1.0,5.199424251305144,0.0
prefill,math,2,8,transition,14,0.5470826411960134,0.005952380952380952,1.0,1.9453645480591069,0.5474167822468793
prefill,math,2,16,domain_oracle,14,0.49825235326688816,0.019795127353266887,2.0,4.036417356832184,0.0
prefill,math,2,16,previous_window,14,0.47658845514950166,0.013704318936877078,2.0,4.231516833230428,0.001569001386962552
prefill,math,2,16,static,14,0.3625761351052049,0.0013842746400885935,2.0,5.636324500257231,0.0
prefill,math,2,16,transition,14,0.7656423034330011,0.21124031007751937,2.0,2.697997084027093,0.4373526352288488
prefill,math,2,32,domain_oracle,14,0.7637562292358805,0.19421373200442968,4.0,5.247353519885476,0.0
prefill,math,2,32,previous_window,14,0.73968715393134,0.15130121816168327,4.0,5.420475083352654,0.0009622052704576976
prefill,math,2,32,static,14,0.6505571705426357,0.07032115171650055,4.0,6.184020304753717,0.0
prefill,math,2,32,transition,14,0.9329665005537099,0.655592469545958,4.0,4.31022101474009,0.27403346047156724
prefill,math,3,8,domain_oracle,13,0.3173822301729278,0.0,1.0,3.19631337088413,0.0
prefill,math,3,8,previous_window,13,0.30426356589147285,0.0,1.0,3.3468311073305492,0.001755041075429425
prefill,math,3,8,static,13,0.20935822898032203,0.0,1.0,5.030314619685109,0.0
prefill,math,3,8,transition,13,0.5355359272510435,0.005963029218843173,1.0,1.9163032520083485,0.5396004480955937
prefill,math,3,16,domain_oracle,13,0.501621198568873,0.02131782945736434,2.0,4.008383855168136,0.0
prefill,math,3,16,previous_window,13,0.48175685748360164,0.014758497316636853,2.0,4.181232966510328,0.0015123226288274831
prefill,math,3,16,static,13,0.37099358974358976,0.0014907573047107932,2.0,5.462158810361671,0.0
prefill,math,3,16,transition,13,0.7590004472271914,0.18276684555754322,2.0,2.6701646167245228,0.4261762509335325
prefill,math,3,32,domain_oracle,13,0.768299045915325,0.20408467501490757,4.0,5.214367069065656,0.0
prefill,math,3,32,previous_window,13,0.7446705426356589,0.16055456171735244,4.0,5.381528802006928,0.0009148618371919343
prefill,math,3,32,static,13,0.6584302325581396,0.07304710793082886,4.0,6.098444246752346,0.0
prefill,math,3,32,transition,13,0.9308288610614193,0.6325283243887895,4.0,4.308559095103181,0.2641290141896938
prefill,math,4,8,domain_oracle,12,0.31990875322997414,0.0,1.0,3.1723774598080183,0.0
prefill,math,4,8,previous_window,12,0.307937661498708,0.0,1.0,3.305435748025227,0.0016181229773462782
prefill,math,4,8,static,12,0.20930232558139536,0.0,1.0,5.0527370317638285,0.0
prefill,math,4,8,transition,12,0.5176235465116279,0.006298449612403101,1.0,1.9986585476373346,0.5222694174757282
prefill,math,4,16,domain_oracle,12,0.5036135335917312,0.023094315245478034,2.0,3.9935314617600715,0.0
prefill,math,4,16,previous_window,12,0.4843548126614987,0.015988372093023256,2.0,4.159776573934576,0.001476537216828479
prefill,math,4,16,static,12,0.3660368217054264,0.001614987080103359,2.0,5.530169324618503,0.0
prefill,math,4,16,transition,12,0.7375847868217055,0.166828165374677,2.0,2.7573303094469197,0.4182544498381877
prefill,math,4,32,domain_oracle,12,0.7690164728682171,0.20558785529715762,4.0,5.210122147950378,0.0
prefill,math,4,32,previous_window,12,0.7455991602067183,0.16295219638242894,4.0,5.3755641722314165,0.0008950242718446601
prefill,math,4,32,static,12,0.6540899547803618,0.07057493540051679,4.0,6.137503713047511,0.0
prefill,math,4,32,transition,12,0.9202802002583979,0.6056201550387597,4.0,4.363469329862892,0.25779227346278316
prefill,math,5,8,domain_oracle,11,0.31941508104298805,0.0,1.0,3.181346723229271,0.0
prefill,math,5,8,previous_window,11,0.3086680761099366,0.0,1.0,3.302801694276897,0.0015445719329214474
prefill,math,5,8,static,11,0.20996300211416488,0.0,1.0,5.062109463036014,0.0
prefill,math,5,8,transition,11,0.5063865398167724,0.006342494714587738,1.0,2.0120899772496177,0.5124227714033539
prefill,math,5,16,domain_oracle,11,0.5028629316420014,0.024665257223396755,2.0,4.001376059217329,0.0
prefill,math,5,16,previous_window,11,0.48354915433403806,0.016560958421423536,2.0,4.169300824002928,0.0014894086496028242
prefill,math,5,16,static,11,0.36453928823114873,0.0017618040873854828,2.0,5.557582380267798,0.0
prefill,math,5,16,transition,11,0.72482822410148,0.1638477801268499,2.0,2.792723408769923,0.41000661959399826
prefill,math,5,32,domain_oracle,11,0.7677281536293165,0.20595489781536294,4.0,5.219466829341813,0.0
prefill,math,5,32,previous_window,11,0.7445604298801972,0.16525722339675827,4.0,5.383902733343363,0.0008881288614298323
prefill,math,5,32,static,11,0.6551708949964764,0.07276250880902044,4.0,6.129222870253676,0.0
prefill,math,5,32,transition,11,0.9169309372797745,0.594785059901339,4.0,4.378430812812446,0.2530891438658429
prefill,math,6,8,domain_oracle,10,0.3162306201550388,0.0,1.0,3.214791740379785,0.0
prefill,math,6,8,previous_window,10,0.30564437984496123,0.0,1.0,3.338013958057696,0.001504854368932039
prefill,math,6,8,static,10,0.20729166666666665,0.0,1.0,5.145802497364181,0.0
prefill,math,6,8,transition,10,0.4867490310077519,0.0031007751937984496,1.0,2.080670732603906,0.500242718446602
prefill,math,6,16,domain_oracle,10,0.499515503875969,0.02422480620155039,2.0,4.028613936141772,0.0
prefill,math,6,16,previous_window,10,0.4815164728682171,0.015891472868217054,2.0,4.189307829480144,0.0014441747572815533
prefill,math,6,16,static,10,0.3658914728682171,0.001937984496124031,2.0,5.543568361565799,0.0
prefill,math,6,16,transition,10,0.7088178294573643,0.1558139534883721,2.0,2.8515795747254127,0.3964320388349515
prefill,math,6,32,domain_oracle,10,0.7664728682170543,0.20678294573643413,4.0,5.228777684893194,0.0
prefill,math,6,32,previous_window,10,0.7437015503875969,0.16744186046511628,4.0,5.391189758044698,0.0008798543689320388
prefill,math,6,32,static,10,0.6544331395348838,0.07422480620155039,4.0,6.138415724006648,0.0
prefill,math,6,32,transition,10,0.9100048449612403,0.5699612403100776,4.0,4.4072772408400605,0.24364077669902912
prefill,math,7,8,domain_oracle,9,0.30714362618432384,0.0,1.0,3.2928266919888998,0.0
prefill,math,7,8,previous_window,9,0.29556955211024977,0.0,1.0,3.428545799634875,0.0015372168284789644
prefill,math,7,8,static,9,0.19385228251507322,0.0,1.0,5.379058945410795,0.0
prefill,math,7,8,transition,9,0.46678509905254095,0.003875968992248062,1.0,2.179946097264806,0.5002157497303128
prefill,math,7,16,domain_oracle,9,0.49074074074074076,0.026916451335055987,2.0,4.092094769917434,0.0
prefill,math,7,16,previous_window,9,0.47179155900086134,0.017226528854435832,2.0,4.264265688211938,0.001442826321467098
prefill,math,7,16,static,9,0.35637381567614124,0.0017226528854435831,2.0,5.667388785144642,0.0
prefill,math,7,16,transition,9,0.6915374677002584,0.15482342807924204,2.0,2.937405487999748,0.393554476806904
prefill,math,7,32,domain_oracle,9,0.7585055986218777,0.19121447028423771,4.0,5.279502501519091,0.0
prefill,math,7,32,previous_window,9,0.737510766580534,0.1640826873385013,4.0,5.43425124631229,0.000849514563106796
prefill,math,7,32,static,9,0.6462639965546942,0.07708871662360034,4.0,6.2099239233277785,0.0
prefill,math,7,32,transition,9,0.8963716623600345,0.5378983634797588,4.0,4.479686305529076,0.2389765372168285
prefill,math,8,8,domain_oracle,8,0.3044452519379845,0.0,1.0,3.3241794757977554,0.0
prefill,math,8,8,previous_window,8,0.2917877906976744,0.0,1.0,3.4734709019126546,0.0015473300970873787
prefill,math,8,8,static,8,0.18946826550387597,0.0,1.0,5.5054095675553985,0.0
prefill,math,8,8,transition,8,0.4460998062015504,0.0012112403100775194,1.0,2.2518288111297826,0.4796116504854369
prefill,math,8,16,domain_oracle,8,0.48576792635658916,0.02567829457364341,2.0,4.132373739444786,0.0
prefill,math,8,16,previous_window,8,0.4660247093023256,0.017199612403100775,2.0,4.314604792596708,0.001486650485436893
prefill,math,8,16,static,8,0.3561652131782946,0.001937984496124031,2.0,5.677571517252539,0.0
prefill,math,8,16,transition,8,0.681655765503876,0.13541666666666666,2.0,2.9457418128420594,0.3861195388349514
prefill,math,8,32,domain_oracle,8,0.752937257751938,0.18410852713178294,4.0,5.3168158798198375,0.0
prefill,math,8,32,previous_window,8,0.7312863372093024,0.15770348837209303,4.0,5.478455729024404,0.0008874393203883495
prefill,math,8,32,static,8,0.6468326065891473,0.0809108527131783,4.0,6.207002465838881,0.0
prefill,math,8,32,transition,8,0.896499515503876,0.5402131782945736,4.0,4.4671372961784055,0.23777305825242717
prefill,math,9,8,domain_oracle,7,0.29779208194905865,0.0,1.0,3.3920820746768787,0.0
prefill,math,9,8,previous_window,7,0.28512596899224807,0.0,1.0,3.547551978707008,0.0015603328710124826
prefill,math,9,8,static,7,0.1801979512735327,0.0,1.0,5.730263995573517,0.0
prefill,math,9,8,transition,7,0.4237264673311185,0.002768549280177187,1.0,2.378088902228402,0.4630721220527046
prefill,math,9,16,domain_oracle,7,0.4804125138427464,0.021871539313399777,2.0,4.176681099048008,0.0
prefill,math,9,16,previous_window,7,0.45885243632336653,0.013289036544850499,2.0,4.377514413366541,0.0015256588072122053
prefill,math,9,16,static,7,0.34554955703211515,0.0022148394241417496,2.0,5.824934214105803,0.0
prefill,math,9,16,transition,7,0.6479443521594684,0.11046511627906977,2.0,3.106312879804507,0.37635228848821084
prefill,math,9,32,domain_oracle,7,0.749031007751938,0.17718715393133996,4.0,5.3440241092472425,0.0
prefill,math,9,32,previous_window,7,0.7270210409745294,0.15088593576965667,4.0,5.510342057140922,0.0009015256588072122
prefill,math,9,32,static,7,0.6370085825027686,0.06616832779623477,4.0,6.295187265340189,0.0
prefill,math,9,32,transition,7,0.8823020487264673,0.4903100775193799,4.0,4.540378704628338,0.2341626213592233
prefill,math,10,8,domain_oracle,6,0.297359496124031,0.0,1.0,3.402590377445606,0.0
prefill,math,10,8,previous_window,6,0.2839954780361757,0.0,1.0,3.567856284978369,0.0016585760517799353
prefill,math,10,8,static,6,0.1753875968992248,0.0,1.0,5.888088991359524,0.0
prefill,math,10,8,transition,6,0.3978116925064599,0.003229974160206718,1.0,2.538760589165024,0.4484223300970874
prefill,math,10,16,domain_oracle,6,0.48231589147286824,0.025516795865633074,2.0,4.162050813903117,0.0
prefill,math,10,16,previous_window,6,0.45845445736434104,0.015180878552971575,2.0,4.384411073297379,0.0015574433656957928
prefill,math,10,16,static,6,0.3454861111111111,0.002583979328165375,2.0,5.832171148949768,0.0
prefill,math,10,16,transition,6,0.6129279715762274,0.08624031007751938,2.0,3.2892801134736125,0.35586569579288024
prefill,math,10,32,domain_oracle,6,0.7489098837209301,0.1812015503875969,4.0,5.345518703653284,0.0
prefill,math,10,32,previous_window,6,0.7255733204134368,0.14825581395348839,4.0,5.522575007834423,0.0009304207119741099
prefill,math,10,32,static,6,0.6414728682170543,0.07655038759689922,4.0,6.251888120268862,0.0
prefill,math,10,32,transition,6,0.8656330749354005,0.4509043927648579,4.0,4.631286605581568,0.2177083333333333
prefill,math,11,8,domain_oracle,5,0.3062015503875969,0.0,1.0,3.293060606044775,0.0
prefill,math,11,8,previous_window,5,0.29161821705426355,0.0,1.0,3.4680285271957176,0.0016019417475728157
prefill,math,11,8,static,5,0.17708333333333334,0.0,1.0,5.867448444203272,0.0
prefill,math,11,8,transition,5,0.3748546511627907,0.0050387596899224806,1.0,2.68911190148306,0.42140776699029125
prefill,math,11,16,domain_oracle,5,0.4908914728682171,0.03062015503875969,2.0,4.084207393442286,0.0
prefill,math,11,16,previous_window,5,0.46487403100775193,0.017054263565891473,2.0,4.323111469775037,0.001553398058252427
prefill,math,11,16,static,5,0.34704457364341085,0.0031007751937984496,2.0,5.814100357218917,0.0
prefill,math,11,16,transition,5,0.5931201550387597,0.07868217054263567,2.0,3.3775868112560636,0.34080097087378636
prefill,math,11,32,domain_oracle,5,0.7540697674418604,0.1802325581395349,4.0,5.308290786092485,0.0
prefill,math,11,32,previous_window,5,0.7294089147286822,0.15465116279069768,4.0,5.494579721335464,0.0009223300970873786
prefill,math,11,32,static,5,0.6460271317829458,0.07945736434108527,4.0,6.209235203993737,0.0
prefill,math,11,32,transition,5,0.8493701550387597,0.38953488372093026,4.0,4.714337110239818,0.20785194174757282
prefill,math,12,8,domain_oracle,4,0.3005692829457364,0.0,1.0,3.3558246521764548,0.0
prefill,math,12,8,previous_window,4,0.28215843023255816,0.0,1.0,3.5762121295828826,0.0016990291262135922
prefill,math,12,8,static,4,0.1647892441860465,0.0,1.0,6.229385501720899,0.0
prefill,math,12,8,transition,4,0.3547722868217054,0.00048449612403100775,1.0,2.852360996105574,0.4299757281553398
prefill,math,12,16,domain_oracle,4,0.48576792635658916,0.03246124031007752,2.0,4.127523571504421,0.0
prefill,math,12,16,previous_window,4,0.4563347868217054,0.015988372093023256,2.0,4.40194758964598,0.0016383495145631068
prefill,math,12,16,static,4,0.3326065891472868,0.0,2.0,6.0324369366493205,0.0
prefill,math,12,16,transition,4,0.5451187015503876,0.05862403100775194,2.0,3.702902388844085,0.33106796116504855
prefill,math,12,32,domain_oracle,4,0.7520591085271318,0.1739341085271318,4.0,5.323221079564112,0.0
prefill,math,12,32,previous_window,4,0.7244428294573644,0.14777131782945735,4.0,5.5335980755296585,0.0009101941747572816
prefill,math,12,32,static,4,0.6334786821705427,0.06831395348837209,4.0,6.325218326495303,0.0
prefill,math,12,32,transition,4,0.8216448643410853,0.3376937984496124,4.0,4.876962393094686,0.19912014563106797
prefill,math,13,8,domain_oracle,3,0.28641795865633074,0.0,1.0,3.502681457139228,0.0
prefill,math,13,8,previous_window,3,0.268249354005168,0.0,1.0,3.739113056347359,0.0018608414239482199
prefill,math,13,8,static,3,0.16182170542635657,0.0,1.0,6.386739943717127,0.0
prefill,math,13,8,transition,3,0.32881136950904394,0.0,1.0,3.0654086686692987,0.3911003236245955
prefill,math,13,16,domain_oracle,3,0.47666343669250644,0.03617571059431524,2.0,4.204025762950181,0.0
prefill,math,13,16,previous_window,3,0.4475129198966408,0.01808785529715762,2.0,4.488430537658096,0.0015776699029126215
prefill,math,13,16,static,3,0.33527131782945735,0.0,2.0,5.989517905582179,0.0
prefill,math,13,16,transition,3,0.5239018087855297,0.053617571059431525,2.0,3.8597303681905797,0.3108009708737864
prefill,math,13,32,domain_oracle,3,0.748062015503876,0.17829457364341084,4.0,5.352542500505268,0.0
prefill,math,13,32,previous_window,3,0.7221414728682171,0.15180878552971577,4.0,5.5550105288833125,0.000889967637540453
prefill,math,13,32,static,3,0.6261304909560724,0.05232558139534884,4.0,6.399625913523671,0.0
prefill,math,13,32,transition,3,0.790859173126615,0.2525839793281654,4.0,5.063820461688809,0.1823220064724919
prefill,math,14,8,domain_oracle,2,0.2754360465116279,0.0,1.0,3.6326553357481193,0.0
prefill,math,14,8,previous_window,2,0.2581153100775194,0.0,1.0,3.8756721034127257,0.0018203883495145632
prefill,math,14,8,static,2,0.1501937984496124,0.0,1.0,6.878539234947418,0.0
prefill,math,14,8,transition,2,0.2612645348837209,0.0,1.0,3.9153340134379286,0.36250000000000004
prefill,math,14,16,domain_oracle,2,0.4616036821705426,0.035852713178294575,2.0,4.33280728687269,0.0
prefill,math,14,16,previous_window,2,0.4289001937984496,0.017441860465116282,2.0,4.669677290745014,0.0016990291262135922
prefill,math,14,16,static,2,0.3240067829457364,0.0,2.0,6.1894224237084075,0.0
prefill,math,14,16,transition,2,0.4780765503875969,0.02810077519379845,2.0,4.211987914058283,0.32597087378640777
prefill,math,14,32,domain_oracle,2,0.7315891472868217,0.16666666666666666,4.0,5.468019706092888,0.0
prefill,math,14,32,previous_window,2,0.6982800387596899,0.13759689922480622,4.0,5.734655503834723,0.001061893203883495
prefill,math,14,32,static,2,0.6076792635658914,0.02810077519379845,4.0,6.582997511133149,0.0
prefill,math,14,32,transition,2,0.7415213178294573,0.18313953488372092,4.0,5.394385245901639,0.19047330097087378
prefill,math,15,8,domain_oracle,1,0.2819767441860465,0.0,1.0,3.5463917525773194,0.0
prefill,math,15,8,previous_window,1,0.25314922480620156,0.0,1.0,3.9502392344497608,0.002184466019417476
prefill,math,15,8,static,1,0.17708333333333334,0.0,1.0,5.647058823529412,0.0
prefill,math,15,8,transition,1,0.25872093023255816,0.0,1.0,3.865168539325843,0.2737864077669903
prefill,math,15,16,domain_oracle,1,0.45954457364341084,0.001937984496124031,2.0,4.352134949920928,0.0
prefill,math,15,16,previous_window,1,0.4127906976744186,0.001937984496124031,2.0,4.845070422535211,0.002184466019417476
prefill,math,15,16,static,1,0.34084302325581395,0.0,2.0,5.867803837953092,0.0
prefill,math,15,16,transition,1,0.4421027131782946,0.031007751937984496,2.0,4.523835616438356,0.2924757281553398
prefill,math,15,32,domain_oracle,1,0.7248062015503876,0.1182170542635659,4.0,5.518716577540107,0.0
prefill,math,15,32,previous_window,1,0.6751453488372093,0.08139534883720931,4.0,5.92465016146394,0.001395631067961165
prefill,math,15,32,static,1,0.6019864341085271,0.031007751937984496,4.0,6.644668008048289,0.0
prefill,math,15,32,transition,1,0.6954941860465116,0.07945736434108527,4.0,5.751306165099269,0.17736650485436894
