phase,resident_capacity,lookahead,policy,standardized_score_threshold,eligible_cold_waves,cold_demand_experts,admitted_candidate_experts,useful_admitted_experts,false_admitted_experts,cold_expert_coverage,complete_cold_set_coverage,candidate_transfer_amplification,mean_admitted_experts_per_cold_wave,candidate_precision
decode,32,3,transition,-1.5,18582,43695,594689,43678,551011,0.9996109394667582,0.9990851361532666,13.615298319520125,32.003498008825744,0.0734467931977891
decode,32,3,transition,-1.45,18582,43695,593900,43664,550236,0.9992905366746767,0.9983855343881175,13.6015939904727,31.961037563233237,0.07352079474659033
decode,32,3,transition,-1.4,18582,43695,592718,43644,549074,0.9988328184002746,0.997363039500592,13.580744203097792,31.897427618125068,0.07363366727516289
decode,32,3,transition,-1.3499999999999999,18582,43695,590934,43622,547312,0.9983293282984324,0.9962329135722743,13.546696620971069,31.801420729738457,0.07381873441027255
decode,32,3,transition,-1.2999999999999998,18582,43695,588444,43608,544836,0.9980089255063508,0.995479496286729,13.493946064942213,31.667420083952212,0.07410730672757306
decode,32,3,transition,-1.2499999999999998,18582,43695,585162,43572,541590,0.9971850326124271,0.9937035841136583,13.42977141283393,31.49079754601227,0.0744614311934131
decode,32,3,transition,-1.1999999999999997,18582,43695,580909,43521,537388,0.9960178510127017,0.9911742546550425,13.347786126237908,31.26192013776773,0.07491879106710346
decode,32,3,transition,-1.1499999999999997,18582,43695,575338,43464,531874,0.9947133539306556,0.988268216553654,13.237115773973864,30.962113873641158,0.07554515780289152
decode,32,3,transition,-1.0999999999999996,18582,43695,568025,43399,524626,0.9932257695388489,0.9847702077279087,13.088435217401322,30.56856097298461,0.07640332731833986
decode,32,3,transition,-1.0499999999999996,18582,43695,558815,43306,515509,0.991097379562879,0.9800882574534496,12.903870133468804,30.072920030136693,0.07749613020409259
decode,32,3,transition,-0.9999999999999996,18582,43695,546912,43213,503699,0.9889689895869093,0.9755139382197826,12.656191423877074,29.432353890862125,0.07901271136855655
decode,32,3,transition,-0.9499999999999995,18582,43695,532473,43099,489374,0.9863599954228173,0.96991712409859,12.354648599735492,28.655311591863093,0.08094119326238138
decode,32,3,transition,-0.8999999999999995,18582,43695,515004,42977,472027,0.9835679139489644,0.9638897858142288,11.983246852967866,27.715208266063932,0.08344983728281723
decode,32,3,transition,-0.8499999999999994,18582,43695,495191,42823,452368,0.9800434832360682,0.9565708750403616,11.563669056348225,26.648961360456354,0.08647774293151532
decode,32,3,transition,-0.7999999999999994,18582,43695,472532,42648,429884,0.9760384483350498,0.9483909159401571,11.079816169574189,25.42955548380153,0.0902542050062218
decode,32,3,transition,-0.7499999999999993,18582,43695,447547,42417,405130,0.9707518022657055,0.9375201808201485,10.551123370346795,24.084974706705413,0.09477663798439047
decode,32,3,transition,-0.6999999999999993,18582,43695,421228,42135,379093,0.9642979745966358,0.9243353783231084,9.997104544915153,22.668604025400924,0.10002896293693676
decode,32,3,transition,-0.6499999999999992,18582,43695,394343,41804,352539,0.9567227371552809,0.9094822946937897,9.433140369342647,21.221773759552256,0.10600923561468062
decode,32,3,transition,-0.5999999999999992,18582,43695,367930,41414,326516,0.9477972308044399,0.8919384350446669,8.88419375090549,19.800344419330536,0.11255945424401381
decode,32,3,transition,-0.5499999999999992,18582,43695,342988,41010,301978,0.9385513216615173,0.8737487891507911,8.363521092416484,18.45807770961145,0.11956686531307217
decode,32,3,transition,-0.4999999999999991,18582,43695,319456,40579,278877,0.928687492848152,0.8555591432569153,7.8724463392395085,17.191690883650846,0.12702531804066913
decode,32,3,transition,-0.44999999999999907,18582,43695,298013,40109,257904,0.9179311133997025,0.8346249058228393,7.430078037348226,16.037724679797655,0.13458808843909495
decode,32,3,transition,-0.399999999999999,18582,43695,278165,39605,238560,0.9063966128847695,0.8137982994295555,7.023481883600556,14.969594230976213,0.14237952294501466
decode,32,3,transition,-0.349999999999999,18582,43695,260100,39066,221034,0.8940611053896327,0.791195780863201,6.657963446475196,13.997416855020989,0.15019607843137256
decode,32,3,transition,-0.29999999999999893,18582,43695,243390,38449,204941,0.8799404966243277,0.7660101173178344,6.330203646388723,13.098159509202453,0.1579728008545955
decode,32,3,transition,-0.2499999999999989,18582,43695,228391,37863,190528,0.866529351184346,0.7436228608330643,6.032036552835222,12.290980518781616,0.16578148876269205
decode,32,3,transition,-0.19999999999999885,18582,43695,214114,37235,176879,0.8521569973681199,0.7193520611344312,5.750342419766349,11.52265633408675,0.17390268735346592
decode,32,3,transition,-0.1499999999999988,18582,43695,201385,36603,164782,0.8376930998970133,0.695727047680551,5.501871431303445,10.83763857496502,0.181756337363756
decode,32,3,transition,-0.09999999999999876,18582,43695,189297,35948,153349,0.8227028264103444,0.6717791411042945,5.265856236786469,10.187116564417177,0.18990263976713842
decode,32,3,transition,-0.04999999999999871,18582,43695,178313,35314,142999,0.8081931571117977,0.6489613604563557,5.049357195446565,9.596006888386611,0.19804501073954225
decode,32,3,transition,1.3322676295501878e-15,18582,43695,168005,34646,133359,0.7929053667467674,0.6261435798084167,4.849188939560122,9.041276504143795,0.20622005297461385
decode,32,3,transition,0.05000000000000138,18582,43695,158392,34016,124376,0.7784872411031011,0.606016575180282,4.656396989651928,8.523947906576257,0.21475832112732968
decode,32,3,transition,0.10000000000000142,18582,43695,149590,33385,116205,0.7640462295457147,0.5848670756646217,4.480754830013479,8.05026369604994,0.22317668293335116
decode,32,3,transition,0.15000000000000147,18582,43695,141423,32752,108671,0.749559446160888,0.5637713916693574,4.317995847581827,7.610752340975138,0.23158892117972324
decode,32,3,transition,0.2000000000000015,18582,43695,133789,32133,101656,0.7353930655681428,0.5432676783984501,4.163601282170977,7.199924658271446,0.24017669614093834
decode,32,3,transition,0.25000000000000155,18582,43695,126533,31434,95099,0.7193958118777892,0.5208804219136799,4.02535471145893,6.809439242277473,0.24842531197395146
decode,32,3,transition,0.3000000000000016,18582,43695,119799,30786,89013,0.704565739787161,0.49886987407168226,3.891346716039758,6.447045527930255,0.2569804422407533
decode,32,3,transition,0.35000000000000164,18582,43695,113466,30139,83327,0.6897585536102528,0.47906576256592404,3.764756627625336,6.106231837261866,0.2656214196323128
decode,32,3,transition,0.4000000000000017,18582,43695,107453,29442,78011,0.6738070717473396,0.45732429232590677,3.649650159635894,5.782639113120224,0.2739988646198803
decode,32,3,transition,0.45000000000000173,18582,43695,101880,28760,73120,0.6581988785902277,0.43746636529975247,3.5424200278164117,5.482725217952858,0.2822928936003141
decode,32,3,transition,0.5000000000000018,18582,43695,96538,28037,68501,0.6416523629705916,0.418200408997955,3.4432357242215645,5.195242707996987,0.29042449605336756
decode,32,3,transition,0.5500000000000016,18582,43695,91479,27340,64139,0.6257008811076782,0.3966742008395221,3.3459765910753476,4.922989990313206,0.2988664064976661
decode,32,3,transition,0.6000000000000019,18582,43695,86701,26702,59999,0.6110996681542511,0.3791303411903993,3.24698524455097,4.665859433860725,0.30797799333341025
decode,32,3,transition,0.6500000000000021,18582,43695,82169,25993,56176,0.5948735553266964,0.3609945108169196,3.1611972454122266,4.4219674954256805,0.3163358444182112
decode,32,3,transition,0.700000000000002,18582,43695,78081,25329,52752,0.5796773086165465,0.34479603917769885,3.082672036006159,4.2019696480464965,0.32439389864371615
decode,32,3,transition,0.7500000000000018,18582,43695,74299,24735,49564,0.566083075866804,0.3309116349155096,3.003800282999798,3.9984393499085136,0.3329116138844399
decode,32,3,transition,0.800000000000002,18582,43695,70560,24055,46505,0.5505206545371324,0.3144440856743085,2.9332779048014967,3.7972231191475623,0.3409155328798186
decode,32,3,transition,0.8500000000000023,18582,43695,66992,23403,43589,0.5355990387916237,0.2994295554838015,2.8625389907276846,3.6052093423743408,0.34934021972772866
decode,32,3,transition,0.9000000000000021,18582,43695,63522,22748,40774,0.5206087653049548,0.2831772683241847,2.7924213117636714,3.4184694865999354,0.35811215012121783
decode,32,3,transition,0.950000000000002,18582,43695,60178,22042,38136,0.5044513102185605,0.2682703691744699,2.730151528899374,3.2385103863954363,0.3662800358935159
decode,32,3,transition,1.0000000000000022,18582,43695,57097,21384,35713,0.4893923789907312,0.2525024216984178,2.6700804339693227,3.072704768055107,0.3745205527435767
decode,32,3,transition,1.0500000000000025,18582,43695,54276,20759,33517,0.4750886829156654,0.2404477451296954,2.614576810058288,2.920891185017759,0.3824710737710959
decode,32,3,transition,1.1000000000000023,18582,43695,51457,20083,31374,0.45961780524087426,0.22575610806156496,2.562216800278843,2.7691852330212035,0.3902870357774452
decode,32,3,transition,1.1500000000000021,18582,43695,48815,19406,29409,0.44412404165236297,0.2123022279625444,2.5154591363495826,2.627004628134754,0.3975417392195022
decode,32,3,transition,1.2000000000000024,18582,43695,46327,18784,27543,0.4298890033184575,0.20073189107738673,2.4663011073253833,2.4931116133893014,0.405465495283528
decode,32,3,transition,1.2500000000000027,18582,43695,43930,18120,25810,0.41469275660830757,0.18830050586589173,2.4243929359823397,2.3641158109998925,0.41247439107671297
decode,32,3,transition,1.3000000000000025,18582,43695,41665,17532,24133,0.4012358393408857,0.1771606931439027,2.3765115217887294,2.242223657302766,0.42078483139325573
decode,32,3,transition,1.3500000000000023,18582,43695,39581,16948,22633,0.3878704657283442,0.16634377354429017,2.3354378097710646,2.1300721127973308,0.4281852403931179
decode,32,3,transition,1.4000000000000026,18582,43695,37638,16367,21271,0.374573749856963,0.15708750403616403,2.2996272988330175,2.025508556667743,0.4348530740209363
decode,32,3,transition,1.4500000000000028,18582,43695,35732,15811,19921,0.3618491818285845,0.14734689484447314,2.2599456074884574,1.9229361747928102,0.44248852569125713
decode,32,3,transition,1.5000000000000027,18582,43695,33867,15253,18614,0.3490788419727658,0.13792917877515876,2.2203500950632664,1.8225702292541168,0.4503794253993563
decode,32,3,transition,1.5500000000000025,18582,43695,32058,14704,17354,0.33651447534042794,0.12867290926703262,2.180223068552775,1.7252179528576042,0.45866866304822507
decode,32,3,transition,1.6000000000000028,18582,43695,30305,14161,16144,0.3240874241904108,0.12070821224841244,2.1400324835816678,1.630879345603272,0.4672826266292691
decode,32,3,transition,1.650000000000003,18582,43695,28795,13648,15147,0.3123469504519968,0.11252825314820794,2.109832942555686,1.5496179098051879,0.473971175551311
decode,32,3,transition,1.7000000000000028,18582,43695,27314,13153,14161,0.30101842316054467,0.10623183726186632,2.0766365087812666,1.46991712409859,0.4815479241414659
decode,32,3,transition,1.7500000000000027,18582,43695,25833,12602,13231,0.2884082847007667,0.09767516951888924,2.049912712267894,1.3902163383919923,0.4878256493632176
decode,32,3,transition,1.800000000000003,18582,43695,24432,12049,12383,0.27575237441354844,0.08911850177591217,2.027720142750436,1.314820794317081,0.4931647020301244
decode,32,3,transition,1.8500000000000032,18582,43695,23041,11457,11584,0.26220391349124617,0.08217629964481757,2.0110849262459634,1.2399634054461306,0.4972440432272905
decode,32,3,transition,1.900000000000003,18582,43695,21657,10923,10734,0.24998283556470993,0.07474975783015822,1.9826970612469101,1.165482725217953,0.5043634852472642
decode,32,3,transition,1.9500000000000028,18582,43695,20419,10403,10016,0.23808216043025518,0.06866860402540093,1.9627991925406132,1.0988591109676031,0.5094764679954944
decode,32,3,transition,2.000000000000003,18582,43695,19226,9885,9341,0.22622725712324065,0.06366376062856528,1.9449671219018716,1.034657195135077,0.5141475085821283
decode,32,3,transition,2.0500000000000034,18582,43695,18083,9386,8697,0.2148071861769081,0.0578516844257884,1.9265927977839334,0.973146055322355,0.5190510424155284
decode,32,3,transition,2.100000000000003,18582,43695,17057,8918,8139,0.20409657855589886,0.053654073834893984,1.912648575913882,0.9179313313959746,0.5228351996247875
decode,32,3,transition,2.150000000000003,18582,43695,16036,8461,7575,0.19363771598581073,0.050317511570336884,1.8952842453610685,0.8629856850715747,0.5276253429782988
decode,32,3,transition,2.2000000000000033,18582,43695,15092,8044,7048,0.18409428996452684,0.046173716499838556,1.8761810044753853,0.812183833817673,0.5329976146302677
decode,32,3,transition,2.2500000000000036,18582,43695,14205,7604,6601,0.17402448792768052,0.04256807663330105,1.8680957390846922,0.7644494672263481,0.5353044702569518
decode,32,3,transition,2.3000000000000034,18582,43695,13350,7218,6132,0.16519052523171987,0.039769669572704766,1.8495428096425603,0.7184371972876977,0.5406741573033708
decode,32,3,transition,2.350000000000003,18582,43695,12518,6804,5714,0.15571575695159628,0.03659455386933592,1.8398001175778953,0.6736626843181573,0.5435373062789584
decode,32,3,transition,2.4000000000000035,18582,43695,11683,6406,5277,0.14660716329099438,0.033096545043590574,1.8237589759600374,0.6287267247874287,0.5483180689891295
decode,32,3,transition,2.4500000000000037,18582,43695,10956,6001,4955,0.13733836823435175,0.030082875901409966,1.8256957173804367,0.589602841459477,0.5477364001460387
decode,32,3,transition,2.5000000000000036,18582,43695,10241,5645,4596,0.1291909829499943,0.027661177483586267,1.8141718334809567,0.5511247443762781,0.5512157015916415
decode,32,3,transition,2.5500000000000034,18582,43695,9633,5332,4301,0.12202769195560133,0.025723818749327308,1.8066391597899474,0.5184049079754601,0.553513962420845
decode,32,3,transition,2.600000000000003,18582,43695,9024,5010,4014,0.11465842773772743,0.023463566892691853,1.8011976047904192,0.48563125605424606,0.555186170212766
decode,32,3,transition,2.650000000000004,18582,43695,8430,4681,3749,0.10712896212381279,0.021902916801205468,1.8008972441785944,0.4536648369389732,0.5552787663107948
decode,32,3,transition,2.7000000000000037,18582,43695,7920,4388,3532,0.10042338940382195,0.020396082230115166,1.804922515952598,0.4262189215369713,0.554040404040404
decode,32,3,transition,2.7500000000000036,18582,43695,7358,4061,3297,0.09293969561734752,0.01829727693466796,1.8118689977837972,0.39597459907437305,0.5519162815982604
decode,32,3,transition,2.8000000000000043,18582,43695,6840,3722,3118,0.08518137086623183,0.01684425788397374,1.8377216550241806,0.36809815950920244,0.5441520467836257
decode,32,3,transition,2.850000000000004,18582,43695,6387,3438,2949,0.07868177136972193,0.01522979227209127,1.8577661431064572,0.3437197287697772,0.5382808830436825
decode,32,3,transition,2.900000000000004,18582,43695,5907,3145,2762,0.0719761986497311,0.01377677322139705,1.8782193958664546,0.3178882789796577,0.5324191637040799
decode,32,3,transition,2.9500000000000037,18582,43695,5481,2900,2581,0.0663691497883053,0.012377569691098912,1.89,0.2949628672909267,0.5291005291005291
decode,32,3,transition,3.0000000000000036,18582,43695,5049,2621,2428,0.05998397986039593,0.011408890323969433,1.9263639832125143,0.2717145624798192,0.5191126955832838
decode,32,3,transition,3.0500000000000043,18582,43695,4658,2382,2276,0.054514246481290766,0.010440210956839953,1.9554995801847188,0.250672694004951,0.5113782739373122
decode,32,3,transition,3.100000000000004,18582,43695,4281,2152,2129,0.04925048632566655,0.009525347110106554,1.9893122676579926,0.23038424281562803,0.5026862882504087
decode,32,3,transition,3.150000000000004,18582,43695,3946,1947,1999,0.04455887401304497,0.00871811430416532,2.026707755521315,0.2123560434829405,0.4934110491637101
decode,32,3,transition,3.2000000000000046,18582,43695,3599,1708,1891,0.03908914063393981,0.007587988375847595,2.107142857142857,0.19368205790549994,0.4745762711864407
decode,32,3,transition,3.2500000000000044,18582,43695,3259,1474,1785,0.03373383682343518,0.006780755569906361,2.210990502035278,0.175384780970832,0.45228597729364833
decode,32,3,transition,3.3000000000000043,18582,43695,2969,1282,1687,0.029339741389174962,0.0059735227639651275,2.3159126365054603,0.15977828005596814,0.4317952172448636
decode,32,3,transition,3.350000000000004,18582,43695,2706,1120,1586,0.02563222336651791,0.005435367560004305,2.4160714285714286,0.14562479819179852,0.4138950480413895
decode,32,3,transition,3.400000000000004,18582,43695,2497,999,1498,0.02286302780638517,0.004951027876439565,2.4994994994994997,0.13437735442901733,0.4000800961153384
decode,32,3,transition,3.4500000000000046,18582,43695,2297,885,1412,0.020254033642293168,0.004520503713270907,2.5954802259887004,0.12361425034980088,0.38528515454941226
decode,32,3,transition,3.5000000000000044,18582,43695,2125,772,1353,0.01766792539192127,0.003928532988914003,2.7525906735751295,0.11435798084167474,0.3632941176470588
decode,32,3,transition,3.5500000000000043,18582,43695,1958,682,1276,0.015608193157111797,0.003551824346141427,2.870967741935484,0.10537078893552901,0.34831460674157305
decode,32,3,transition,3.600000000000005,18582,43695,1806,593,1213,0.013571346836022428,0.0031751157033688515,3.045531197301855,0.09719082983532451,0.3283499446290144
decode,32,3,transition,3.650000000000005,18582,43695,1668,501,1167,0.011465842773772742,0.002636960499408029,3.3293413173652695,0.08976428802066516,0.30035971223021585
decode,32,3,transition,3.7000000000000046,18582,43695,1532,422,1110,0.009657855589884426,0.0021526208158432892,3.6303317535545023,0.08244537724679797,0.2754569190600522
decode,32,3,transition,3.7500000000000044,18582,43695,1402,341,1061,0.0078040965785558985,0.0017220966526746314,4.1114369501466275,0.07544935959530728,0.24322396576319544
decode,32,3,transition,3.8000000000000043,18582,43695,1299,290,1009,0.0066369149788305295,0.0012915724895059735,4.479310344827586,0.06990636099451082,0.22324865280985373
decode,32,3,transition,3.850000000000005,18582,43695,1204,242,962,0.0055383911202654765,0.0011839414487138092,4.975206611570248,0.064793886556883,0.2009966777408638
decode,32,3,transition,3.900000000000005,18582,43695,1115,208,907,0.004760270053781897,0.0009148638467333979,5.360576923076923,0.06000430524163169,0.18654708520179372
decode,32,3,transition,3.9500000000000046,18582,43695,1031,176,855,0.004027920814738528,0.0008072328059412334,5.857954545454546,0.05548380152836078,0.17070805043646944
decode,32,3,transition,4.000000000000005,18582,43695,941,140,801,0.0032040279208147386,0.0006457862447529867,6.7214285714285715,0.05064040469271338,0.1487778958554729
decode,32,3,transition,4.050000000000005,18582,43695,857,111,746,0.0025403364229316856,0.0005381552039608223,7.7207207207207205,0.04611990097944247,0.1295215869311552
decode,32,3,transition,4.100000000000005,18582,43695,789,87,702,0.001991074493649159,0.00043052416316865784,9.068965517241379,0.04246044559250888,0.11026615969581749
decode,32,3,transition,4.150000000000005,18582,43695,721,59,662,0.0013502689094862113,0.00037670864277257563,12.220338983050848,0.038800990205575286,0.08183079056865465
decode,32,3,transition,4.200000000000005,18582,43695,660,50,610,0.0011442956860052637,0.00037670864277257563,13.2,0.03551824346141427,0.07575757575757576
decode,32,3,transition,4.250000000000005,18582,43695,590,37,553,0.0008467788076438952,0.00032289312237649337,15.945945945945946,0.03175115703368851,0.06271186440677966
decode,32,3,transition,4.300000000000005,18582,43695,529,31,498,0.0007094633253232636,0.00026907760198041116,17.06451612903226,0.0284684102895275,0.05860113421550094
decode,32,3,transition,4.350000000000005,18582,43695,465,26,439,0.0005950337567227371,0.00016144656118824668,17.884615384615383,0.025024216984178237,0.05591397849462366
decode,32,3,transition,4.400000000000006,18582,43695,411,25,386,0.0005721478430026318,0.00016144656118824668,16.44,0.022118178882789795,0.06082725060827251
decode,32,3,transition,4.4500000000000055,18582,43695,363,22,341,0.000503490101842316,0.00010763104079216446,16.5,0.019535033903777848,0.06060606060606061
decode,32,3,transition,4.500000000000005,18582,43695,299,17,282,0.0003890605332417897,5.381552039608223e-05,17.58823529411765,0.016090840598428587,0.056856187290969896
decode,32,3,transition,4.550000000000005,18582,43695,251,11,240,0.000251745050921158,0.0,22.818181818181817,0.01350769561941664,0.043824701195219126
decode,32,3,transition,4.600000000000005,18582,43695,217,9,208,0.00020597322348094748,0.0,24.11111111111111,0.011677967925949844,0.041474654377880185
decode,32,3,transition,4.650000000000006,18582,43695,157,8,149,0.0001830873097608422,0.0,19.625,0.008449036702184911,0.050955414012738856
decode,32,3,transition,4.7000000000000055,18582,43695,126,8,118,0.0001830873097608422,0.0,15.75,0.006780755569906361,0.06349206349206349
decode,32,3,transition,4.750000000000005,18582,43695,91,5,86,0.00011442956860052638,0.0,18.2,0.004897212356043483,0.054945054945054944
decode,32,3,transition,4.800000000000006,18582,43695,77,3,74,6.865774116031582e-05,0.0,25.666666666666668,0.004143795070498332,0.03896103896103896
decode,32,3,transition,4.850000000000006,18582,43695,54,2,52,4.577182744021055e-05,0.0,27.0,0.0029060381013884403,0.037037037037037035
decode,32,3,transition,4.900000000000006,18582,43695,43,1,42,2.2885913720105276e-05,0.0,43.0,0.0023140673770315357,0.023255813953488372
decode,32,3,transition,4.9500000000000055,18582,43695,32,1,31,2.2885913720105276e-05,0.0,32.0,0.0017220966526746314,0.03125
decode,32,3,transition,5.000000000000005,18582,43695,21,0,21,0.0,0.0,inf,0.0011301259283177268,0.0
decode,32,3,transition,5.050000000000006,18582,43695,13,0,13,0.0,0.0,inf,0.000699601765149069,0.0
decode,32,3,transition,5.100000000000006,18582,43695,9,0,9,0.0,0.0,inf,0.00048433968356474005,0.0
decode,32,3,transition,5.150000000000006,18582,43695,7,0,7,0.0,0.0,inf,0.00037670864277257563,0.0
decode,32,3,transition,5.200000000000006,18582,43695,4,0,4,0.0,0.0,inf,0.00021526208158432892,0.0
decode,32,3,transition,5.250000000000006,18582,43695,1,0,1,0.0,0.0,inf,5.381552039608223e-05,0.0
decode,32,3,transition,5.300000000000006,18582,43695,0,0,0,0.0,0.0,inf,0.0,0.0
decode,32,3,transition,5.350000000000006,18582,43695,0,0,0,0.0,0.0,inf,0.0,0.0
decode,32,3,transition,5.400000000000006,18582,43695,0,0,0,0.0,0.0,inf,0.0,0.0
decode,32,3,transition,5.450000000000006,18582,43695,0,0,0,0.0,0.0,inf,0.0,0.0
decode,32,3,transition,5.500000000000006,18582,43695,0,0,0,0.0,0.0,inf,0.0,0.0
decode,32,3,transition,5.550000000000006,18582,43695,0,0,0,0.0,0.0,inf,0.0,0.0
decode,32,3,transition,5.600000000000007,18582,43695,0,0,0,0.0,0.0,inf,0.0,0.0
decode,32,3,transition,5.650000000000007,18582,43695,0,0,0,0.0,0.0,inf,0.0,0.0
decode,32,3,transition,5.700000000000006,18582,43695,0,0,0,0.0,0.0,inf,0.0,0.0
decode,32,3,transition,5.750000000000006,18582,43695,0,0,0,0.0,0.0,inf,0.0,0.0
decode,32,3,transition,5.800000000000006,18582,43695,0,0,0,0.0,0.0,inf,0.0,0.0
decode,32,3,transition,5.850000000000007,18582,43695,0,0,0,0.0,0.0,inf,0.0,0.0
decode,32,3,transition,5.900000000000007,18582,43695,0,0,0,0.0,0.0,inf,0.0,0.0
decode,32,3,transition,5.950000000000006,18582,43695,0,0,0,0.0,0.0,inf,0.0,0.0
decode,32,3,transition,6.000000000000007,18582,43695,0,0,0,0.0,0.0,inf,0.0,0.0
decode,32,3,linear,-1.5,18582,43695,565446,43567,521879,0.9970706030438266,0.9931654289096976,12.97876833383065,30.42977074588311,0.0770489136009451
decode,32,3,linear,-1.45,18582,43695,561372,43544,517828,0.9965442270282641,0.9919814874609838,12.892063200440933,30.210526315789473,0.07756710345368134
decode,32,3,linear,-1.4,18582,43695,556854,43520,513334,0.9959949650989816,0.99079754601227,12.795358455882353,29.967387794639976,0.07815334001371993
decode,32,3,linear,-1.3499999999999999,18582,43695,551892,43499,508393,0.9955143609108593,0.9896674200839523,12.687464079634015,29.700355182434613,0.0788179571365412
decode,32,3,linear,-1.2999999999999998,18582,43695,546560,43460,503100,0.9946218102757752,0.9877838768700893,12.576161988034976,29.413410827682704,0.07951551522248243
decode,32,3,linear,-1.2499999999999998,18582,43695,540803,43426,497377,0.9938436892092917,0.9861155957378108,12.453438032515082,29.103594876762457,0.0802991107667672
decode,32,3,linear,-1.1999999999999997,18582,43695,534545,43390,491155,0.9930197963153679,0.984285868044344,12.319543673657524,28.766817350123777,0.08117183773115454
decode,32,3,linear,-1.1499999999999997,18582,43695,527716,43361,484355,0.9923561048174848,0.9828328489936498,12.170291275570213,28.39931116133893,0.08216730210946797
decode,32,3,linear,-1.0999999999999996,18582,43695,520319,43319,477000,0.9913948964412405,0.9807340436982026,12.011334518340682,28.00123775696911,0.08325469567707502
decode,32,3,linear,-1.0499999999999996,18582,43695,512350,43275,469075,0.9903879162375557,0.9784737918415671,11.839399191218948,27.57238187493273,0.08446374548648385
decode,32,3,linear,-0.9999999999999996,18582,43695,503767,43221,460546,0.9891520768966701,0.9757292003013669,11.655607227967886,27.11048326337316,0.08579561583033427
decode,32,3,linear,-0.9499999999999995,18582,43695,494385,43147,451238,0.9874585192813823,0.9721235604348294,11.458154680510813,26.605586051017113,0.08727408800833358
decode,32,3,linear,-0.8999999999999995,18582,43695,484414,43059,441355,0.985444558874013,0.9675492412011624,11.250005805987135,26.068991497147778,0.08888884301444631
decode,32,3,linear,-0.8499999999999994,18582,43695,473831,42970,430861,0.9834077125529237,0.9631901840490797,11.027018850360717,25.499461844796038,0.09068634175476066
decode,32,3,linear,-0.7999999999999994,18582,43695,462775,42885,419890,0.9814624098867147,0.9594769131417501,10.791069138393377,24.904477451296955,0.09266922370482415
decode,32,3,linear,-0.7499999999999993,18582,43695,451070,42789,408281,0.9792653621695846,0.9547411473468949,10.541728014209259,24.274566785060813,0.09486110803201277
decode,32,3,linear,-0.6999999999999993,18582,43695,438983,42675,396308,0.9766563680054926,0.948982886664514,10.286654950205039,23.624098590033366,0.09721333172355194
decode,32,3,linear,-0.6499999999999992,18582,43695,426228,42566,383662,0.9741618034100011,0.9434398880637176,10.013343983460977,22.937681627381338,0.09986673798999597
decode,32,3,linear,-0.5999999999999992,18582,43695,412809,42438,370371,0.9712324064538277,0.9373049187385643,9.727343418634243,22.21553115918631,0.10280299121385435
decode,32,3,linear,-0.5499999999999992,18582,43695,399382,42291,357091,0.9678681771369722,0.9304703476482618,9.443664136577523,21.492950166828113,0.10589110175220716
decode,32,3,linear,-0.4999999999999991,18582,43695,385187,42124,343063,0.9640462295457146,0.922774728231622,9.144122115658533,20.729038854805726,0.10935986936215397
decode,32,3,linear,-0.44999999999999907,18582,43695,370945,41930,329015,0.9596063622840142,0.9134646432030997,8.84676842356308,19.96259821332472,0.1130356252274596
decode,32,3,linear,-0.399999999999999,18582,43695,356610,41713,314897,0.9546401190067514,0.9037240340114089,8.549133363699566,19.191152728446884,0.11697092061355542
decode,32,3,linear,-0.349999999999999,18582,43695,341819,41476,300343,0.9492161574550864,0.8927994833710042,8.24136850226637,18.39516736626843,0.12133907126286134
decode,32,3,linear,-0.29999999999999893,18582,43695,326722,41225,285497,0.94347179311134,0.8807986223226779,7.925336567616737,17.58271445484878,0.1261776066503021
decode,32,3,linear,-0.2499999999999989,18582,43695,311972,40982,270990,0.9379105160773544,0.8702507803250458,7.6124152066761015,16.788935529006565,0.1313643532111856
decode,32,3,linear,-0.19999999999999885,18582,43695,296954,40687,256267,0.9311591715299233,0.8573888709503821,7.298498291837688,15.980734043698202,0.13701448709227693
decode,32,3,linear,-0.1499999999999988,18582,43695,282061,40365,241696,0.9237899073120495,0.8438811753309654,6.987761674718197,15.17925949843935,0.14310734202885192
decode,32,3,linear,-0.09999999999999876,18582,43695,267338,40043,227295,0.9164206430941755,0.8302658486707567,6.676273006517993,14.386933591647832,0.14978416835616337
decode,32,3,linear,-0.04999999999999871,18582,43695,253126,39687,213439,0.908273257809818,0.8158971047250027,6.378058306246378,13.62210741577871,0.1567875287406272
decode,32,3,linear,1.3322676295501878e-15,18582,43695,239243,39298,199945,0.8993706373726971,0.7999138951673662,6.087917960201537,12.874986546119901,0.16425976935584322
decode,32,3,linear,0.05000000000000138,18582,43695,225808,38897,186911,0.8901933859709349,0.7829620062426004,5.805280612900738,12.151975029598535,0.17225696166654858
decode,32,3,linear,0.10000000000000142,18582,43695,212809,38468,174341,0.8803753289850097,0.7655257776342698,5.53210460642612,11.452427079969864,0.1807630316386995
decode,32,3,linear,0.15000000000000147,18582,43695,200016,37992,162024,0.8694816340542396,0.7470670541384136,5.264687302590019,10.763965127542784,0.18994480441564676
decode,32,3,linear,0.2000000000000015,18582,43695,187726,37504,150222,0.8583133081588282,0.7281778064793887,5.005492747440273,10.102572381874932,0.19978053119972727
decode,32,3,linear,0.25000000000000155,18582,43695,176006,37007,138999,0.8469390090399359,0.7085889570552147,4.756019131515659,9.47185448283285,0.210259877504176
decode,32,3,linear,0.3000000000000016,18582,43695,164804,36471,128333,0.8346721592859595,0.6883543213862878,4.518768336486524,8.869013023355937,0.22129924030970122
decode,32,3,linear,0.35000000000000164,18582,43695,154161,35914,118247,0.8219247053438609,0.6683887633193413,4.2925043158656795,8.296254439780432,0.23296423868553007
decode,32,3,linear,0.4000000000000017,18582,43695,144311,35316,108995,0.8082389289392379,0.6458400602733828,4.086278174198664,7.7661715638790225,0.2447214696038417
decode,32,3,linear,0.45000000000000173,18582,43695,134980,34681,100299,0.7937063737269711,0.6234528037886127,3.8920446353911364,7.26401894306318,0.25693436064602165
decode,32,3,linear,0.5000000000000018,18582,43695,126039,34063,91976,0.779562879047946,0.6030567215584974,3.7001732084666648,6.782854375201808,0.27025761867358516
decode,32,3,linear,0.5500000000000016,18582,43695,117498,33414,84084,0.7647099210435977,0.5810461737164998,3.5164302388220507,6.32321601549887,0.2843793085839759
decode,32,3,linear,0.6000000000000019,18582,43695,109515,32715,76800,0.748712667353244,0.5586051017113336,3.347546996790463,5.893606716176945,0.29872620189015203
decode,32,3,linear,0.6500000000000021,18582,43695,101893,31963,69930,0.731502460235725,0.5351415348186417,3.187842192535119,5.483424819718007,0.3136918139617049
decode,32,3,linear,0.700000000000002,18582,43695,94840,31275,63565,0.7157569515962925,0.5142611129049618,3.0324540367705834,5.103863954364439,0.3297659215520877
decode,32,3,linear,0.7500000000000018,18582,43695,88473,30500,57973,0.6980203684632109,0.49074373049187386,2.9007540983606557,4.761220536002583,0.3447379426491698
decode,32,3,linear,0.800000000000002,18582,43695,82258,29691,52567,0.6795056642636458,0.467280163599182,2.77046916574046,4.426757076740932,0.3609496948625058
decode,32,3,linear,0.8500000000000023,18582,43695,76307,28831,47476,0.6598237784643551,0.44112582068668604,2.646699732926364,4.1065009148638465,0.37782903272307916
decode,32,3,linear,0.9000000000000021,18582,43695,70716,28005,42711,0.6409200137315483,0.41846948659993544,2.525120514193894,3.805618340329351,0.39602070252842353
decode,32,3,linear,0.950000000000002,18582,43695,65502,27108,38394,0.6203913491246138,0.3950059197072436,2.4163346613545817,3.5250242169841783,0.41384995877988456
decode,32,3,linear,1.0000000000000022,18582,43695,60717,26228,34489,0.6002517450509212,0.37202669249811643,2.314968735702303,3.2675169518889247,0.43197127657822354
decode,32,3,linear,1.0500000000000025,18582,43695,56201,25335,30866,0.5798146240988672,0.34963943601334624,2.2183145845668046,3.0244860617802174,0.450792690521521
decode,32,3,linear,1.1000000000000023,18582,43695,52048,24438,27610,0.5592859594919327,0.3276827036917447,2.129797855798347,2.800990205575288,0.46952812788195514
decode,32,3,linear,1.1500000000000021,18582,43695,48029,23462,24567,0.5369493077011099,0.3039500591970724,2.0470974341488364,2.5847056291034334,0.4884965333444377
decode,32,3,linear,1.2000000000000024,18582,43695,44436,22560,21876,0.516306213525575,0.2835539769669573,1.9696808510638297,2.39134646432031,0.5076964623278423
decode,32,3,linear,1.2500000000000027,18582,43695,41073,21629,19444,0.494999427852157,0.2634269723388225,1.8989782236811688,2.2103648692282856,0.5265989822998076
decode,32,3,linear,1.3000000000000025,18582,43695,37945,20696,17249,0.47364687035129877,0.24356904531266818,1.8334460765365288,2.0420299214293403,0.5454210040848597
decode,32,3,linear,1.3500000000000023,18582,43695,35026,19773,15253,0.4525231719876416,0.22543321493918847,1.7714054518788247,1.8849424173931761,0.5645234968309256
decode,32,3,linear,1.4000000000000026,18582,43695,32219,18807,13412,0.4304153793340199,0.20665159832095575,1.7131387249428405,1.7338822516413734,0.5837238896303424
decode,32,3,linear,1.4500000000000028,18582,43695,29715,17874,11841,0.40906282183316167,0.18937681627381336,1.6624706277274253,1.5991281885695834,0.6015143866733973
decode,32,3,linear,1.5000000000000027,18582,43695,27254,16887,10367,0.38647442499141776,0.17183295662469056,1.6139041866524546,1.466688192874825,0.6196154692889118
decode,32,3,linear,1.5500000000000025,18582,43695,25052,15969,9083,0.36546515619636116,0.15574211602626198,1.5687895297138206,1.348186416962652,0.6374341369950502
decode,32,3,linear,1.6000000000000028,18582,43695,22975,15001,7974,0.34331159171529924,0.14153481864169626,1.5315645623625092,1.2364115810999892,0.6529270946681175
decode,32,3,linear,1.650000000000003,18582,43695,21034,14110,6924,0.3229202425906854,0.12915724895059735,1.4907158043940467,1.1319556560111936,0.6708186745269563
decode,32,3,linear,1.7000000000000028,18582,43695,19267,13218,6049,0.3025060075523515,0.11764072758583576,1.4576335300348011,1.0368636314713164,0.6860434940571962
decode,32,3,linear,1.7500000000000027,18582,43695,17604,12344,5260,0.28250371896097953,0.10671617694543106,1.4261179520414777,0.9473684210526315,0.701204271756419
decode,32,3,linear,1.800000000000003,18582,43695,16053,11512,4541,0.2634626387458519,0.09503820901948122,1.394457956914524,0.863900548918308,0.7171245250109014
decode,32,3,linear,1.8500000000000032,18582,43695,14572,10681,3891,0.24444444444444444,0.0851361532666021,1.364291732983803,0.7841997632117103,0.7329810595662916
decode,32,3,linear,1.900000000000003,18582,43695,13155,9834,3321,0.22506007552351529,0.07485738887095038,1.337705918242831,0.7079431708104618,0.7475484606613455
decode,32,3,linear,1.9500000000000028,18582,43695,11915,9054,2861,0.20720906282183316,0.06560111936282424,1.3159929313010823,0.6412119255193198,0.7598825010490978
decode,32,3,linear,2.000000000000003,18582,43695,10729,8297,2432,0.18988442613571346,0.05860510171133355,1.2931179944558273,0.5773867183295662,0.7733246341690745
decode,32,3,linear,2.0500000000000034,18582,43695,9658,7608,2050,0.17411603158256092,0.0520934237434076,1.2694532071503681,0.5197502959853622,0.7877407330710292
decode,32,3,linear,2.100000000000003,18582,43695,8664,6910,1754,0.15814166380592745,0.04655042514261113,1.2538350217076701,0.4662576687116564,0.7975530932594644
decode,32,3,linear,2.150000000000003,18582,43695,7693,6188,1505,0.14161803410001145,0.04036164029706167,1.243212669683258,0.4140027984070606,0.8043676069153776
decode,32,3,linear,2.2000000000000033,18582,43695,6780,5532,1248,0.1266048746996224,0.03519535033903778,1.2255965292841648,0.3648692282854375,0.815929203539823
decode,32,3,linear,2.2500000000000036,18582,43695,5972,4922,1050,0.11264446733035817,0.02965235173824131,1.2133279154815115,0.32138628780540307,0.8241795043536504
decode,32,3,linear,2.3000000000000034,18582,43695,5243,4364,879,0.09987412747453941,0.025670003228931225,1.2014207149404217,0.2821547734366591,0.8323478924279992
decode,32,3,linear,2.350000000000003,18582,43695,4603,3860,743,0.08833962695960636,0.021526208158432893,1.1924870466321245,0.24771284038316652,0.8385835324788181
decode,32,3,linear,2.4000000000000035,18582,43695,3999,3371,628,0.07714841515047488,0.01862017005704445,1.1862948679916938,0.21520826606393284,0.8429607401850463
decode,32,3,linear,2.4500000000000037,18582,43695,3482,2951,531,0.06753633138803067,0.015606500914863847,1.17993900372755,0.18738564201915833,0.847501435956347
decode,32,3,linear,2.5000000000000036,18582,43695,3010,2573,437,0.05888545600183087,0.013130986976644065,1.169840652934318,0.16198471639220752,0.8548172757475083
decode,32,3,linear,2.5500000000000034,18582,43695,2628,2260,368,0.05172216500743792,0.011785598966742009,1.1628318584070796,0.14142718760090411,0.8599695585996956
decode,32,3,linear,2.600000000000003,18582,43695,2293,1993,300,0.045611626044169816,0.010063502314067376,1.1505268439538385,0.12339898826821655,0.869167030091583
decode,32,3,linear,2.650000000000004,18582,43695,1952,1716,236,0.03927222794370065,0.00866429878376924,1.1375291375291374,0.10504789581315252,0.8790983606557377
decode,32,3,linear,2.7000000000000037,18582,43695,1665,1475,190,0.033756722737155284,0.006834571090302443,1.1288135593220339,0.08960284145947692,0.8858858858858859
decode,32,3,linear,2.7500000000000036,18582,43695,1414,1261,153,0.02885913720105275,0.005435367560004305,1.1213322759714512,0.07609514584006027,0.8917963224893918
decode,32,3,linear,2.8000000000000043,18582,43695,1213,1087,126,0.024876988213754433,0.00457431923366699,1.1159153633854646,0.06527822624044774,0.8961253091508656
decode,32,3,linear,2.850000000000004,18582,43695,1009,910,99,0.0208261814852958,0.003713270907329674,1.1087912087912088,0.05429986007964697,0.9018830525272548
decode,32,3,linear,2.900000000000004,18582,43695,848,759,89,0.017370408513559903,0.0031213001829727693,1.1172595520421607,0.04563556129587773,0.8950471698113207
decode,32,3,linear,2.9500000000000037,18582,43695,696,623,73,0.014257924247625587,0.002636960499408029,1.117174959871589,0.03745560219567323,0.8951149425287356
decode,32,3,linear,3.0000000000000036,18582,43695,576,516,60,0.011809131479574322,0.0023678828974276183,1.1162790697674418,0.030997739748143363,0.8958333333333334
decode,32,3,linear,3.0500000000000043,18582,43695,474,427,47,0.009772285158484953,0.0018297276934667959,1.1100702576112411,0.025508556667742977,0.9008438818565401
decode,32,3,linear,3.100000000000004,18582,43695,388,349,39,0.007987183888316741,0.0013453880099020558,1.1117478510028653,0.020880421913679906,0.8994845360824743
decode,32,3,linear,3.150000000000004,18582,43695,305,274,31,0.006270740359308845,0.0010224948875255625,1.1131386861313868,0.01641373372080508,0.898360655737705
decode,32,3,linear,3.2000000000000046,18582,43695,247,222,25,0.005080672845863371,0.0009686793671294801,1.1126126126126126,0.013292433537832311,0.8987854251012146
decode,32,3,linear,3.2500000000000044,18582,43695,201,181,20,0.0041423503833390544,0.0009148638467333979,1.1104972375690607,0.010816919599612528,0.900497512437811
decode,32,3,linear,3.3000000000000043,18582,43695,156,142,14,0.003249799748254949,0.0007534172855451513,1.0985915492957747,0.008395221181788828,0.9102564102564102
decode,32,3,linear,3.350000000000004,18582,43695,129,117,12,0.002677651905252317,0.000699601765149069,1.1025641025641026,0.006942202131094608,0.9069767441860465
decode,32,3,linear,3.400000000000004,18582,43695,105,95,10,0.0021741618034100013,0.0006457862447529867,1.105263157894737,0.0056506296415886345,0.9047619047619048
decode,32,3,linear,3.4500000000000046,18582,43695,86,77,9,0.0017622153564481062,0.00048433968356474005,1.1168831168831168,0.004628134754063071,0.8953488372093024
decode,32,3,linear,3.5000000000000044,18582,43695,71,64,7,0.0014646984780867377,0.00037670864277257563,1.109375,0.0038209019481218382,0.9014084507042254
decode,32,3,linear,3.5500000000000043,18582,43695,55,49,6,0.0011214097722851584,0.00016144656118824668,1.1224489795918366,0.0029598536217845224,0.8909090909090909
decode,32,3,linear,3.600000000000005,18582,43695,42,37,5,0.0008467788076438952,0.00010763104079216446,1.135135135135135,0.0022602518566354536,0.8809523809523809
decode,32,3,linear,3.650000000000005,18582,43695,28,27,1,0.0006179196704428424,5.381552039608223e-05,1.037037037037037,0.0015068345710903025,0.9642857142857143
decode,32,3,linear,3.7000000000000046,18582,43695,22,21,1,0.00048060418812221077,5.381552039608223e-05,1.0476190476190477,0.0011839414487138092,0.9545454545454546
decode,32,3,linear,3.7500000000000044,18582,43695,19,18,1,0.00041194644696189496,5.381552039608223e-05,1.0555555555555556,0.0010224948875255625,0.9473684210526315
decode,32,3,linear,3.8000000000000043,18582,43695,11,11,0,0.000251745050921158,5.381552039608223e-05,1.0,0.0005919707243569046,1.0
decode,32,3,linear,3.850000000000005,18582,43695,11,11,0,0.000251745050921158,5.381552039608223e-05,1.0,0.0005919707243569046,1.0
decode,32,3,linear,3.900000000000005,18582,43695,8,8,0,0.0001830873097608422,5.381552039608223e-05,1.0,0.00043052416316865784,1.0
decode,32,3,linear,3.9500000000000046,18582,43695,3,3,0,6.865774116031582e-05,5.381552039608223e-05,1.0,0.00016144656118824668,1.0
decode,32,3,linear,4.000000000000005,18582,43695,3,3,0,6.865774116031582e-05,5.381552039608223e-05,1.0,0.00016144656118824668,1.0
decode,32,3,linear,4.050000000000005,18582,43695,1,1,0,2.2885913720105276e-05,5.381552039608223e-05,1.0,5.381552039608223e-05,1.0
decode,32,3,linear,4.100000000000005,18582,43695,0,0,0,0.0,0.0,inf,0.0,0.0
decode,32,3,linear,4.150000000000005,18582,43695,0,0,0,0.0,0.0,inf,0.0,0.0
decode,32,3,linear,4.200000000000005,18582,43695,0,0,0,0.0,0.0,inf,0.0,0.0
decode,32,3,linear,4.250000000000005,18582,43695,0,0,0,0.0,0.0,inf,0.0,0.0
decode,32,3,linear,4.300000000000005,18582,43695,0,0,0,0.0,0.0,inf,0.0,0.0
decode,32,3,linear,4.350000000000005,18582,43695,0,0,0,0.0,0.0,inf,0.0,0.0
decode,32,3,linear,4.400000000000006,18582,43695,0,0,0,0.0,0.0,inf,0.0,0.0
decode,32,3,linear,4.4500000000000055,18582,43695,0,0,0,0.0,0.0,inf,0.0,0.0
decode,32,3,linear,4.500000000000005,18582,43695,0,0,0,0.0,0.0,inf,0.0,0.0
decode,32,3,linear,4.550000000000005,18582,43695,0,0,0,0.0,0.0,inf,0.0,0.0
decode,32,3,linear,4.600000000000005,18582,43695,0,0,0,0.0,0.0,inf,0.0,0.0
decode,32,3,linear,4.650000000000006,18582,43695,0,0,0,0.0,0.0,inf,0.0,0.0
decode,32,3,linear,4.7000000000000055,18582,43695,0,0,0,0.0,0.0,inf,0.0,0.0
decode,32,3,linear,4.750000000000005,18582,43695,0,0,0,0.0,0.0,inf,0.0,0.0
decode,32,3,linear,4.800000000000006,18582,43695,0,0,0,0.0,0.0,inf,0.0,0.0
decode,32,3,linear,4.850000000000006,18582,43695,0,0,0,0.0,0.0,inf,0.0,0.0
decode,32,3,linear,4.900000000000006,18582,43695,0,0,0,0.0,0.0,inf,0.0,0.0
decode,32,3,linear,4.9500000000000055,18582,43695,0,0,0,0.0,0.0,inf,0.0,0.0
decode,32,3,linear,5.000000000000005,18582,43695,0,0,0,0.0,0.0,inf,0.0,0.0
decode,32,3,linear,5.050000000000006,18582,43695,0,0,0,0.0,0.0,inf,0.0,0.0
decode,32,3,linear,5.100000000000006,18582,43695,0,0,0,0.0,0.0,inf,0.0,0.0
decode,32,3,linear,5.150000000000006,18582,43695,0,0,0,0.0,0.0,inf,0.0,0.0
decode,32,3,linear,5.200000000000006,18582,43695,0,0,0,0.0,0.0,inf,0.0,0.0
decode,32,3,linear,5.250000000000006,18582,43695,0,0,0,0.0,0.0,inf,0.0,0.0
decode,32,3,linear,5.300000000000006,18582,43695,0,0,0,0.0,0.0,inf,0.0,0.0
decode,32,3,linear,5.350000000000006,18582,43695,0,0,0,0.0,0.0,inf,0.0,0.0
decode,32,3,linear,5.400000000000006,18582,43695,0,0,0,0.0,0.0,inf,0.0,0.0
decode,32,3,linear,5.450000000000006,18582,43695,0,0,0,0.0,0.0,inf,0.0,0.0
decode,32,3,linear,5.500000000000006,18582,43695,0,0,0,0.0,0.0,inf,0.0,0.0
decode,32,3,linear,5.550000000000006,18582,43695,0,0,0,0.0,0.0,inf,0.0,0.0
decode,32,3,linear,5.600000000000007,18582,43695,0,0,0,0.0,0.0,inf,0.0,0.0
decode,32,3,linear,5.650000000000007,18582,43695,0,0,0,0.0,0.0,inf,0.0,0.0
decode,32,3,linear,5.700000000000006,18582,43695,0,0,0,0.0,0.0,inf,0.0,0.0
decode,32,3,linear,5.750000000000006,18582,43695,0,0,0,0.0,0.0,inf,0.0,0.0
decode,32,3,linear,5.800000000000006,18582,43695,0,0,0,0.0,0.0,inf,0.0,0.0
decode,32,3,linear,5.850000000000007,18582,43695,0,0,0,0.0,0.0,inf,0.0,0.0
decode,32,3,linear,5.900000000000007,18582,43695,0,0,0,0.0,0.0,inf,0.0,0.0
decode,32,3,linear,5.950000000000006,18582,43695,0,0,0,0.0,0.0,inf,0.0,0.0
decode,32,3,linear,6.000000000000007,18582,43695,0,0,0,0.0,0.0,inf,0.0,0.0
decode,32,9,transition,-1.5,10025,25567,317912,25535,292377,0.9987483865920914,0.9968079800498754,12.45004895241825,31.711920199501247,0.08032096932484462
decode,32,9,transition,-1.45,10025,25567,316462,25519,290943,0.998122579888137,0.995211970074813,12.401034523296367,31.56728179551122,0.08063843368240105
decode,32,9,transition,-1.4,10025,25567,314657,25504,289153,0.9975358861031799,0.993715710723192,12.337554893350063,31.3872319201995,0.0810533374436291
decode,32,9,transition,-1.3499999999999999,10025,25567,312208,25477,286731,0.996479837290257,0.9910224438902743,12.254504062487735,31.14294264339152,0.08160264951570748
decode,32,9,transition,-1.2999999999999998,10025,25567,309187,25443,283744,0.995149998044354,0.9877306733167083,12.152144008175137,30.841596009975063,0.08229000572469088
decode,32,9,transition,-1.2499999999999998,10025,25567,305490,25407,280083,0.9937419329604569,0.9844389027431422,12.023851694414924,30.47281795511222,0.08316802513993911
decode,32,9,transition,-1.1999999999999997,10025,25567,301213,25361,275852,0.9919427386865882,0.9803491271820449,11.877015890540594,30.046184538653367,0.08419623323030546
decode,32,9,transition,-1.1499999999999997,10025,25567,296350,25302,271048,0.9896350764657567,0.974862842892768,11.7125128448344,29.561097256857856,0.08537877509701366
decode,32,9,transition,-1.0999999999999996,10025,25567,290865,25255,265610,0.9877967692728908,0.971072319201995,11.517125321718472,29.013965087281797,0.0868272222508724
decode,32,9,transition,-1.0499999999999996,10025,25567,284555,25179,259376,0.9848241874291078,0.9648877805486284,11.301282815044283,28.384538653366583,0.08848553003812971
decode,32,9,transition,-0.9999999999999996,10025,25567,277706,25103,252603,0.9818516055853248,0.9581047381546135,11.062661833247022,27.70134663341646,0.09039415785038854
decode,32,9,transition,-0.9499999999999995,10025,25567,270141,25012,245129,0.9782923299565847,0.950423940149626,10.800455781225011,26.946733167082293,0.09258868516811591
decode,32,9,transition,-0.8999999999999995,10025,25567,261760,24908,236852,0.9742245863808816,0.9416458852867831,10.509073390075478,26.11072319201995,0.09515586797066014
decode,32,9,transition,-0.8499999999999994,10025,25567,252809,24794,228015,0.9697657136152071,0.9316708229426434,10.196378156005485,25.21785536159601,0.09807404008559822
decode,32,9,transition,-0.7999999999999994,10025,25567,243519,24638,218881,0.9636640982516526,0.9182044887780548,9.883878561571557,24.291172069825436,0.10117485699267818
decode,32,9,transition,-0.7499999999999993,10025,25567,233744,24459,209285,0.9566628857511636,0.903640897755611,9.556564045954454,23.316109725685784,0.1046401191046615
decode,32,9,transition,-0.6999999999999993,10025,25567,223113,24237,198876,0.9479798177337975,0.8869825436408978,9.205470974130462,22.2556608478803,0.10863105242634898
decode,32,9,transition,-0.6499999999999992,10025,25567,212141,24007,188134,0.9389838463644542,0.8688279301745636,8.836630982630066,21.161197007481295,0.11316530043697352
decode,32,9,transition,-0.5999999999999992,10025,25567,201131,23774,177357,0.9298705362381194,0.852568578553616,8.460124505762598,20.062942643391523,0.11820157012096594
decode,32,9,transition,-0.5499999999999992,10025,25567,190009,23491,166518,0.9188015801619275,0.8325187032418953,8.088587118470905,18.95351620947631,0.12363098590066786
decode,32,9,transition,-0.4999999999999991,10025,25567,179109,23164,155945,0.9060116556498612,0.810074812967581,7.732213780003454,17.86623441396509,0.12932906777437203
decode,32,9,transition,-0.44999999999999907,10025,25567,168326,22810,145516,0.8921656823248719,0.7871321695760598,7.379482683033757,16.79062344139651,0.13551085393819137
decode,32,9,transition,-0.399999999999999,10025,25567,158229,22419,135810,0.8768725309969883,0.7596009975062344,7.057808109193095,15.783441396508728,0.14168704851828678
decode,32,9,transition,-0.349999999999999,10025,25567,148724,22021,126703,0.8613055892361247,0.731571072319202,6.753735071068525,14.835311720698254,0.14806621661601355
decode,32,9,transition,-0.29999999999999893,10025,25567,139766,21618,118148,0.8455430828802754,0.7053366583541147,6.465260431122213,13.941745635910225,0.15467281026859178
decode,32,9,transition,-0.2499999999999989,10025,25567,131286,21167,110119,0.8279031564125631,0.6758104738154613,6.20239051353522,13.095860349127182,0.16122815837179896
decode,32,9,transition,-0.19999999999999885,10025,25567,123360,20723,102637,0.8105370203778308,0.6491770573566085,5.952806060898519,12.305236907730674,0.16798800259403374
decode,32,9,transition,-0.1499999999999988,10025,25567,116109,20261,95848,0.79246685180115,0.6213466334164589,5.7306648240461975,11.581945137157108,0.17449982344176593
decode,32,9,transition,-0.09999999999999876,10025,25567,109057,19720,89337,0.7713067626236946,0.5886284289276807,5.5302738336714,10.878503740648378,0.18082287244285097
decode,32,9,transition,-0.04999999999999871,10025,25567,102801,19197,83604,0.7508507059881879,0.558503740648379,5.355055477418347,10.254463840399003,0.1867394286047801
decode,32,9,transition,1.3322676295501878e-15,10025,25567,96778,18701,78077,0.7314506981656042,0.5347630922693267,5.175017378749799,9.653665835411472,0.19323606604806878
decode,32,9,transition,0.05000000000000138,10025,25567,91023,18172,72851,0.7107599640161145,0.5092269326683292,5.008969843715606,9.079600997506235,0.19964184876349933
decode,32,9,transition,0.10000000000000142,10025,25567,85722,17701,68021,0.6923377791684593,0.4859850374064838,4.84277724422349,8.550822942643391,0.20649308228926064
decode,32,9,transition,0.15000000000000147,10025,25567,80708,17203,63505,0.6728595455078813,0.4619451371571072,4.6915072952392025,8.05067331670823,0.21315111265302078
decode,32,9,transition,0.2000000000000015,10025,25567,75966,16687,59279,0.6526772793053546,0.43571072319202,4.552406064601186,7.577655860349127,0.21966406023747467
decode,32,9,transition,0.25000000000000155,10025,25567,71748,16184,55564,0.6330034810497908,0.4148628428927681,4.433267424616906,7.156907730673317,0.2255672631989742
decode,32,9,transition,0.3000000000000016,10025,25567,67715,15679,52036,0.6132514569562326,0.39231920199501247,4.318834109318196,6.754613466334164,0.23154397105515764
decode,32,9,transition,0.35000000000000164,10025,25567,64034,15272,48762,0.5973324989243948,0.37625935162094765,4.192902042954427,6.387431421446384,0.23849829777930476
decode,32,9,transition,0.4000000000000017,10025,25567,60545,14807,45738,0.5791449915907224,0.35571072319201996,4.08894441818059,6.039401496259352,0.24456189611033116
decode,32,9,transition,0.45000000000000173,10025,25567,57348,14358,42990,0.5615832909610045,0.34014962593516207,3.9941496030087755,5.720498753117207,0.250366185394434
decode,32,9,transition,0.5000000000000018,10025,25567,54359,13926,40433,0.5446865099542378,0.3239900249376559,3.903418066925176,5.422344139650873,0.25618572821427915
decode,32,9,transition,0.5500000000000016,10025,25567,51461,13436,38025,0.5255211796456369,0.3034413965087282,3.8300833581423044,5.133266832917705,0.26109092322341193
decode,32,9,transition,0.6000000000000019,10025,25567,48828,12995,35833,0.5082723823678961,0.28718204488778054,3.7574451712197,4.870623441396509,0.2661382813140002
decode,32,9,transition,0.6500000000000021,10025,25567,46307,12582,33725,0.49211874682207535,0.2716209476309227,3.680416467970116,4.619152119700749,0.27170838102230765
decode,32,9,transition,0.700000000000002,10025,25567,43925,12158,31767,0.47553486916728593,0.25486284289276806,3.612847507813785,4.381546134663342,0.2767899829254411
decode,32,9,transition,0.7500000000000018,10025,25567,41703,11784,29919,0.46090663746235383,0.24109725685785535,3.538951120162933,4.159900249376559,0.2825695993094022
decode,32,9,transition,0.800000000000002,10025,25567,39476,11343,28133,0.44365784018461296,0.2254364089775561,3.480208057833025,3.9377556109725687,0.2873391427702908
decode,32,9,transition,0.8500000000000023,10025,25567,37435,10950,26485,0.4282864630187351,0.21256857855361597,3.4187214611872148,3.7341645885286785,0.29250701215440095
decode,32,9,transition,0.9000000000000021,10025,25567,35486,10527,24959,0.4117416982829429,0.19910224438902743,3.3709508881922674,3.5397506234413965,0.2966522008679479
decode,32,9,transition,0.950000000000002,10025,25567,33671,10171,23500,0.39781749911995934,0.1887281795511222,3.310490610559434,3.358703241895262,0.30207003059012205
decode,32,9,transition,1.0000000000000022,10025,25567,31807,9790,22017,0.38291547698204714,0.17566084788029926,3.248927477017365,3.1727680798004987,0.30779388184990725
decode,32,9,transition,1.0500000000000025,10025,25567,30202,9445,20757,0.36942151992803224,0.1658852867830424,3.197670725251456,3.0126683291770573,0.3127276339315277
decode,32,9,transition,1.1000000000000023,10025,25567,28690,9079,19611,0.3551061915750772,0.15541147132169575,3.1600396519440466,2.8618453865336657,0.3164517253398397
decode,32,9,transition,1.1500000000000021,10025,25567,27234,8753,18481,0.34235537998200805,0.1459351620947631,3.1113903804409917,2.7166084788029927,0.321399720937064
decode,32,9,transition,1.2000000000000024,10025,25567,25816,8386,17430,0.3280009387100559,0.13566084788029925,3.0784641068447414,2.575162094763092,0.32483731019522777
decode,32,9,transition,1.2500000000000027,10025,25567,24466,8071,16395,0.3156803692259553,0.12708229426433915,3.0313467971750714,2.440498753117207,0.3298863729256928
decode,32,9,transition,1.3000000000000025,10025,25567,23255,7784,15471,0.30445496147377477,0.11920199501246882,2.9875385405960944,2.3197007481296756,0.33472371533003653
decode,32,9,transition,1.3500000000000023,10025,25567,22136,7496,14640,0.2931904408025971,0.11192019950124689,2.953041622198506,2.208079800498753,0.3386338995301771
decode,32,9,transition,1.4000000000000026,10025,25567,21057,7191,13866,0.281261000508468,0.10423940149625935,2.928243637880684,2.100448877805486,0.3415016384100299
decode,32,9,transition,1.4500000000000028,10025,25567,20041,6917,13124,0.27054406070325027,0.09675810473815462,2.8973543443689462,1.9991022443890274,0.3451424579611796
decode,32,9,transition,1.5000000000000027,10025,25567,19039,6632,12407,0.25939687878906403,0.0913715710723192,2.8707780458383594,1.8991521197007482,0.34833762277430536
decode,32,9,transition,1.5500000000000025,10025,25567,18145,6386,11759,0.24977510071576642,0.0858852867830424,2.8413717507046665,1.8099750623441397,0.3519426839349683
decode,32,9,transition,1.6000000000000028,10025,25567,17185,6081,11104,0.23784566042163727,0.07900249376558603,2.826015457983884,1.714214463840399,0.35385510619726507
decode,32,9,transition,1.650000000000003,10025,25567,16301,5838,10463,0.2283412211053311,0.07401496259351621,2.7922233641658103,1.6260349127182046,0.35813753757438194
decode,32,9,transition,1.7000000000000028,10025,25567,15397,5560,9837,0.21746782962412484,0.0686284289276808,2.7692446043165466,1.535860349127182,0.36110930700785865
decode,32,9,transition,1.7500000000000027,10025,25567,14517,5282,9235,0.2065944381429186,0.06463840399002493,2.7483907610753504,1.4480798004987532,0.36384928015430185
decode,32,9,transition,1.800000000000003,10025,25567,13723,5011,8712,0.19599483709469237,0.059750623441396505,2.7385751347036518,1.3688778054862842,0.36515339211542663
decode,32,9,transition,1.8500000000000032,10025,25567,12991,4791,8200,0.18738999491532052,0.056359102244389024,2.7115424754748485,1.295860349127182,0.368793780309445
decode,32,9,transition,1.900000000000003,10025,25567,12311,4564,7747,0.17851136230296866,0.05336658354114713,2.6974145486415426,1.2280299251870324,0.37072536755746893
decode,32,9,transition,1.9500000000000028,10025,25567,11598,4338,7260,0.16967184260961396,0.050174563591022445,2.673582295988935,1.1569077306733166,0.37403000517330576
decode,32,9,transition,2.000000000000003,10025,25567,10924,4108,6816,0.16067587124027066,0.04638403990024938,2.6592015579357353,1.0896758104738156,0.3760527279384841
decode,32,9,transition,2.0500000000000034,10025,25567,10254,3865,6389,0.15117143192396448,0.04339152119700748,2.6530401034928848,1.0228428927680797,0.37692607762824265
decode,32,9,transition,2.100000000000003,10025,25567,9653,3634,6019,0.14213634763562405,0.039600997506234414,2.6563015960374243,0.9628927680798005,0.3764632756655962
decode,32,9,transition,2.150000000000003,10025,25567,9083,3415,5668,0.13357061837524933,0.03690773067331671,2.659736456808199,0.9060349127182045,0.37597710007706703
decode,32,9,transition,2.2000000000000033,10025,25567,8506,3192,5314,0.12484843743888606,0.03391521197007481,2.6647869674185465,0.8484788029925187,0.3752645191629438
decode,32,9,transition,2.2500000000000036,10025,25567,7952,2952,5000,0.11546133687957132,0.03182044887780549,2.693766937669377,0.793216957605985,0.37122736418511065
decode,32,9,transition,2.3000000000000034,10025,25567,7454,2734,4720,0.10693472053819376,0.027830423940149625,2.7264081931236284,0.7435411471321696,0.36678293533673195
decode,32,9,transition,2.350000000000003,10025,25567,6931,2475,4456,0.09680447451793327,0.02513715710723192,2.8004040404040405,0.6913715710723192,0.35709132881258115
decode,32,9,transition,2.4000000000000035,10025,25567,6438,2254,4184,0.08816051941956428,0.02224438902743142,2.8562555456965395,0.6421945137157107,0.3501087294190742
decode,32,9,transition,2.4500000000000037,10025,25567,5949,2028,3921,0.07932099972620957,0.0199501246882793,2.9334319526627217,0.5934164588528679,0.34089762985375693
decode,32,9,transition,2.5000000000000036,10025,25567,5510,1812,3698,0.0708726092228263,0.01765586034912718,3.04083885209713,0.5496259351620948,0.32885662431941926
decode,32,9,transition,2.5500000000000034,10025,25567,5108,1629,3479,0.06371494504634881,0.01605985037406484,3.1356660527931246,0.5095261845386534,0.31891151135473766
decode,32,9,transition,2.600000000000003,10025,25567,4740,1443,3297,0.056439942112879886,0.01486284289276808,3.284823284823285,0.47281795511221947,0.30443037974683546
decode,32,9,transition,2.650000000000004,10025,25567,4433,1292,3141,0.05053389134431103,0.013765586034912718,3.431114551083591,0.4421945137157107,0.2914504849988721
decode,32,9,transition,2.7000000000000037,10025,25567,4101,1139,2962,0.04454961473774788,0.012169576059850374,3.6005267778753294,0.40907730673316706,0.27773713728358934
decode,32,9,transition,2.7500000000000036,10025,25567,3829,998,2831,0.039034693159150466,0.01087281795511222,3.8366733466933867,0.3819451371571072,0.26064246539566466
decode,32,9,transition,2.8000000000000043,10025,25567,3533,859,2674,0.03359799741854735,0.01027431421446384,4.112922002328289,0.35241895261845385,0.24313614491933203
decode,32,9,transition,2.850000000000004,10025,25567,3286,759,2527,0.02968670551883287,0.00967581047381546,4.329380764163373,0.3277805486284289,0.23097991479001825
decode,32,9,transition,2.900000000000004,10025,25567,3054,645,2409,0.025227832753158368,0.00887780548628429,4.734883720930233,0.30463840399002495,0.2111984282907662
decode,32,9,transition,2.9500000000000037,10025,25567,2837,555,2282,0.02170767004341534,0.008079800498753117,5.1117117117117115,0.2829925187032419,0.19562918575960522
decode,32,9,transition,3.0000000000000036,10025,25567,2602,443,2159,0.017327023115735127,0.007182044887780549,5.873589164785553,0.2595511221945137,0.17025365103766332
decode,32,9,transition,3.0500000000000043,10025,25567,2435,381,2054,0.014902022137912153,0.006483790523690773,6.391076115485564,0.2428927680798005,0.1564681724845996
decode,32,9,transition,3.100000000000004,10025,25567,2284,330,1954,0.01290726326905777,0.00628428927680798,6.921212121212121,0.22783042394014963,0.14448336252189142
decode,32,9,transition,3.150000000000004,10025,25567,2141,277,1864,0.010834278562209098,0.005586034912718204,7.729241877256317,0.21356608478802994,0.1293787949556282
decode,32,9,transition,3.2000000000000046,10025,25567,2010,244,1766,0.00954355223530332,0.005286783042394015,8.237704918032787,0.200498753117207,0.12139303482587065
decode,32,9,transition,3.2500000000000044,10025,25567,1916,217,1699,0.008487503422380412,0.004788029925187032,8.829493087557603,0.1911221945137157,0.11325678496868476
decode,32,9,transition,3.3000000000000043,10025,25567,1832,192,1640,0.007509680447451793,0.004189526184538653,9.541666666666666,0.1827431421446384,0.10480349344978165
decode,32,9,transition,3.350000000000004,10025,25567,1743,176,1567,0.0068838737434974775,0.0036907730673316707,9.903409090909092,0.1738653366583541,0.10097532989099255
decode,32,9,transition,3.400000000000004,10025,25567,1663,158,1505,0.0061798412015488715,0.0028927680798004987,10.525316455696203,0.1658852867830424,0.09500901984365605
decode,32,9,transition,3.4500000000000046,10025,25567,1589,143,1446,0.0055931474165917,0.0025935162094763093,11.111888111888112,0.15850374064837905,0.08999370673379484
decode,32,9,transition,3.5000000000000044,10025,25567,1525,138,1387,0.0053975828216059766,0.0025935162094763093,11.05072463768116,0.15211970074812967,0.09049180327868853
decode,32,9,transition,3.5500000000000043,10025,25567,1464,129,1335,0.0050455665506316735,0.002394014962593516,11.348837209302326,0.14603491271820448,0.08811475409836066
decode,32,9,transition,3.600000000000005,10025,25567,1375,117,1258,0.004576211522665937,0.002394014962593516,11.752136752136753,0.1371571072319202,0.08509090909090909
decode,32,9,transition,3.650000000000005,10025,25567,1314,102,1212,0.003989517737708765,0.0020947630922693266,12.882352941176471,0.13107231920199502,0.0776255707762557
decode,32,9,transition,3.7000000000000046,10025,25567,1252,99,1153,0.003872178980717331,0.0020947630922693266,12.646464646464647,0.12488778054862842,0.07907348242811502
decode,32,9,transition,3.7500000000000044,10025,25567,1177,93,1084,0.0036375014667344623,0.0018952618453865336,12.655913978494624,0.1174064837905237,0.0790144435004248
decode,32,9,transition,3.8000000000000043,10025,25567,1114,89,1025,0.0034810497907458832,0.0018952618453865336,12.51685393258427,0.11112219451371572,0.07989228007181329
decode,32,9,transition,3.850000000000005,10025,25567,1057,79,978,0.0030899206007744357,0.0018952618453865336,13.379746835443038,0.10543640897755611,0.07473982970671712
decode,32,9,transition,3.900000000000005,10025,25567,992,73,919,0.0028552430867915674,0.0018952618453865336,13.58904109589041,0.09895261845386534,0.07358870967741936
decode,32,9,transition,3.9500000000000046,10025,25567,932,67,865,0.0026205655728086985,0.0018952618453865336,13.91044776119403,0.09296758104738155,0.07188841201716738
decode,32,9,transition,4.000000000000005,10025,25567,878,60,818,0.0023467751398286853,0.0017955112219451373,14.633333333333333,0.08758104738154614,0.0683371298405467
decode,32,9,transition,4.050000000000005,10025,25567,826,58,768,0.002268549301834396,0.0016957605985037406,14.241379310344827,0.08239401496259352,0.07021791767554479
decode,32,9,transition,4.100000000000005,10025,25567,774,53,721,0.002072984706848672,0.0016957605985037406,14.60377358490566,0.0772069825436409,0.06847545219638243
decode,32,9,transition,4.150000000000005,10025,25567,722,44,678,0.0017209684358743694,0.0015960099750623442,16.40909090909091,0.07201995012468827,0.060941828254847646
decode,32,9,transition,4.200000000000005,10025,25567,667,39,628,0.0015254038408886454,0.0014962593516209476,17.102564102564102,0.06653366583541147,0.05847076461769116
decode,32,9,transition,4.250000000000005,10025,25567,612,37,575,0.001447178002894356,0.001396508728179551,16.54054054054054,0.06104738154613466,0.06045751633986928
decode,32,9,transition,4.300000000000005,10025,25567,556,32,524,0.0012516134079086322,0.001396508728179551,17.375,0.05546134663341646,0.05755395683453238
decode,32,9,transition,4.350000000000005,10025,25567,515,30,485,0.0011733875699143426,0.001396508728179551,17.166666666666668,0.051371571072319204,0.05825242718446602
decode,32,9,transition,4.400000000000006,10025,25567,482,30,452,0.0011733875699143426,0.001396508728179551,16.066666666666666,0.048079800498753114,0.06224066390041494
decode,32,9,transition,4.4500000000000055,10025,25567,445,30,415,0.0011733875699143426,0.001396508728179551,14.833333333333334,0.044389027431421445,0.06741573033707865
decode,32,9,transition,4.500000000000005,10025,25567,400,29,371,0.001134274650917198,0.001396508728179551,13.793103448275861,0.0399002493765586,0.0725
decode,32,9,transition,4.550000000000005,10025,25567,353,29,324,0.001134274650917198,0.001396508728179551,12.172413793103448,0.03521197007481297,0.0821529745042493
decode,32,9,transition,4.600000000000005,10025,25567,316,29,287,0.001134274650917198,0.001396508728179551,10.89655172413793,0.031521197007481294,0.09177215189873418
decode,32,9,transition,4.650000000000006,10025,25567,276,25,251,0.0009778229749286189,0.0010972568578553616,11.04,0.027531172069825437,0.09057971014492754
decode,32,9,transition,4.7000000000000055,10025,25567,238,22,216,0.0008604842179371847,0.000997506234413965,10.818181818181818,0.02374064837905237,0.09243697478991597
decode,32,9,transition,4.750000000000005,10025,25567,195,17,178,0.0006649196229514609,0.0006982543640897755,11.470588235294118,0.01945137157107232,0.08717948717948718
decode,32,9,transition,4.800000000000006,10025,25567,157,12,145,0.00046935502796573706,0.000598503740648379,13.083333333333334,0.015660847880299252,0.07643312101910828
decode,32,9,transition,4.850000000000006,10025,25567,123,11,112,0.00043024210896859235,0.000598503740648379,11.181818181818182,0.012269326683291771,0.08943089430894309
decode,32,9,transition,4.900000000000006,10025,25567,97,10,87,0.0003911291899714476,0.0004987531172069825,9.7,0.00967581047381546,0.10309278350515463
decode,32,9,transition,4.9500000000000055,10025,25567,75,7,68,0.00027379043298001327,0.0002992518703241895,10.714285714285714,0.007481296758104738,0.09333333333333334
decode,32,9,transition,5.000000000000005,10025,25567,59,5,54,0.0001955645949857238,0.00019950124688279303,11.8,0.005885286783042394,0.0847457627118644
decode,32,9,transition,5.050000000000006,10025,25567,38,4,34,0.00015645167598857902,0.00019950124688279303,9.5,0.0037905236907730673,0.10526315789473684
decode,32,9,transition,5.100000000000006,10025,25567,22,2,20,7.822583799428951e-05,9.975062344139652e-05,11.0,0.0021945137157107233,0.09090909090909091
decode,32,9,transition,5.150000000000006,10025,25567,19,2,17,7.822583799428951e-05,9.975062344139652e-05,9.5,0.0018952618453865336,0.10526315789473684
decode,32,9,transition,5.200000000000006,10025,25567,14,2,12,7.822583799428951e-05,9.975062344139652e-05,7.0,0.001396508728179551,0.14285714285714285
decode,32,9,transition,5.250000000000006,10025,25567,7,1,6,3.9112918997144755e-05,9.975062344139652e-05,7.0,0.0006982543640897755,0.14285714285714285
decode,32,9,transition,5.300000000000006,10025,25567,5,1,4,3.9112918997144755e-05,9.975062344139652e-05,5.0,0.0004987531172069825,0.2
decode,32,9,transition,5.350000000000006,10025,25567,4,1,3,3.9112918997144755e-05,9.975062344139652e-05,4.0,0.00039900249376558606,0.25
decode,32,9,transition,5.400000000000006,10025,25567,3,1,2,3.9112918997144755e-05,9.975062344139652e-05,3.0,0.0002992518703241895,0.3333333333333333
decode,32,9,transition,5.450000000000006,10025,25567,0,0,0,0.0,0.0,inf,0.0,0.0
decode,32,9,transition,5.500000000000006,10025,25567,0,0,0,0.0,0.0,inf,0.0,0.0
decode,32,9,transition,5.550000000000006,10025,25567,0,0,0,0.0,0.0,inf,0.0,0.0
decode,32,9,transition,5.600000000000007,10025,25567,0,0,0,0.0,0.0,inf,0.0,0.0
decode,32,9,transition,5.650000000000007,10025,25567,0,0,0,0.0,0.0,inf,0.0,0.0
decode,32,9,transition,5.700000000000006,10025,25567,0,0,0,0.0,0.0,inf,0.0,0.0
decode,32,9,transition,5.750000000000006,10025,25567,0,0,0,0.0,0.0,inf,0.0,0.0
decode,32,9,transition,5.800000000000006,10025,25567,0,0,0,0.0,0.0,inf,0.0,0.0
decode,32,9,transition,5.850000000000007,10025,25567,0,0,0,0.0,0.0,inf,0.0,0.0
decode,32,9,transition,5.900000000000007,10025,25567,0,0,0,0.0,0.0,inf,0.0,0.0
decode,32,9,transition,5.950000000000006,10025,25567,0,0,0,0.0,0.0,inf,0.0,0.0
decode,32,9,transition,6.000000000000007,10025,25567,0,0,0,0.0,0.0,inf,0.0,0.0
decode,32,9,linear,-1.5,10025,25567,303041,25459,277582,0.9957758047483084,0.9899251870324189,11.903099100514552,30.22852867830424,0.08401173438577618
decode,32,9,linear,-1.45,10025,25567,300703,25439,275264,0.9949935463683655,0.9881296758104738,11.820551122292542,29.995311720698254,0.08459842435891893
decode,32,9,linear,-1.4,10025,25567,298106,25423,272683,0.9943677396644112,0.9866334164588528,11.725838807379144,29.736259351620948,0.08528174541941456
decode,32,9,linear,-1.3499999999999999,10025,25567,295279,25408,269871,0.993781045879454,0.9851371571072319,11.62149716624685,29.454264339152118,0.08604743310563907
decode,32,9,linear,-1.2999999999999998,10025,25567,292163,25389,266774,0.9930379004185083,0.9834413965087282,11.507463862302572,29.143441396508727,0.08690012082296526
decode,32,9,linear,-1.2499999999999998,10025,25567,288761,25358,263403,0.9918253999295967,0.9808478802992519,11.38737282120041,28.804089775561096,0.08781656802684573
decode,32,9,linear,-1.1999999999999997,10025,25567,285102,25327,259775,0.9906128994406853,0.9781546134663341,11.256840525920953,28.439102244389026,0.08883487313312428
decode,32,9,linear,-1.1499999999999997,10025,25567,281213,25288,255925,0.9890874955997966,0.9746633416458853,11.120412844036696,28.051172069825437,0.08992471898525317
decode,32,9,linear,-1.0999999999999996,10025,25567,276978,25245,251733,0.9874056400829194,0.9708728179551123,10.971598336304218,27.62872817955112,0.09114442302276715
decode,32,9,linear,-1.0499999999999996,10025,25567,272453,25190,247263,0.9852544295380764,0.9663840399002493,10.815919015482335,27.177356608478803,0.09245631356600956
decode,32,9,linear,-0.9999999999999996,10025,25567,267621,25139,242482,0.983259670669222,0.9620947630922694,10.645650184971558,26.695361596009974,0.09393507983304748
decode,32,9,linear,-0.9499999999999995,10025,25567,262465,25079,237386,0.9809128955293933,0.9571072319201995,10.46552892858567,26.181047381546136,0.09555178785742861
decode,32,9,linear,-0.8999999999999995,10025,25567,257033,25016,232017,0.9784487816325732,0.9512219451371571,10.274744163735209,25.63920199501247,0.09732602428481946
decode,32,9,linear,-0.8499999999999994,10025,25567,251180,24941,226239,0.9755153127077874,0.9450374064837905,10.070967483260494,25.055361596009973,0.09929532606099212
decode,32,9,linear,-0.7999999999999994,10025,25567,245176,24869,220307,0.972699182539993,0.9394513715710723,9.858699585829747,24.45645885286783,0.10143325610989656
decode,32,9,linear,-0.7499999999999993,10025,25567,239063,24786,214277,0.9694528102632299,0.9329675810473815,9.645081901073187,23.846683291770574,0.10367978315339471
decode,32,9,linear,-0.6999999999999993,10025,25567,232732,24679,208053,0.9652677279305355,0.9248877805486284,9.430365898132015,23.21516209476309,0.10604042417888386
decode,32,9,linear,-0.6499999999999992,10025,25567,225941,24580,201361,0.9613955489498182,0.9173067331670823,9.19206672091131,22.537755610972567,0.10878946273584697
decode,32,9,linear,-0.5999999999999992,10025,25567,219052,24468,194584,0.9570149020221379,0.9095261845386534,8.952591139447442,21.850573566084787,0.11169950514033197
decode,32,9,linear,-0.5499999999999992,10025,25567,211930,24351,187579,0.9524386904994719,0.9005486284289277,8.703133341546549,21.140149625935162,0.11490114660501109
decode,32,9,linear,-0.4999999999999991,10025,25567,204614,24211,180403,0.9469628818398718,0.8903740648379053,8.4512824749081,20.410374064837907,0.1183252367873166
decode,32,9,linear,-0.44999999999999907,10025,25567,197386,24089,173297,0.9421911057222201,0.8808977556109726,8.19403047033916,19.68937655860349,0.12204006363166588
decode,32,9,linear,-0.399999999999999,10025,25567,189840,23936,165904,0.9362068291156569,0.8695261845386534,7.93114973262032,18.936658354114712,0.12608512431521282
decode,32,9,linear,-0.349999999999999,10025,25567,182282,23748,158534,0.9288536003441937,0.8547630922693267,7.675677951827522,18.182743142144638,0.13028165150700563
decode,32,9,linear,-0.29999999999999893,10025,25567,174572,23570,151002,0.9218915007627019,0.8418952618453865,7.406533729316928,17.41366583541147,0.13501592466145773
decode,32,9,linear,-0.2499999999999989,10025,25567,167096,23402,143694,0.9153205303711816,0.8295261845386533,7.1402444235535425,16.66793017456359,0.14005122803657777
decode,32,9,linear,-0.19999999999999885,10025,25567,159531,23212,136319,0.9078890757617241,0.8155610972568579,6.872781320006893,15.913316708229427,0.14550150127561415
decode,32,9,linear,-0.1499999999999988,10025,25567,152043,22986,129057,0.8990495560683693,0.8008977556109725,6.614591490472462,15.16638403990025,0.15118091592510013
decode,32,9,linear,-0.09999999999999876,10025,25567,144737,22786,121951,0.8912269722689404,0.7875311720698255,6.352014394803827,14.437605985037406,0.15743037371231958
decode,32,9,linear,-0.04999999999999871,10025,25567,137491,22536,114955,0.8814487425196542,0.7708728179551122,6.100949591764288,13.714812967581047,0.1639089104014081
decode,32,9,linear,1.3322676295501878e-15,10025,25567,130459,22324,108135,0.8731568036922596,0.7565087281795512,5.843889983873858,13.013366583541147,0.17111889559171847
decode,32,9,linear,0.05000000000000138,10025,25567,123601,22094,101507,0.8641608323229163,0.7417456359102245,5.594324250927854,12.32927680798005,0.17875259908900412
decode,32,9,linear,0.10000000000000142,10025,25567,116896,21827,95069,0.8537176829506786,0.7249875311720698,5.355568790946992,11.660448877805486,0.1867215302491103
decode,32,9,linear,0.15000000000000147,10025,25567,110567,21557,89010,0.8431571948214496,0.708428927680798,5.129053207774737,11.029127182044888,0.1949677571065508
decode,32,9,linear,0.2000000000000015,10025,25567,104318,21248,83070,0.8310713028513318,0.6873815461346633,4.909544427710843,10.4057855361596,0.20368488659675224
decode,32,9,linear,0.25000000000000155,10025,25567,98411,20956,77455,0.8196503305041656,0.6691271820448877,4.696077495705287,9.816558603491272,0.21294367499568137
decode,32,9,linear,0.3000000000000016,10025,25567,92605,20664,71941,0.8082293581569993,0.6512718204488778,4.481465350367789,9.237406483790524,0.22314129906592517
decode,32,9,linear,0.35000000000000164,10025,25567,87039,20328,66711,0.7950874173739586,0.6311221945137158,4.281729634002361,8.68219451371571,0.23355047737221246
decode,32,9,linear,0.4000000000000017,10025,25567,81798,19945,61853,0.7801071693980521,0.6088778054862843,4.101178240160441,8.15940149625935,0.24383236753954865
decode,32,9,linear,0.45000000000000173,10025,25567,76761,19554,57207,0.7648140180701686,0.5883291770573567,3.9255906719852716,7.6569576059850375,0.2547387345136202
decode,32,9,linear,0.5000000000000018,10025,25567,71899,19172,52727,0.7498728830132593,0.5665835411471322,3.750208637596495,7.171970074812967,0.2666518310407655
decode,32,9,linear,0.5500000000000016,10025,25567,67379,18779,48600,0.7345015058473814,0.5454364089775561,3.587997230949465,6.721097256857855,0.27870701553896615
decode,32,9,linear,0.6000000000000019,10025,25567,63054,18388,44666,0.7192083545194978,0.5263840399002494,3.429084185338264,6.289675810473815,0.29162305325593935
decode,32,9,linear,0.6500000000000021,10025,25567,58884,17932,40952,0.7013728634567998,0.503142144638404,3.283738567923266,5.873715710723192,0.30453094219142723
decode,32,9,linear,0.700000000000002,10025,25567,54852,17478,37374,0.6836155982320961,0.4801995012468828,3.1383453484380364,5.4715211970074815,0.3186392474294465
decode,32,9,linear,0.7500000000000018,10025,25567,51260,17065,34195,0.6674619626862752,0.45905236907730673,3.0038089657193083,5.113216957605985,0.33291065158017946
decode,32,9,linear,0.800000000000002,10025,25567,47816,16616,31200,0.6499002620565573,0.4379052369077307,2.8777082330284065,4.7696758104738155,0.3474987451898946
decode,32,9,linear,0.8500000000000023,10025,25567,44504,16178,28326,0.6327688035358079,0.41785536159601,2.750896278897268,4.43930174563591,0.3635178860327162
decode,32,9,linear,0.9000000000000021,10025,25567,41465,15708,25757,0.6143857316071498,0.3959102244389027,2.639737713267125,4.136159600997506,0.37882551549499577
decode,32,9,linear,0.950000000000002,10025,25567,38647,15203,23444,0.5946337075135918,0.37516209476309226,2.542064066302703,3.8550623441396508,0.3933811162574068
decode,32,9,linear,1.0000000000000022,10025,25567,35917,14740,21177,0.5765244260179138,0.3561097256857855,2.4367028493894165,3.5827431421446385,0.4103906228248462
decode,32,9,linear,1.0500000000000025,10025,25567,33319,14210,19109,0.555794578949427,0.33286783042394014,2.3447572132301198,3.3235910224438903,0.4264833878567784
decode,32,9,linear,1.1000000000000023,10025,25567,30934,13684,17250,0.5352211835569288,0.31182044887780547,2.260596316866413,3.0856857855361595,0.44236115600956877
decode,32,9,linear,1.1500000000000021,10025,25567,28549,13142,15407,0.5140219814604764,0.2883790523690773,2.172348196621519,2.847780548628429,0.4603313601176924
decode,32,9,linear,1.2000000000000024,10025,25567,26398,12588,13810,0.4923534243360582,0.26723192019950126,2.0970765808706706,2.633216957605985,0.4768543071444806
decode,32,9,linear,1.2500000000000027,10025,25567,24354,12026,12328,0.47037196385966284,0.2460847880299252,2.0251122567769833,2.4293266832917704,0.49379978648271333
decode,32,9,linear,1.3000000000000025,10025,25567,22510,11515,10995,0.4503852622521219,0.22773067331670824,1.9548415110725141,2.2453865336658354,0.5115504220346513
decode,32,9,linear,1.3500000000000023,10025,25567,20833,11035,9798,0.4316110611334924,0.21316708229426434,1.8879021295876757,2.0781047381546136,0.5296884750156002
decode,32,9,linear,1.4000000000000026,10025,25567,19184,10512,8672,0.4111550044979857,0.1944139650872818,1.8249619482496195,1.9136159600997507,0.5479566305254379
decode,32,9,linear,1.4500000000000028,10025,25567,17664,9976,7688,0.3901904799155161,0.1772568578553616,1.7706495589414595,1.761995012468828,0.5647644927536232
decode,32,9,linear,1.5000000000000027,10025,25567,16244,9466,6778,0.3702428912269723,0.1630922693266833,1.7160363405873653,1.620349127182045,0.5827382418123614
decode,32,9,linear,1.5500000000000025,10025,25567,14910,8919,5991,0.3488481245355341,0.14802992518703242,1.6717120753447696,1.4872817955112219,0.5981891348088532
decode,32,9,linear,1.6000000000000028,10025,25567,13640,8378,5262,0.3276880353580788,0.1343640897755611,1.6280735259011698,1.3605985037406483,0.6142228739002933
decode,32,9,linear,1.650000000000003,10025,25567,12458,7890,4568,0.30860093088747215,0.12149625935162095,1.578960709759189,1.2426932668329178,0.6333279820195858
decode,32,9,linear,1.7000000000000028,10025,25567,11429,7453,3976,0.2915085852857199,0.11042394014962593,1.5334764524352609,1.1400498753117208,0.652113045760784
decode,32,9,linear,1.7500000000000027,10025,25567,10352,6926,3426,0.2708960769742246,0.09615960099750623,1.4946578111464048,1.0326184538653367,0.6690494590417311
decode,32,9,linear,1.800000000000003,10025,25567,9380,6436,2944,0.2517307466656237,0.08478802992518704,1.4574269732753262,0.9356608478802992,0.6861407249466951
decode,32,9,linear,1.8500000000000032,10025,25567,8463,5961,2502,0.2331521101419799,0.07531172069825437,1.419728233517866,0.8441895261845387,0.7043601559730592
decode,32,9,linear,1.900000000000003,10025,25567,7635,5482,2153,0.21441702194234755,0.0658354114713217,1.3927398759576797,0.7615960099750624,0.7180091683038637
decode,32,9,linear,1.9500000000000028,10025,25567,6920,5047,1873,0.19740290217858958,0.05775561097256858,1.3711115514166832,0.6902743142144638,0.7293352601156069
decode,32,9,linear,2.000000000000003,10025,25567,6232,4610,1622,0.18031055657683734,0.04917705735660848,1.3518438177874186,0.621645885286783,0.7397304236200257
decode,32,9,linear,2.0500000000000034,10025,25567,5588,4216,1372,0.1649000664919623,0.04428927680798005,1.325426944971537,0.5574064837905237,0.7544738725841088
decode,32,9,linear,2.100000000000003,10025,25567,4996,3811,1185,0.14905933429811866,0.039301745635910226,1.3109420099711362,0.49835411471321694,0.7628102481985588
decode,32,9,linear,2.150000000000003,10025,25567,4425,3433,992,0.13427465091719795,0.03331670822942644,1.2889600932129333,0.44139650872817954,0.775819209039548
decode,32,9,linear,2.2000000000000033,10025,25567,3971,3124,847,0.12218875894708021,0.029226932668329177,1.2711267605633803,0.39610972568578556,0.7867036011080333
decode,32,9,linear,2.2500000000000036,10025,25567,3514,2792,722,0.10920326984002816,0.025336658354114715,1.258595988538682,0.35052369077306733,0.794536141149687
decode,32,9,linear,2.3000000000000034,10025,25567,3092,2511,581,0.09821253960183049,0.022942643391521196,1.2313819195539626,0.308428927680798,0.8120957309184994
decode,32,9,linear,2.350000000000003,10025,25567,2739,2256,483,0.08823874525755857,0.020448877805486283,1.2140957446808511,0.273216957605985,0.823658269441402
decode,32,9,linear,2.4000000000000035,10025,25567,2402,2002,400,0.0783040638322838,0.018154613466334166,1.1998001998001997,0.23960099750623443,0.8334721065778518
decode,32,9,linear,2.4500000000000037,10025,25567,2094,1764,330,0.06899518911096335,0.01605985037406484,1.1870748299319729,0.2088778054862843,0.8424068767908309
decode,32,9,linear,2.5000000000000036,10025,25567,1810,1539,271,0.06019478233660578,0.012867830423940149,1.1760883690708253,0.1805486284289277,0.8502762430939227
decode,32,9,linear,2.5500000000000034,10025,25567,1534,1327,207,0.051902843509211094,0.011072319201995013,1.1559909570459683,0.15301745635910224,0.8650586701434159
decode,32,9,linear,2.600000000000003,10025,25567,1311,1139,172,0.04454961473774788,0.009875311720698254,1.1510096575943811,0.13077306733167082,0.8688024408848207
decode,32,9,linear,2.650000000000004,10025,25567,1099,962,137,0.03762662807525326,0.00827930174563591,1.1424116424116424,0.10962593516209476,0.8753412192902639
decode,32,9,linear,2.7000000000000037,10025,25567,898,787,111,0.030781867250752923,0.006583541147132169,1.1410419313850064,0.08957605985037406,0.876391982182628
decode,32,9,linear,2.7500000000000036,10025,25567,761,669,92,0.02616654280908984,0.005785536159600997,1.1375186846038865,0.07591022443890275,0.8791064388961892
decode,32,9,linear,2.8000000000000043,10025,25567,605,530,75,0.020729847068486722,0.004887780548628429,1.1415094339622642,0.06034912718204489,0.8760330578512396
decode,32,9,linear,2.850000000000004,10025,25567,474,414,60,0.01619274846481793,0.004089775561097257,1.144927536231884,0.04728179551122195,0.8734177215189873
decode,32,9,linear,2.900000000000004,10025,25567,384,333,51,0.013024602026049204,0.0033915211970074813,1.1531531531531531,0.03830423940149626,0.8671875
decode,32,9,linear,2.9500000000000037,10025,25567,307,266,41,0.010404036453240506,0.0028927680798004987,1.1541353383458646,0.03062344139650873,0.8664495114006515
decode,32,9,linear,3.0000000000000036,10025,25567,240,205,35,0.008018148394414676,0.002793017456359102,1.170731707317073,0.023940149625935162,0.8541666666666666
decode,32,9,linear,3.0500000000000043,10025,25567,187,160,27,0.006258067039543161,0.00229426433915212,1.16875,0.018653366583541147,0.8556149732620321
decode,32,9,linear,3.100000000000004,10025,25567,139,118,21,0.004615324441663082,0.00199501246882793,1.1779661016949152,0.013865336658354115,0.8489208633093526
decode,32,9,linear,3.150000000000004,10025,25567,113,97,16,0.0037939531427230414,0.0016957605985037406,1.1649484536082475,0.011271820448877805,0.8584070796460177
decode,32,9,linear,3.2000000000000046,10025,25567,83,72,11,0.0028161301677944225,0.0010972568578553616,1.1527777777777777,0.00827930174563591,0.8674698795180723
decode,32,9,linear,3.2500000000000044,10025,25567,61,53,8,0.002072984706848672,0.00039900249376558606,1.150943396226415,0.006084788029925187,0.8688524590163934
decode,32,9,linear,3.3000000000000043,10025,25567,47,41,6,0.001603629678882935,0.00039900249376558606,1.146341463414634,0.0046882793017456355,0.8723404255319149
decode,32,9,linear,3.350000000000004,10025,25567,36,31,5,0.0012125004889114875,0.0002992518703241895,1.1612903225806452,0.0035910224438902745,0.8611111111111112
decode,32,9,linear,3.400000000000004,10025,25567,30,27,3,0.0010560488129229084,0.0002992518703241895,1.1111111111111112,0.0029925187032418953,0.9
decode,32,9,linear,3.4500000000000046,10025,25567,24,21,3,0.0008213712989400399,0.00019950124688279303,1.1428571428571428,0.002394014962593516,0.875
decode,32,9,linear,3.5000000000000044,10025,25567,13,10,3,0.0003911291899714476,0.0,1.3,0.0012967581047381546,0.7692307692307693
decode,32,9,linear,3.5500000000000043,10025,25567,11,8,3,0.00031290335197715804,0.0,1.375,0.0010972568578553616,0.7272727272727273
decode,32,9,linear,3.600000000000005,10025,25567,7,4,3,0.00015645167598857902,0.0,1.75,0.0006982543640897755,0.5714285714285714
decode,32,9,linear,3.650000000000005,10025,25567,6,3,3,0.00011733875699143427,0.0,2.0,0.000598503740648379,0.5
decode,32,9,linear,3.7000000000000046,10025,25567,4,2,2,7.822583799428951e-05,0.0,2.0,0.00039900249376558606,0.5
decode,32,9,linear,3.7500000000000044,10025,25567,1,1,0,3.9112918997144755e-05,0.0,1.0,9.975062344139652e-05,1.0
decode,32,9,linear,3.8000000000000043,10025,25567,1,1,0,3.9112918997144755e-05,0.0,1.0,9.975062344139652e-05,1.0
decode,32,9,linear,3.850000000000005,10025,25567,1,1,0,3.9112918997144755e-05,0.0,1.0,9.975062344139652e-05,1.0
decode,32,9,linear,3.900000000000005,10025,25567,0,0,0,0.0,0.0,inf,0.0,0.0
decode,32,9,linear,3.9500000000000046,10025,25567,0,0,0,0.0,0.0,inf,0.0,0.0
decode,32,9,linear,4.000000000000005,10025,25567,0,0,0,0.0,0.0,inf,0.0,0.0
decode,32,9,linear,4.050000000000005,10025,25567,0,0,0,0.0,0.0,inf,0.0,0.0
decode,32,9,linear,4.100000000000005,10025,25567,0,0,0,0.0,0.0,inf,0.0,0.0
decode,32,9,linear,4.150000000000005,10025,25567,0,0,0,0.0,0.0,inf,0.0,0.0
decode,32,9,linear,4.200000000000005,10025,25567,0,0,0,0.0,0.0,inf,0.0,0.0
decode,32,9,linear,4.250000000000005,10025,25567,0,0,0,0.0,0.0,inf,0.0,0.0
decode,32,9,linear,4.300000000000005,10025,25567,0,0,0,0.0,0.0,inf,0.0,0.0
decode,32,9,linear,4.350000000000005,10025,25567,0,0,0,0.0,0.0,inf,0.0,0.0
decode,32,9,linear,4.400000000000006,10025,25567,0,0,0,0.0,0.0,inf,0.0,0.0
decode,32,9,linear,4.4500000000000055,10025,25567,0,0,0,0.0,0.0,inf,0.0,0.0
decode,32,9,linear,4.500000000000005,10025,25567,0,0,0,0.0,0.0,inf,0.0,0.0
decode,32,9,linear,4.550000000000005,10025,25567,0,0,0,0.0,0.0,inf,0.0,0.0
decode,32,9,linear,4.600000000000005,10025,25567,0,0,0,0.0,0.0,inf,0.0,0.0
decode,32,9,linear,4.650000000000006,10025,25567,0,0,0,0.0,0.0,inf,0.0,0.0
decode,32,9,linear,4.7000000000000055,10025,25567,0,0,0,0.0,0.0,inf,0.0,0.0
decode,32,9,linear,4.750000000000005,10025,25567,0,0,0,0.0,0.0,inf,0.0,0.0
decode,32,9,linear,4.800000000000006,10025,25567,0,0,0,0.0,0.0,inf,0.0,0.0
decode,32,9,linear,4.850000000000006,10025,25567,0,0,0,0.0,0.0,inf,0.0,0.0
decode,32,9,linear,4.900000000000006,10025,25567,0,0,0,0.0,0.0,inf,0.0,0.0
decode,32,9,linear,4.9500000000000055,10025,25567,0,0,0,0.0,0.0,inf,0.0,0.0
decode,32,9,linear,5.000000000000005,10025,25567,0,0,0,0.0,0.0,inf,0.0,0.0
decode,32,9,linear,5.050000000000006,10025,25567,0,0,0,0.0,0.0,inf,0.0,0.0
decode,32,9,linear,5.100000000000006,10025,25567,0,0,0,0.0,0.0,inf,0.0,0.0
decode,32,9,linear,5.150000000000006,10025,25567,0,0,0,0.0,0.0,inf,0.0,0.0
decode,32,9,linear,5.200000000000006,10025,25567,0,0,0,0.0,0.0,inf,0.0,0.0
decode,32,9,linear,5.250000000000006,10025,25567,0,0,0,0.0,0.0,inf,0.0,0.0
decode,32,9,linear,5.300000000000006,10025,25567,0,0,0,0.0,0.0,inf,0.0,0.0
decode,32,9,linear,5.350000000000006,10025,25567,0,0,0,0.0,0.0,inf,0.0,0.0
decode,32,9,linear,5.400000000000006,10025,25567,0,0,0,0.0,0.0,inf,0.0,0.0
decode,32,9,linear,5.450000000000006,10025,25567,0,0,0,0.0,0.0,inf,0.0,0.0
decode,32,9,linear,5.500000000000006,10025,25567,0,0,0,0.0,0.0,inf,0.0,0.0
decode,32,9,linear,5.550000000000006,10025,25567,0,0,0,0.0,0.0,inf,0.0,0.0
decode,32,9,linear,5.600000000000007,10025,25567,0,0,0,0.0,0.0,inf,0.0,0.0
decode,32,9,linear,5.650000000000007,10025,25567,0,0,0,0.0,0.0,inf,0.0,0.0
decode,32,9,linear,5.700000000000006,10025,25567,0,0,0,0.0,0.0,inf,0.0,0.0
decode,32,9,linear,5.750000000000006,10025,25567,0,0,0,0.0,0.0,inf,0.0,0.0
decode,32,9,linear,5.800000000000006,10025,25567,0,0,0,0.0,0.0,inf,0.0,0.0
decode,32,9,linear,5.850000000000007,10025,25567,0,0,0,0.0,0.0,inf,0.0,0.0
decode,32,9,linear,5.900000000000007,10025,25567,0,0,0,0.0,0.0,inf,0.0,0.0
decode,32,9,linear,5.950000000000006,10025,25567,0,0,0,0.0,0.0,inf,0.0,0.0
decode,32,9,linear,6.000000000000007,10025,25567,0,0,0,0.0,0.0,inf,0.0,0.0
