phase,resident_capacity,lookahead,policy,candidate_class,bin_left,bin_right,bin_center,count,density
decode,32,3,transition,useful_cold,-4.0,-3.8875,-3.94375,0,0.0
decode,32,3,transition,useful_cold,-3.8875,-3.775,-3.83125,0,0.0
decode,32,3,transition,useful_cold,-3.775,-3.6625,-3.71875,0,0.0
decode,32,3,transition,useful_cold,-3.6625,-3.55,-3.60625,0,0.0
decode,32,3,transition,useful_cold,-3.55,-3.4375,-3.49375,0,0.0
decode,32,3,transition,useful_cold,-3.4375,-3.325,-3.38125,0,0.0
decode,32,3,transition,useful_cold,-3.325,-3.2125,-3.26875,0,0.0
decode,32,3,transition,useful_cold,-3.2125,-3.1,-3.15625,0,0.0
decode,32,3,transition,useful_cold,-3.1,-2.9875,-3.04375,0,0.0
decode,32,3,transition,useful_cold,-2.9875,-2.875,-2.93125,0,0.0
decode,32,3,transition,useful_cold,-2.875,-2.7625,-2.81875,0,0.0
decode,32,3,transition,useful_cold,-2.7625,-2.65,-2.70625,0,0.0
decode,32,3,transition,useful_cold,-2.65,-2.5374999999999996,-2.59375,0,0.0
decode,32,3,transition,useful_cold,-2.5374999999999996,-2.425,-2.4812499999999997,0,0.0
decode,32,3,transition,useful_cold,-2.425,-2.3125,-2.36875,0,0.0
decode,32,3,transition,useful_cold,-2.3125,-2.2,-2.25625,0,0.0
decode,32,3,transition,useful_cold,-2.2,-2.0875,-2.14375,0,0.0
decode,32,3,transition,useful_cold,-2.0875,-1.975,-2.03125,0,0.0
decode,32,3,transition,useful_cold,-1.975,-1.8624999999999998,-1.91875,0,0.0
decode,32,3,transition,useful_cold,-1.8624999999999998,-1.75,-1.80625,1,0.0002034303441787139
decode,32,3,transition,useful_cold,-1.75,-1.6374999999999997,-1.6937499999999999,2,0.0004068606883574261
decode,32,3,transition,useful_cold,-1.6374999999999997,-1.525,-1.5812499999999998,9,0.001830873097608425
decode,32,3,transition,useful_cold,-1.525,-1.4125,-1.46875,30,0.006102910325361417
decode,32,3,transition,useful_cold,-1.4125,-1.2999999999999998,-1.35625,45,0.009154365488042089
decode,32,3,transition,useful_cold,-1.2999999999999998,-1.1875,-1.24375,104,0.021156755794586247
decode,32,3,transition,useful_cold,-1.1875,-1.0749999999999997,-1.1312499999999999,155,0.03153170334770052
decode,32,3,transition,useful_cold,-1.0749999999999997,-0.9624999999999999,-1.0187499999999998,225,0.045771827440210626
decode,32,3,transition,useful_cold,-0.9624999999999999,-0.8500000000000001,-0.90625,301,0.06123253359779288
decode,32,3,transition,useful_cold,-0.8500000000000001,-0.7374999999999998,-0.79375,469,0.09540883141981643
decode,32,3,transition,useful_cold,-0.7374999999999998,-0.625,-0.6812499999999999,736,0.14972473331553343
decode,32,3,transition,useful_cold,-0.625,-0.5124999999999997,-0.5687499999999999,930,0.18919022008620315
decode,32,3,transition,useful_cold,-0.5124999999999997,-0.3999999999999999,-0.4562499999999998,1083,0.22031506274554716
decode,32,3,transition,useful_cold,-0.3999999999999999,-0.2875000000000001,-0.34375,1301,0.26466287777650677
decode,32,3,transition,useful_cold,-0.2875000000000001,-0.17499999999999982,-0.23124999999999996,1388,0.28236131772005374
decode,32,3,transition,useful_cold,-0.17499999999999982,-0.0625,-0.11874999999999991,1443,0.29354998664988413
decode,32,3,transition,useful_cold,-0.0625,0.04999999999999982,-0.006250000000000089,1457,0.2963980114683861
decode,32,3,transition,useful_cold,0.04999999999999982,0.16250000000000053,0.10625000000000018,1415,0.28785393701287787
decode,32,3,transition,useful_cold,0.16250000000000053,0.27500000000000036,0.21875000000000044,1500,0.30514551626807085
decode,32,3,transition,useful_cold,0.27500000000000036,0.3875000000000002,0.33125000000000027,1481,0.3012803397286753
decode,32,3,transition,useful_cold,0.3875000000000002,0.5,0.4437500000000001,1583,0.3220302348349041
decode,32,3,transition,useful_cold,0.5,0.6124999999999998,0.5562499999999999,1509,0.3069763893656793
decode,32,3,transition,useful_cold,0.6124999999999998,0.7250000000000005,0.6687500000000002,1528,0.31084156590507234
decode,32,3,transition,useful_cold,0.7250000000000005,0.8375000000000004,0.7812500000000004,1445,0.29395684733824157
decode,32,3,transition,useful_cold,0.8375000000000004,0.9500000000000002,0.8937500000000003,1513,0.30779011074239415
decode,32,3,transition,useful_cold,0.9500000000000002,1.0625,1.00625,1451,0.2951774294033139
decode,32,3,transition,useful_cold,1.0625,1.1749999999999998,1.11875,1517,0.30860383211910897
decode,32,3,transition,useful_cold,1.1749999999999998,1.2875000000000005,1.2312500000000002,1390,0.28276817840841006
decode,32,3,transition,useful_cold,1.2875000000000005,1.4000000000000004,1.3437500000000004,1317,0.2679177632833662
decode,32,3,transition,useful_cold,1.4000000000000004,1.5125000000000002,1.4562500000000003,1268,0.2579496764186092
decode,32,3,transition,useful_cold,1.5125000000000002,1.625,1.56875,1203,0.24472670404699282
decode,32,3,transition,useful_cold,1.625,1.7374999999999998,1.68125,1150,0.23394489580552097
decode,32,3,transition,useful_cold,1.7374999999999998,1.8500000000000005,1.7937500000000002,1289,0.2622217136463601
decode,32,3,transition,useful_cold,1.8500000000000005,1.9625000000000004,1.9062500000000004,1198,0.24370955232609925
decode,32,3,transition,useful_cold,1.9625000000000004,2.075,2.0187500000000003,1089,0.22153564481061944
decode,32,3,transition,useful_cold,2.075,2.1875,2.13125,1033,0.21014354553661146
decode,32,3,transition,useful_cold,2.1875,2.3,2.24375,919,0.18695248630023806
decode,32,3,transition,useful_cold,2.3,2.4125000000000005,2.35625,897,0.1824770187283049
decode,32,3,transition,useful_cold,2.4125000000000005,2.5250000000000004,2.4687500000000004,839,0.17067805876594097
decode,32,3,transition,useful_cold,2.5250000000000004,2.6375,2.5812500000000003,717,0.14585955677613785
decode,32,3,transition,useful_cold,2.6375,2.75,2.69375,704,0.14321496230181457
decode,32,3,transition,useful_cold,2.75,2.8625,2.80625,692,0.14077379817167002
decode,32,3,transition,useful_cold,2.8625,2.9750000000000005,2.91875,612,0.12449937063737192
decode,32,3,transition,useful_cold,2.9750000000000005,3.0875000000000004,3.0312500000000004,548,0.11147982860993522
decode,32,3,transition,useful_cold,3.0875000000000004,3.2,3.1437500000000003,501,0.10191860243353566
decode,32,3,transition,useful_cold,3.2,3.3125,3.25625,483,0.09825685623831881
decode,32,3,transition,useful_cold,3.3125,3.425,3.36875,290,0.05899479981182703
decode,32,3,transition,useful_cold,3.425,3.5375000000000005,3.48125,225,0.045771827440210265
decode,32,3,transition,useful_cold,3.5375000000000005,3.6500000000000004,3.5937500000000004,209,0.042516941933351204
decode,32,3,transition,useful_cold,3.6500000000000004,3.7625,3.7062500000000003,176,0.035803740575453644
decode,32,3,transition,useful_cold,3.7625,3.875,3.81875,99,0.020139604073692675
decode,32,3,transition,useful_cold,3.875,3.9875,3.93125,79,0.016070997190118397
decode,32,3,transition,useful_cold,3.9875,4.1,4.043749999999999,60,0.012205820650722834
decode,32,3,transition,useful_cold,4.1,4.2125,4.15625,38,0.007730353078791066
decode,32,3,transition,useful_cold,4.2125,4.325000000000001,4.268750000000001,21,0.004272037227752958
decode,32,3,transition,useful_cold,4.325000000000001,4.4375,4.3812500000000005,5,0.0010171517208935775
decode,32,3,transition,useful_cold,4.4375,4.550000000000001,4.49375,12,0.0024411641301445475
decode,32,3,transition,useful_cold,4.550000000000001,4.6625,4.60625,3,0.0006102910325361464
decode,32,3,transition,useful_cold,4.6625,4.775,4.71875,3,0.0006102910325361369
decode,32,3,transition,useful_cold,4.775,4.887500000000001,4.831250000000001,4,0.0008137213767148491
decode,32,3,transition,useful_cold,4.887500000000001,5.0,4.9437500000000005,1,0.00020343034417871547
decode,32,3,transition,useless,-4.0,-3.8875,-3.94375,0,0.0
decode,32,3,transition,useless,-3.8875,-3.775,-3.83125,0,0.0
decode,32,3,transition,useless,-3.775,-3.6625,-3.71875,0,0.0
decode,32,3,transition,useless,-3.6625,-3.55,-3.60625,0,0.0
decode,32,3,transition,useless,-3.55,-3.4375,-3.49375,0,0.0
decode,32,3,transition,useless,-3.4375,-3.325,-3.38125,0,0.0
decode,32,3,transition,useless,-3.325,-3.2125,-3.26875,0,0.0
decode,32,3,transition,useless,-3.2125,-3.1,-3.15625,0,0.0
decode,32,3,transition,useless,-3.1,-2.9875,-3.04375,0,0.0
decode,32,3,transition,useless,-2.9875,-2.875,-2.93125,0,0.0
decode,32,3,transition,useless,-2.875,-2.7625,-2.81875,0,0.0
decode,32,3,transition,useless,-2.7625,-2.65,-2.70625,0,0.0
decode,32,3,transition,useless,-2.65,-2.5374999999999996,-2.59375,0,0.0
decode,32,3,transition,useless,-2.5374999999999996,-2.425,-2.4812499999999997,0,0.0
decode,32,3,transition,useless,-2.425,-2.3125,-2.36875,0,0.0
decode,32,3,transition,useless,-2.3125,-2.2,-2.25625,0,0.0
decode,32,3,transition,useless,-2.2,-2.0875,-2.14375,1,1.6085051317345558e-05
decode,32,3,transition,useless,-2.0875,-1.975,-2.03125,1,1.6085051317345622e-05
decode,32,3,transition,useless,-1.975,-1.8624999999999998,-1.91875,23,0.00036995618029894787
decode,32,3,transition,useless,-1.8624999999999998,-1.75,-1.80625,137,0.00220365203047635
decode,32,3,transition,useless,-1.75,-1.6374999999999997,-1.6937499999999999,371,0.0059675540387352025
decode,32,3,transition,useless,-1.6374999999999997,-1.525,-1.5812499999999998,768,0.012353319411721438
decode,32,3,transition,useless,-1.525,-1.4125,-1.46875,1922,0.030915468631938288
decode,32,3,transition,useless,-1.4125,-1.2999999999999998,-1.35625,4559,0.0733317489557784
decode,32,3,transition,useless,-1.2999999999999998,-1.1875,-1.24375,8668,0.13942522481875186
decode,32,3,transition,useless,-1.1875,-1.0749999999999997,-1.1312499999999999,15870,0.255269764406274
decode,32,3,transition,useless,-1.0749999999999997,-0.9624999999999999,-1.0187499999999998,27037,0.43489153246707357
decode,32,3,transition,useless,-0.9624999999999999,-0.8500000000000001,-0.90625,40893,0.6577660035202145
decode,32,3,transition,useless,-0.8500000000000001,-0.7374999999999998,-0.79375,53482,0.8602607145542751
decode,32,3,transition,useless,-0.7374999999999998,-0.625,-0.6812499999999999,59565,0.958106081717692
decode,32,3,transition,useless,-0.625,-0.5124999999999997,-0.5687499999999999,54798,0.881428642087902
decode,32,3,transition,useless,-0.5124999999999997,-0.3999999999999999,-0.4562499999999998,45963,0.7393172136991568
decode,32,3,transition,useless,-0.3999999999999999,-0.2875000000000001,-0.34375,37338,0.6005836460870508
decode,32,3,transition,useless,-0.2875000000000001,-0.17499999999999982,-0.23124999999999996,30467,0.49006325848556714
decode,32,3,transition,useless,-0.17499999999999982,-0.0625,-0.11874999999999991,25236,0.4059223550445341
decode,32,3,transition,useless,-0.0625,0.04999999999999982,-0.006250000000000089,21143,0.3400862400026385
decode,32,3,transition,useless,0.04999999999999982,0.16250000000000053,0.10625000000000018,17449,0.28066806043636155
decode,32,3,transition,useless,0.16250000000000053,0.27500000000000036,0.21875000000000044,14886,0.23944207391000694
decode,32,3,transition,useless,0.27500000000000036,0.3875000000000002,0.33125000000000027,12776,0.20550261563040767
decode,32,3,transition,useless,0.3875000000000002,0.5,0.4437500000000001,10764,0.17313949237990828
decode,32,3,transition,useless,0.5,0.6124999999999998,0.5562499999999999,9472,0.15235760607789775
decode,32,3,transition,useless,0.6124999999999998,0.7250000000000005,0.6687500000000002,7956,0.12797266828080076
decode,32,3,transition,useless,0.7250000000000005,0.8375000000000004,0.7812500000000004,6734,0.10831673557100542
decode,32,3,transition,useless,0.8375000000000004,0.9500000000000002,0.8937500000000003,6203,0.09977557332149489
decode,32,3,transition,useless,0.9500000000000002,1.0625,1.00625,5178,0.08328839572121563
decode,32,3,transition,useless,1.0625,1.1749999999999998,1.11875,4479,0.07204494485039105
decode,32,3,transition,useless,1.1749999999999998,1.2875000000000005,1.2312500000000002,3960,0.06369680321668816
decode,32,3,transition,useless,1.2875000000000005,1.4000000000000004,1.3437500000000004,3248,0.05224424667873858
decode,32,3,transition,useless,1.4000000000000004,1.5125000000000002,1.4562500000000003,2947,0.04740264623221755
decode,32,3,transition,useless,1.5125000000000002,1.625,1.56875,2682,0.04314010763312096
decode,32,3,transition,useless,1.625,1.7374999999999998,1.68125,2166,0.03484022115337062
decode,32,3,transition,useless,1.7374999999999998,1.8500000000000005,1.7937500000000002,1892,0.030432917092417675
decode,32,3,transition,useless,1.8500000000000005,1.9625000000000004,1.9062500000000004,1721,0.027682373317151815
decode,32,3,transition,useless,1.9625000000000004,2.075,2.0187500000000003,1462,0.0235163450259593
decode,32,3,transition,useless,2.075,2.1875,2.13125,1220,0.01962376260716166
decode,32,3,transition,useless,2.1875,2.3,2.24375,1049,0.016873218831895558
decode,32,3,transition,useless,2.3,2.4125000000000005,2.35625,953,0.015329053905430256
decode,32,3,transition,useless,2.4125000000000005,2.5250000000000004,2.4687500000000004,733,0.011790342615614341
decode,32,3,transition,useless,2.5250000000000004,2.6375,2.5812500000000003,647,0.010407028202322617
decode,32,3,transition,useless,2.6375,2.75,2.69375,502,0.008074695761307503
decode,32,3,transition,useless,2.75,2.8625,2.80625,389,0.006257084962447447
decode,32,3,transition,useless,2.8625,2.9750000000000005,2.91875,391,0.006289255065082089
decode,32,3,transition,useless,2.9750000000000005,3.0875000000000004,3.0312500000000004,357,0.0057423633202923876
decode,32,3,transition,useless,3.0875000000000004,3.2,3.1437500000000003,269,0.004326878804365972
decode,32,3,transition,useless,3.2,3.3125,3.25625,225,0.0036191365464027653
decode,32,3,transition,useless,3.3125,3.425,3.36875,216,0.0034743710845466544
decode,32,3,transition,useless,3.425,3.5375000000000005,3.48125,156,0.002509268005505897
decode,32,3,transition,useless,3.5375000000000005,3.6500000000000004,3.5937500000000004,127,0.002042801517302894
decode,32,3,transition,useless,3.6500000000000004,3.7625,3.7062500000000003,125,0.0020106314146682027
decode,32,3,transition,useless,3.7625,3.875,3.81875,110,0.0017693556449080185
decode,32,3,transition,useless,3.875,3.9875,3.93125,110,0.0017693556449080185
decode,32,3,transition,useless,3.9875,4.1,4.043749999999999,120,0.0019302061580814746
decode,32,3,transition,useless,4.1,4.2125,4.15625,107,0.0017211004909559679
decode,32,3,transition,useless,4.2125,4.325000000000001,4.268750000000001,129,0.002074971619937569
decode,32,3,transition,useless,4.325000000000001,4.4375,4.3812500000000005,109,0.0017532705935906865
decode,32,3,transition,useless,4.4375,4.550000000000001,4.49375,117,0.001881951004129423
decode,32,3,transition,useless,4.550000000000001,4.6625,4.60625,98,0.0015763350290998834
decode,32,3,transition,useless,4.6625,4.775,4.71875,60,0.0009651030790407297
decode,32,3,transition,useless,4.775,4.887500000000001,4.831250000000001,38,0.0006112319500591288
decode,32,3,transition,useless,4.887500000000001,5.0,4.9437500000000005,44,0.000707742257963213
decode,32,3,linear,useful_cold,-4.0,-3.8875,-3.94375,0,0.0
decode,32,3,linear,useful_cold,-3.8875,-3.775,-3.83125,0,0.0
decode,32,3,linear,useful_cold,-3.775,-3.6625,-3.71875,0,0.0
decode,32,3,linear,useful_cold,-3.6625,-3.55,-3.60625,0,0.0
decode,32,3,linear,useful_cold,-3.55,-3.4375,-3.49375,0,0.0
decode,32,3,linear,useful_cold,-3.4375,-3.325,-3.38125,1,0.0002034303441787139
decode,32,3,linear,useful_cold,-3.325,-3.2125,-3.26875,0,0.0
decode,32,3,linear,useful_cold,-3.2125,-3.1,-3.15625,0,0.0
decode,32,3,linear,useful_cold,-3.1,-2.9875,-3.04375,0,0.0
decode,32,3,linear,useful_cold,-2.9875,-2.875,-2.93125,1,0.0002034303441787139
decode,32,3,linear,useful_cold,-2.875,-2.7625,-2.81875,1,0.0002034303441787139
decode,32,3,linear,useful_cold,-2.7625,-2.65,-2.70625,1,0.00020343034417871306
decode,32,3,linear,useful_cold,-2.65,-2.5374999999999996,-2.59375,1,0.00020343034417871306
decode,32,3,linear,useful_cold,-2.5374999999999996,-2.425,-2.4812499999999997,3,0.0006102910325361416
decode,32,3,linear,useful_cold,-2.425,-2.3125,-2.36875,3,0.0006102910325361416
decode,32,3,linear,useful_cold,-2.3125,-2.2,-2.25625,6,0.0012205820650722833
decode,32,3,linear,useful_cold,-2.2,-2.0875,-2.14375,9,0.0018308730976084177
decode,32,3,linear,useful_cold,-2.0875,-1.975,-2.03125,3,0.0006102910325361416
decode,32,3,linear,useful_cold,-1.975,-1.8624999999999998,-1.91875,15,0.003051455162680696
decode,32,3,linear,useful_cold,-1.8624999999999998,-1.75,-1.80625,20,0.004068606883574278
decode,32,3,linear,useful_cold,-1.75,-1.6374999999999997,-1.6937499999999999,18,0.0036617461952168353
decode,32,3,linear,useful_cold,-1.6374999999999997,-1.525,-1.5812499999999998,38,0.007730353078791128
decode,32,3,linear,useful_cold,-1.525,-1.4125,-1.46875,50,0.010171517208935695
decode,32,3,linear,useful_cold,-1.4125,-1.2999999999999998,-1.35625,65,0.01322297237161635
decode,32,3,linear,useful_cold,-1.2999999999999998,-1.1875,-1.24375,77,0.01566413650176097
decode,32,3,linear,useful_cold,-1.1875,-1.0749999999999997,-1.1312499999999999,87,0.017698439943548038
decode,32,3,linear,useful_cold,-1.0749999999999997,-0.9624999999999999,-1.0187499999999998,126,0.02563222336651795
decode,32,3,linear,useful_cold,-0.9624999999999999,-0.8500000000000001,-0.90625,200,0.04068606883574278
decode,32,3,linear,useful_cold,-0.8500000000000001,-0.7374999999999998,-0.79375,214,0.0435340936542446
decode,32,3,linear,useful_cold,-0.7374999999999998,-0.625,-0.6812499999999999,245,0.049840434323784905
decode,32,3,linear,useful_cold,-0.625,-0.5124999999999997,-0.5687499999999999,342,0.06957317770911987
decode,32,3,linear,useful_cold,-0.5124999999999997,-0.3999999999999999,-0.4562499999999998,456,0.09276423694549353
decode,32,3,linear,useful_cold,-0.3999999999999999,-0.2875000000000001,-0.34375,545,0.11086953757739908
decode,32,3,linear,useful_cold,-0.2875000000000001,-0.17499999999999982,-0.23124999999999996,625,0.12714396511169568
decode,32,3,linear,useful_cold,-0.17499999999999982,-0.0625,-0.11874999999999991,761,0.15481049192000126
decode,32,3,linear,useful_cold,-0.0625,0.04999999999999982,-0.006250000000000089,885,0.1800358545981618
decode,32,3,linear,useful_cold,0.04999999999999982,0.16250000000000053,0.10625000000000018,1013,0.20607493865303553
decode,32,3,linear,useful_cold,0.16250000000000053,0.27500000000000036,0.21875000000000044,1138,0.2315037316753764
decode,32,3,linear,useful_cold,0.27500000000000036,0.3875000000000002,0.33125000000000027,1267,0.25774624607443053
decode,32,3,linear,useful_cold,0.3875000000000002,0.5,0.4437500000000001,1416,0.2880573673570589
decode,32,3,linear,useful_cold,0.5,0.6124999999999998,0.5562499999999999,1537,0.31267243900268327
decode,32,3,linear,useful_cold,0.6124999999999998,0.7250000000000005,0.6687500000000002,1648,0.33525320720651786
decode,32,3,linear,useful_cold,0.7250000000000005,0.8375000000000004,0.7812500000000004,1845,0.3753289850097271
decode,32,3,linear,useful_cold,0.8375000000000004,0.9500000000000002,0.8937500000000003,1925,0.39160341254402425
decode,32,3,linear,useful_cold,0.9500000000000002,1.0625,1.00625,2014,0.4097087131759298
decode,32,3,linear,useful_cold,1.0625,1.1749999999999998,1.11875,2070,0.42110081244993774
decode,32,3,linear,useful_cold,1.1749999999999998,1.2875000000000005,1.2312500000000002,2075,0.422117964170828
decode,32,3,linear,useful_cold,1.2875000000000005,1.4000000000000004,1.3437500000000004,2142,0.43574779723080515
decode,32,3,linear,useful_cold,1.4000000000000004,1.5125000000000002,1.4562500000000003,2134,0.43412035447737546
decode,32,3,linear,useful_cold,1.5125000000000002,1.625,1.56875,2115,0.4302551779379799
decode,32,3,linear,useful_cold,1.625,1.7374999999999998,1.68125,1987,0.40421609388310453
decode,32,3,linear,useful_cold,1.7374999999999998,1.8500000000000005,1.7937500000000002,1890,0.3844833504977662
decode,32,3,linear,useful_cold,1.8500000000000005,1.9625000000000004,1.9062500000000004,1813,0.3688192139960083
decode,32,3,linear,useful_cold,1.9625000000000004,2.075,2.0187500000000003,1606,0.32670913275101454
decode,32,3,linear,useful_cold,2.075,2.1875,2.13125,1574,0.3201993617372957
decode,32,3,linear,useful_cold,2.1875,2.3,2.24375,1324,0.2693417756926172
decode,32,3,linear,useful_cold,2.3,2.4125000000000005,2.35625,1102,0.22418023928494094
decode,32,3,linear,useful_cold,2.4125000000000005,2.5250000000000004,2.4687500000000004,846,0.17210207117519197
decode,32,3,linear,useful_cold,2.5250000000000004,2.6375,2.5812500000000003,636,0.12938169889766205
decode,32,3,linear,useful_cold,2.6375,2.75,2.69375,519,0.10558034862875251
decode,32,3,linear,useful_cold,2.75,2.8625,2.80625,386,0.07852411285298357
decode,32,3,linear,useful_cold,2.8625,2.9750000000000005,2.91875,313,0.06367369772793695
decode,32,3,linear,useful_cold,2.9750000000000005,3.0875000000000004,3.0312500000000004,197,0.04007577780320664
decode,32,3,linear,useful_cold,3.0875000000000004,3.2,3.1437500000000003,143,0.029090539217556086
decode,32,3,linear,useful_cold,3.2,3.3125,3.25625,87,0.017698439943548108
decode,32,3,linear,useful_cold,3.3125,3.425,3.36875,47,0.009561226176399554
decode,32,3,linear,useful_cold,3.425,3.5375000000000005,3.48125,37,0.007526922734612355
decode,32,3,linear,useful_cold,3.5375000000000005,3.6500000000000004,3.5937500000000004,24,0.004882328260289133
decode,32,3,linear,useful_cold,3.6500000000000004,3.7625,3.7062500000000003,11,0.0022377337859658527
decode,32,3,linear,useful_cold,3.7625,3.875,3.81875,7,0.0014240124092509973
decode,32,3,linear,useful_cold,3.875,3.9875,3.93125,6,0.0012205820650722833
decode,32,3,linear,useful_cold,3.9875,4.1,4.043749999999999,3,0.0006102910325361416
decode,32,3,linear,useful_cold,4.1,4.2125,4.15625,0,0.0
decode,32,3,linear,useful_cold,4.2125,4.325000000000001,4.268750000000001,0,0.0
decode,32,3,linear,useful_cold,4.325000000000001,4.4375,4.3812500000000005,0,0.0
decode,32,3,linear,useful_cold,4.4375,4.550000000000001,4.49375,0,0.0
decode,32,3,linear,useful_cold,4.550000000000001,4.6625,4.60625,0,0.0
decode,32,3,linear,useful_cold,4.6625,4.775,4.71875,0,0.0
decode,32,3,linear,useful_cold,4.775,4.887500000000001,4.831250000000001,0,0.0
decode,32,3,linear,useful_cold,4.887500000000001,5.0,4.9437500000000005,0,0.0
decode,32,3,linear,useless,-4.0,-3.8875,-3.94375,2,3.2170102634691245e-05
decode,32,3,linear,useless,-3.8875,-3.775,-3.83125,1,1.6085051317345558e-05
decode,32,3,linear,useless,-3.775,-3.6625,-3.71875,3,4.825515395203687e-05
decode,32,3,linear,useless,-3.6625,-3.55,-3.60625,8,0.00012868041053876446
decode,32,3,linear,useless,-3.55,-3.4375,-3.49375,11,0.00017693556449080184
decode,32,3,linear,useless,-3.4375,-3.325,-3.38125,19,0.0003056159750295668
decode,32,3,linear,useless,-3.325,-3.2125,-3.26875,28,0.00045038143688567566
decode,32,3,linear,useless,-3.2125,-3.1,-3.15625,44,0.0007077422579632074
decode,32,3,linear,useless,-3.1,-2.9875,-3.04375,75,0.0012063788488009168
decode,32,3,linear,useless,-2.9875,-2.875,-2.93125,109,0.0017532705935906728
decode,32,3,linear,useless,-2.875,-2.7625,-2.81875,183,0.002943564391074249
decode,32,3,linear,useless,-2.7625,-2.65,-2.70625,294,0.004729005087299594
decode,32,3,linear,useless,-2.65,-2.5374999999999996,-2.59375,405,0.006514445783524951
decode,32,3,linear,useless,-2.5374999999999996,-2.425,-2.4812499999999997,652,0.010487453458909345
decode,32,3,linear,useless,-2.425,-2.3125,-2.36875,962,0.01547381936728649
decode,32,3,linear,useless,-2.3125,-2.2,-2.25625,1310,0.021071417225722765
decode,32,3,linear,useless,-2.2,-2.0875,-2.14375,1772,0.02850271093433633
decode,32,3,linear,useless,-2.0875,-1.975,-2.03125,2391,0.038459357699773385
decode,32,3,linear,useless,-1.975,-1.8624999999999998,-1.91875,3229,0.051938630703708806
decode,32,3,linear,useless,-1.8624999999999998,-1.75,-1.80625,4359,0.07011473869230957
decode,32,3,linear,useless,-1.75,-1.6374999999999997,-1.6937499999999999,5674,0.0912665811746187
decode,32,3,linear,useless,-1.6374999999999997,-1.525,-1.5812499999999998,7314,0.11764606533506589
decode,32,3,linear,useless,-1.525,-1.4125,-1.46875,9264,0.14901191540388986
decode,32,3,linear,useless,-1.4125,-1.2999999999999998,-1.35625,11409,0.18351435047959547
decode,32,3,linear,useless,-1.2999999999999998,-1.1875,-1.24375,13600,0.21875669791590047
decode,32,3,linear,useless,-1.1875,-1.0749999999999997,-1.1312499999999999,16388,0.26360182098865903
decode,32,3,linear,useless,-1.0749999999999997,-0.9624999999999999,-1.0187499999999998,19556,0.31455926356201097
decode,32,3,linear,useless,-0.9624999999999999,-0.8500000000000001,-0.90625,22695,0.3650502396471589
decode,32,3,linear,useless,-0.8500000000000001,-0.7374999999999998,-0.79375,25412,0.4087533240763853
decode,32,3,linear,useless,-0.7374999999999998,-0.625,-0.6812499999999999,28362,0.45620422546255657
decode,32,3,linear,useless,-0.625,-0.5124999999999997,-0.5687499999999999,30469,0.4900954285882018
decode,32,3,linear,useless,-0.5124999999999997,-0.3999999999999999,-0.4562499999999998,31721,0.5102339128375205
decode,32,3,linear,useless,-0.3999999999999999,-0.2875000000000001,-0.34375,33066,0.5318683068593504
decode,32,3,linear,useless,-0.2875000000000001,-0.17499999999999982,-0.23124999999999996,32977,0.5304367372921045
decode,32,3,linear,useless,-0.17499999999999982,-0.0625,-0.11874999999999991,32014,0.5149468328735027
decode,32,3,linear,useless,-0.0625,0.04999999999999982,-0.006250000000000089,29929,0.48140950087683715
decode,32,3,linear,useless,0.04999999999999982,0.16250000000000053,0.10625000000000018,27888,0.44857991113813117
decode,32,3,linear,useless,0.16250000000000053,0.27500000000000036,0.21875000000000044,25440,0.4092037055132726
decode,32,3,linear,useless,0.27500000000000036,0.3875000000000002,0.33125000000000027,22325,0.35909877065974105
decode,32,3,linear,useless,0.3875000000000002,0.5,0.4437500000000001,19282,0.3101519595010583
decode,32,3,linear,useless,0.5,0.6124999999999998,0.5562499999999999,16939,0.2724646842645175
decode,32,3,linear,useless,0.6124999999999998,0.7250000000000005,0.6687500000000002,14304,0.23008057404330995
decode,32,3,linear,useless,0.7250000000000005,0.8375000000000004,0.7812500000000004,12004,0.19308495601341685
decode,32,3,linear,useless,0.8375000000000004,0.9500000000000002,0.8937500000000003,10335,0.16623900536476702
decode,32,3,linear,useless,0.9500000000000002,1.0625,1.00625,8396,0.13505009086043385
decode,32,3,linear,useless,1.0625,1.1749999999999998,1.11875,6865,0.1104238772935777
decode,32,3,linear,useless,1.1749999999999998,1.2875000000000005,1.2312500000000002,5408,0.08698795752420443
decode,32,3,linear,useless,1.2875000000000005,1.4000000000000004,1.3437500000000004,4313,0.06937482633171167
decode,32,3,linear,useless,1.4000000000000004,1.5125000000000002,1.4562500000000003,3404,0.0547535146842445
decode,32,3,linear,useless,1.5125000000000002,1.625,1.56875,2570,0.04133858188557825
decode,32,3,linear,useless,1.625,1.7374999999999998,1.68125,1971,0.031703636146488225
decode,32,3,linear,useless,1.7374999999999998,1.8500000000000005,1.7937500000000002,1576,0.0253500408761365
decode,32,3,linear,useless,1.8500000000000005,1.9625000000000004,1.9062500000000004,1146,0.018433468809678083
decode,32,3,linear,useless,1.9625000000000004,2.075,2.0187500000000003,844,0.013575783311839706
decode,32,3,linear,useless,2.075,2.1875,2.13125,605,0.009731456046994102
decode,32,3,linear,useless,2.1875,2.3,2.24375,417,0.006707466399333124
decode,32,3,linear,useless,2.3,2.4125000000000005,2.35625,277,0.004455559214904702
decode,32,3,linear,useless,2.4125000000000005,2.5250000000000004,2.4687500000000004,196,0.003152670058199742
decode,32,3,linear,useless,2.5250000000000004,2.6375,2.5812500000000003,156,0.002509268005505917
decode,32,3,linear,useless,2.6375,2.75,2.69375,97,0.0015602499777825254
decode,32,3,linear,useless,2.75,2.8625,2.80625,58,0.0009329329764060461
decode,32,3,linear,useless,2.8625,2.9750000000000005,2.91875,29,0.00046646648820301937
decode,32,3,linear,useless,2.9750000000000005,3.0875000000000004,3.0312500000000004,24,0.00038604123161629494
decode,32,3,linear,useless,3.0875000000000004,3.2,3.1437500000000003,17,0.00027344587239487556
decode,32,3,linear,useless,3.2,3.3125,3.25625,12,0.00019302061580814747
decode,32,3,linear,useless,3.3125,3.425,3.36875,3,4.825515395203687e-05
decode,32,3,linear,useless,3.425,3.5375000000000005,3.48125,3,4.825515395203648e-05
decode,32,3,linear,useless,3.5375000000000005,3.6500000000000004,3.5937500000000004,6,9.651030790407373e-05
decode,32,3,linear,useless,3.6500000000000004,3.7625,3.7062500000000003,1,1.6085051317345622e-05
decode,32,3,linear,useless,3.7625,3.875,3.81875,0,0.0
decode,32,3,linear,useless,3.875,3.9875,3.93125,0,0.0
decode,32,3,linear,useless,3.9875,4.1,4.043749999999999,0,0.0
decode,32,3,linear,useless,4.1,4.2125,4.15625,0,0.0
decode,32,3,linear,useless,4.2125,4.325000000000001,4.268750000000001,0,0.0
decode,32,3,linear,useless,4.325000000000001,4.4375,4.3812500000000005,0,0.0
decode,32,3,linear,useless,4.4375,4.550000000000001,4.49375,0,0.0
decode,32,3,linear,useless,4.550000000000001,4.6625,4.60625,0,0.0
decode,32,3,linear,useless,4.6625,4.775,4.71875,0,0.0
decode,32,3,linear,useless,4.775,4.887500000000001,4.831250000000001,0,0.0
decode,32,3,linear,useless,4.887500000000001,5.0,4.9437500000000005,0,0.0
decode,32,9,transition,useful_cold,-4.0,-3.8875,-3.94375,0,0.0
decode,32,9,transition,useful_cold,-3.8875,-3.775,-3.83125,0,0.0
decode,32,9,transition,useful_cold,-3.775,-3.6625,-3.71875,0,0.0
decode,32,9,transition,useful_cold,-3.6625,-3.55,-3.60625,0,0.0
decode,32,9,transition,useful_cold,-3.55,-3.4375,-3.49375,0,0.0
decode,32,9,transition,useful_cold,-3.4375,-3.325,-3.38125,0,0.0
decode,32,9,transition,useful_cold,-3.325,-3.2125,-3.26875,0,0.0
decode,32,9,transition,useful_cold,-3.2125,-3.1,-3.15625,0,0.0
decode,32,9,transition,useful_cold,-3.1,-2.9875,-3.04375,0,0.0
decode,32,9,transition,useful_cold,-2.9875,-2.875,-2.93125,0,0.0
decode,32,9,transition,useful_cold,-2.875,-2.7625,-2.81875,0,0.0
decode,32,9,transition,useful_cold,-2.7625,-2.65,-2.70625,0,0.0
decode,32,9,transition,useful_cold,-2.65,-2.5374999999999996,-2.59375,0,0.0
decode,32,9,transition,useful_cold,-2.5374999999999996,-2.425,-2.4812499999999997,0,0.0
decode,32,9,transition,useful_cold,-2.425,-2.3125,-2.36875,0,0.0
decode,32,9,transition,useful_cold,-2.3125,-2.2,-2.25625,0,0.0
decode,32,9,transition,useful_cold,-2.2,-2.0875,-2.14375,1,0.0003476703910857304
decode,32,9,transition,useful_cold,-2.0875,-1.975,-2.03125,0,0.0
decode,32,9,transition,useful_cold,-1.975,-1.8624999999999998,-1.91875,1,0.0003476703910857304
decode,32,9,transition,useful_cold,-1.8624999999999998,-1.75,-1.80625,2,0.0006953407821714635
decode,32,9,transition,useful_cold,-1.75,-1.6374999999999997,-1.6937499999999999,9,0.0031290335197715733
decode,32,9,transition,useful_cold,-1.6374999999999997,-1.525,-1.5812499999999998,18,0.006258067039543171
decode,32,9,transition,useful_cold,-1.525,-1.4125,-1.46875,26,0.009039430168229026
decode,32,9,transition,useful_cold,-1.4125,-1.2999999999999998,-1.35625,67,0.023293916202743934
decode,32,9,transition,useful_cold,-1.2999999999999998,-1.1875,-1.24375,101,0.035114709499658905
decode,32,9,transition,useful_cold,-1.1875,-1.0749999999999997,-1.1312499999999999,119,0.04137277653920191
decode,32,9,transition,useful_cold,-1.0749999999999997,-0.9624999999999999,-1.0187499999999998,183,0.0636236815686889
decode,32,9,transition,useful_cold,-0.9624999999999999,-0.8500000000000001,-0.90625,246,0.08552691620709
decode,32,9,transition,useful_cold,-0.8500000000000001,-0.7374999999999998,-0.79375,383,0.13315775978583472
decode,32,9,transition,useful_cold,-0.7374999999999998,-0.625,-0.6812499999999999,523,0.1818316145378377
decode,32,9,transition,useful_cold,-0.625,-0.5124999999999997,-0.5687499999999999,637,0.22146603912161023
decode,32,9,transition,useful_cold,-0.5124999999999997,-0.3999999999999999,-0.4562499999999998,832,0.2892617653833288
decode,32,9,transition,useful_cold,-0.3999999999999999,-0.2875000000000001,-0.34375,904,0.3142940335415015
decode,32,9,transition,useful_cold,-0.2875000000000001,-0.17499999999999982,-0.23124999999999996,1004,0.3490610726500733
decode,32,9,transition,useful_cold,-0.17499999999999982,-0.0625,-0.11874999999999991,1208,0.41998583243156395
decode,32,9,transition,useful_cold,-0.0625,0.04999999999999982,-0.006250000000000089,1131,0.3932152123179626
decode,32,9,transition,useful_cold,0.04999999999999982,0.16250000000000053,0.10625000000000018,1103,0.38348044136755904
decode,32,9,transition,useful_cold,0.16250000000000053,0.27500000000000036,0.21875000000000044,1121,0.3897385084071053
decode,32,9,transition,useful_cold,0.27500000000000036,0.3875000000000002,0.33125000000000027,1032,0.3587958436004752
decode,32,9,transition,useful_cold,0.3875000000000002,0.5,0.4437500000000001,990,0.3441936871748744
decode,32,9,transition,useful_cold,0.5,0.6124999999999998,0.5562499999999999,1036,0.3601865251648181
decode,32,9,transition,useful_cold,0.6124999999999998,0.7250000000000005,0.6687500000000002,908,0.3156847151058419
decode,32,9,transition,useful_cold,0.7250000000000005,0.8375000000000004,0.7812500000000004,921,0.3202044301899589
decode,32,9,transition,useful_cold,0.8375000000000004,0.9500000000000002,0.8937500000000003,890,0.30942664806630127
decode,32,9,transition,useful_cold,0.9500000000000002,1.0625,1.00625,811,0.2819606871705284
decode,32,9,transition,useful_cold,1.0625,1.1749999999999998,1.11875,792,0.27535494973989955
decode,32,9,transition,useful_cold,1.1749999999999998,1.2875000000000005,1.2312500000000002,718,0.2496273407995534
decode,32,9,transition,useful_cold,1.2875000000000005,1.4000000000000004,1.3437500000000004,659,0.2291147877254972
decode,32,9,transition,useful_cold,1.4000000000000004,1.5125000000000002,1.4562500000000003,615,0.21381729051772502
decode,32,9,transition,useful_cold,1.5125000000000002,1.625,1.56875,613,0.21312194973555354
decode,32,9,transition,useful_cold,1.625,1.7374999999999998,1.68125,608,0.2113835977801249
decode,32,9,transition,useful_cold,1.7374999999999998,1.8500000000000005,1.7937500000000002,564,0.19608610057235115
decode,32,9,transition,useful_cold,1.8500000000000005,1.9625000000000004,1.9062500000000004,512,0.17800724023589465
decode,32,9,transition,useful_cold,1.9625000000000004,2.075,2.0187500000000003,525,0.18252695532000915
decode,32,9,transition,useful_cold,2.075,2.1875,2.13125,504,0.1752258771072088
decode,32,9,transition,useful_cold,2.1875,2.3,2.24375,516,0.1793979218002376
decode,32,9,transition,useful_cold,2.3,2.4125000000000005,2.35625,540,0.18774201118629366
decode,32,9,transition,useful_cold,2.4125000000000005,2.5250000000000004,2.4687500000000004,479,0.1665341173300655
decode,32,9,transition,useful_cold,2.5250000000000004,2.6375,2.5812500000000003,384,0.133505430176921
decode,32,9,transition,useful_cold,2.6375,2.75,2.69375,333,0.11577424023154867
decode,32,9,transition,useful_cold,2.75,2.8625,2.80625,269,0.09352333520206184
decode,32,9,transition,useful_cold,2.8625,2.9750000000000005,2.91875,225,0.07822583799428902
decode,32,9,transition,useful_cold,2.9750000000000005,3.0875000000000004,3.0312500000000004,165,0.057365614529145736
decode,32,9,transition,useful_cold,3.0875000000000004,3.2,3.1437500000000003,95,0.03302868715314451
decode,32,9,transition,useful_cold,3.2,3.3125,3.25625,59,0.020512553074058172
decode,32,9,transition,useful_cold,3.3125,3.425,3.36875,34,0.01182079329691488
decode,32,9,transition,useful_cold,3.425,3.5375000000000005,3.48125,17,0.005910396648457393
decode,32,9,transition,useful_cold,3.5375000000000005,3.6500000000000004,3.5937500000000004,32,0.011125452514743416
decode,32,9,transition,useful_cold,3.6500000000000004,3.7625,3.7062500000000003,10,0.0034767039108573173
decode,32,9,transition,useful_cold,3.7625,3.875,3.81875,14,0.004867385475200244
decode,32,9,transition,useful_cold,3.875,3.9875,3.93125,13,0.004519715084114513
decode,32,9,transition,useful_cold,3.9875,4.1,4.043749999999999,12,0.004172044693028781
decode,32,9,transition,useful_cold,4.1,4.2125,4.15625,15,0.005215055866285935
decode,32,9,transition,useful_cold,4.2125,4.325000000000001,4.268750000000001,7,0.002433692737600103
decode,32,9,transition,useful_cold,4.325000000000001,4.4375,4.3812500000000005,1,0.0003476703910857345
decode,32,9,transition,useful_cold,4.4375,4.550000000000001,4.49375,1,0.00034767039108572897
decode,32,9,transition,useful_cold,4.550000000000001,4.6625,4.60625,4,0.001390681564342938
decode,32,9,transition,useful_cold,4.6625,4.775,4.71875,12,0.004172044693028748
decode,32,9,transition,useful_cold,4.775,4.887500000000001,4.831250000000001,3,0.001043011173257187
decode,32,9,transition,useful_cold,4.887500000000001,5.0,4.9437500000000005,10,0.0034767039108573447
decode,32,9,transition,useless,-4.0,-3.8875,-3.94375,0,0.0
decode,32,9,transition,useless,-3.8875,-3.775,-3.83125,0,0.0
decode,32,9,transition,useless,-3.775,-3.6625,-3.71875,0,0.0
decode,32,9,transition,useless,-3.6625,-3.55,-3.60625,0,0.0
decode,32,9,transition,useless,-3.55,-3.4375,-3.49375,0,0.0
decode,32,9,transition,useless,-3.4375,-3.325,-3.38125,0,0.0
decode,32,9,transition,useless,-3.325,-3.2125,-3.26875,0,0.0
decode,32,9,transition,useless,-3.2125,-3.1,-3.15625,0,0.0
decode,32,9,transition,useless,-3.1,-2.9875,-3.04375,0,0.0
decode,32,9,transition,useless,-2.9875,-2.875,-2.93125,0,0.0
decode,32,9,transition,useless,-2.875,-2.7625,-2.81875,0,0.0
decode,32,9,transition,useless,-2.7625,-2.65,-2.70625,0,0.0
decode,32,9,transition,useless,-2.65,-2.5374999999999996,-2.59375,0,0.0
decode,32,9,transition,useless,-2.5374999999999996,-2.425,-2.4812499999999997,2,6.0051742082271735e-05
decode,32,9,transition,useless,-2.425,-2.3125,-2.36875,7,0.0002101810972879511
decode,32,9,transition,useless,-2.3125,-2.2,-2.25625,15,0.00045038806561703803
decode,32,9,transition,useless,-2.2,-2.0875,-2.14375,34,0.0010208796153986155
decode,32,9,transition,useless,-2.0875,-1.975,-2.03125,74,0.0022219144570440543
decode,32,9,transition,useless,-1.975,-1.8624999999999998,-1.91875,160,0.00480413936658172
decode,32,9,transition,useless,-1.8624999999999998,-1.75,-1.80625,364,0.010929417058973457
decode,32,9,transition,useless,-1.75,-1.6374999999999997,-1.6937499999999999,774,0.02324002418583907
decode,32,9,transition,useless,-1.6374999999999997,-1.525,-1.5812499999999998,1648,0.04948263547579191
decode,32,9,transition,useless,-1.525,-1.4125,-1.46875,3339,0.10025638340635266
decode,32,9,transition,useless,-1.4125,-1.2999999999999998,-1.35625,5880,0.1765521217218782
decode,32,9,transition,useless,-1.2999999999999998,-1.1875,-1.24375,9028,0.27107356375937464
decode,32,9,transition,useless,-1.1875,-1.0749999999999997,-1.1312499999999999,12078,0.3626524704348376
decode,32,9,transition,useless,-1.0749999999999997,-0.9624999999999999,-1.0187499999999998,15633,0.46939444198607705
decode,32,9,transition,useless,-0.9624999999999999,-0.8500000000000001,-0.90625,18990,0.5701912910711702
decode,32,9,transition,useless,-0.8500000000000001,-0.7374999999999998,-0.79375,21377,0.641863045246359
decode,32,9,transition,useless,-0.7374999999999998,-0.625,-0.6812499999999999,23893,0.7174081367858594
decode,32,9,transition,useless,-0.625,-0.5124999999999997,-0.5687499999999999,24153,0.7252148632565518
decode,32,9,transition,useless,-0.5124999999999997,-0.3999999999999999,-0.4562499999999998,22782,0.6840493940591573
decode,32,9,transition,useless,-0.3999999999999999,-0.2875000000000001,-0.34375,19820,0.5951127640353129
decode,32,9,transition,useless,-0.2875000000000001,-0.17499999999999982,-0.23124999999999996,16819,0.5050051250408621
decode,32,9,transition,useless,-0.17499999999999982,-0.0625,-0.11874999999999991,14205,0.42651749813933504
decode,32,9,transition,useless,-0.0625,0.04999999999999982,-0.006250000000000089,12115,0.36376342766336106
decode,32,9,transition,useless,0.04999999999999982,0.16250000000000053,0.10625000000000018,10461,0.3141006369613198
decode,32,9,transition,useless,0.16250000000000053,0.27500000000000036,0.21875000000000044,8651,0.2597538103768664
decode,32,9,transition,useless,0.27500000000000036,0.3875000000000002,0.33125000000000027,7292,0.21894865163196275
decode,32,9,transition,useless,0.3875000000000002,0.5,0.4437500000000001,6014,0.1805755884413911
decode,32,9,transition,useless,0.5,0.6124999999999998,0.5562499999999999,5125,0.15388258908582134
decode,32,9,transition,useless,0.6124999999999998,0.7250000000000005,0.6687500000000002,4465,0.13406551419867058
decode,32,9,transition,useless,0.7250000000000005,0.8375000000000004,0.7812500000000004,3955,0.11875231996769237
decode,32,9,transition,useless,0.8375000000000004,0.9500000000000002,0.8937500000000003,3388,0.10172765108736832
decode,32,9,transition,useless,0.9500000000000002,1.0625,1.00625,3049,0.09154888080442326
decode,32,9,transition,useless,1.0625,1.1749999999999998,1.11875,2485,0.07461428953722263
decode,32,9,transition,useless,1.1749999999999998,1.2875000000000005,1.2312500000000002,2268,0.0680986755212956
decode,32,9,transition,useless,1.2875000000000005,1.4000000000000004,1.3437500000000004,1832,0.05500739574736091
decode,32,9,transition,useless,1.4000000000000004,1.5125000000000002,1.4562500000000003,1624,0.04876201457080465
decode,32,9,transition,useless,1.5125000000000002,1.625,1.56875,1449,0.043507487138605874
decode,32,9,transition,useless,1.625,1.7374999999999998,1.68125,1415,0.04248660752320725
decode,32,9,transition,useless,1.7374999999999998,1.8500000000000005,1.7937500000000002,1178,0.03537047608645777
decode,32,9,transition,useless,1.8500000000000005,1.9625000000000004,1.9062500000000004,1073,0.032217759627138784
decode,32,9,transition,useless,1.9625000000000004,2.075,2.0187500000000003,926,0.027803956584091814
decode,32,9,transition,useless,2.075,2.1875,2.13125,798,0.023960645090826422
decode,32,9,transition,useless,2.1875,2.3,2.24375,683,0.0205076699210958
decode,32,9,transition,useless,2.3,2.4125000000000005,2.35625,582,0.017475056945940936
decode,32,9,transition,useless,2.4125000000000005,2.5250000000000004,2.4687500000000004,543,0.016304047975336775
decode,32,9,transition,useless,2.5250000000000004,2.6375,2.5812500000000003,417,0.012520788224153657
decode,32,9,transition,useless,2.6375,2.75,2.69375,347,0.010418977251274147
decode,32,9,transition,useless,2.75,2.8625,2.80625,330,0.009908537443574837
decode,32,9,transition,useless,2.8625,2.9750000000000005,2.91875,277,0.008317166278394569
decode,32,9,transition,useless,2.9750000000000005,3.0875000000000004,3.0312500000000004,239,0.007176183178831472
decode,32,9,transition,useless,3.0875000000000004,3.2,3.1437500000000003,219,0.006575665758008755
decode,32,9,transition,useless,3.2,3.3125,3.25625,140,0.004203621945759022
decode,32,9,transition,useless,3.3125,3.425,3.36875,150,0.00450388065617038
decode,32,9,transition,useless,3.425,3.5375000000000005,3.48125,130,0.0039033632353476315
decode,32,9,transition,useless,3.5375000000000005,3.6500000000000004,3.5937500000000004,134,0.004023466719512207
decode,32,9,transition,useless,3.6500000000000004,3.7625,3.7062500000000003,145,0.0043537513009647005
decode,32,9,transition,useless,3.7625,3.875,3.81875,127,0.0038132856222242552
decode,32,9,transition,useless,3.875,3.9875,3.93125,110,0.0033028458145249453
decode,32,9,transition,useless,3.9875,4.1,4.043749999999999,109,0.0032728199434838095
decode,32,9,transition,useless,4.1,4.2125,4.15625,108,0.0032427940724426476
decode,32,9,transition,useless,4.2125,4.325000000000001,4.268750000000001,106,0.0031827423303603763
decode,32,9,transition,useless,4.325000000000001,4.4375,4.3812500000000005,82,0.0024621214253731606
decode,32,9,transition,useless,4.4375,4.550000000000001,4.49375,101,0.0030326129751546984
decode,32,9,transition,useless,4.550000000000001,4.6625,4.60625,81,0.0024320955543320243
decode,32,9,transition,useless,4.6625,4.775,4.71875,84,0.0025221731674553924
decode,32,9,transition,useless,4.775,4.887500000000001,4.831250000000001,67,0.002011733359756087
decode,32,9,transition,useless,4.887500000000001,5.0,4.9437500000000005,92,0.0027623801357845217
decode,32,9,linear,useful_cold,-4.0,-3.8875,-3.94375,0,0.0
decode,32,9,linear,useful_cold,-3.8875,-3.775,-3.83125,0,0.0
decode,32,9,linear,useful_cold,-3.775,-3.6625,-3.71875,0,0.0
decode,32,9,linear,useful_cold,-3.6625,-3.55,-3.60625,0,0.0
decode,32,9,linear,useful_cold,-3.55,-3.4375,-3.49375,0,0.0
decode,32,9,linear,useful_cold,-3.4375,-3.325,-3.38125,0,0.0
decode,32,9,linear,useful_cold,-3.325,-3.2125,-3.26875,0,0.0
decode,32,9,linear,useful_cold,-3.2125,-3.1,-3.15625,1,0.00034767039108573173
decode,32,9,linear,useful_cold,-3.1,-2.9875,-3.04375,0,0.0
decode,32,9,linear,useful_cold,-2.9875,-2.875,-2.93125,0,0.0
decode,32,9,linear,useful_cold,-2.875,-2.7625,-2.81875,0,0.0
decode,32,9,linear,useful_cold,-2.7625,-2.65,-2.70625,1,0.0003476703910857304
decode,32,9,linear,useful_cold,-2.65,-2.5374999999999996,-2.59375,0,0.0
decode,32,9,linear,useful_cold,-2.5374999999999996,-2.425,-2.4812499999999997,4,0.001390681564342927
decode,32,9,linear,useful_cold,-2.425,-2.3125,-2.36875,4,0.001390681564342927
decode,32,9,linear,useful_cold,-2.3125,-2.2,-2.25625,5,0.0017383519554286587
decode,32,9,linear,useful_cold,-2.2,-2.0875,-2.14375,8,0.002781363128685843
decode,32,9,linear,useful_cold,-2.0875,-1.975,-2.03125,7,0.002433692737600122
decode,32,9,linear,useful_cold,-1.975,-1.8624999999999998,-1.91875,9,0.0031290335197715733
decode,32,9,linear,useful_cold,-1.8624999999999998,-1.75,-1.80625,10,0.0034767039108573173
decode,32,9,linear,useful_cold,-1.75,-1.6374999999999997,-1.6937499999999999,25,0.00869175977714326
decode,32,9,linear,useful_cold,-1.6374999999999997,-1.525,-1.5812499999999998,26,0.009039430168229026
decode,32,9,linear,useful_cold,-1.525,-1.4125,-1.46875,38,0.013211474861257805
decode,32,9,linear,useful_cold,-1.4125,-1.2999999999999998,-1.35625,40,0.013906815643429214
decode,32,9,linear,useful_cold,-1.2999999999999998,-1.1875,-1.24375,66,0.022946245811658293
decode,32,9,linear,useful_cold,-1.1875,-1.0749999999999997,-1.1312499999999999,103,0.03581005028183023
decode,32,9,linear,useful_cold,-1.0749999999999997,-0.9624999999999999,-1.0187499999999998,125,0.043458798885716465
decode,32,9,linear,useful_cold,-0.9624999999999999,-0.8500000000000001,-0.90625,154,0.053541240227202684
decode,32,9,linear,useful_cold,-0.8500000000000001,-0.7374999999999998,-0.79375,180,0.06258067039543147
decode,32,9,linear,useful_cold,-0.7374999999999998,-0.625,-0.6812499999999999,225,0.07822583799428964
decode,32,9,linear,useful_cold,-0.625,-0.5124999999999997,-0.5687499999999999,287,0.09978140224160462
decode,32,9,linear,useful_cold,-0.5124999999999997,-0.3999999999999999,-0.4562499999999998,313,0.10882083240983403
decode,32,9,linear,useful_cold,-0.3999999999999999,-0.2875000000000001,-0.34375,404,0.14045883799863562
decode,32,9,linear,useful_cold,-0.2875000000000001,-0.17499999999999982,-0.23124999999999996,441,0.15332264246880709
decode,32,9,linear,useful_cold,-0.17499999999999982,-0.0625,-0.11874999999999991,495,0.1720968435874372
decode,32,9,linear,useful_cold,-0.0625,0.04999999999999982,-0.006250000000000089,502,0.17453053632503732
decode,32,9,linear,useful_cold,0.04999999999999982,0.16250000000000053,0.10625000000000018,604,0.2099929162157803
decode,32,9,linear,useful_cold,0.16250000000000053,0.27500000000000036,0.21875000000000044,676,0.23502518437395464
decode,32,9,linear,useful_cold,0.27500000000000036,0.3875000000000002,0.33125000000000027,764,0.26562017878949906
decode,32,9,linear,useful_cold,0.3875000000000002,0.5,0.4437500000000001,878,0.3052546033732725
decode,32,9,linear,useful_cold,0.5,0.6124999999999998,0.5562499999999999,904,0.3142940335415015
decode,32,9,linear,useful_cold,0.6124999999999998,0.7250000000000005,0.6687500000000002,1015,0.3528854469520149
decode,32,9,linear,useful_cold,0.7250000000000005,0.8375000000000004,0.7812500000000004,970,0.33724027935315976
decode,32,9,linear,useful_cold,0.8375000000000004,0.9500000000000002,0.8937500000000003,1080,0.37548402237259026
decode,32,9,linear,useful_cold,0.9500000000000002,1.0625,1.00625,1130,0.39286754192687684
decode,32,9,linear,useful_cold,1.0625,1.1749999999999998,1.11875,1201,0.4175521396939638
decode,32,9,linear,useful_cold,1.1749999999999998,1.2875000000000005,1.2312500000000002,1225,0.425896229080018
decode,32,9,linear,useful_cold,1.2875000000000005,1.4000000000000004,1.3437500000000004,1135,0.3946058938823055
decode,32,9,linear,useful_cold,1.4000000000000004,1.5125000000000002,1.4562500000000003,1181,0.41059873187224916
decode,32,9,linear,useful_cold,1.5125000000000002,1.625,1.56875,1208,0.41998583243156395
decode,32,9,linear,useful_cold,1.625,1.7374999999999998,1.68125,1060,0.36853061455087566
decode,32,9,linear,useful_cold,1.7374999999999998,1.8500000000000005,1.7937500000000002,1102,0.38313277097647336
decode,32,9,linear,useful_cold,1.8500000000000005,1.9625000000000004,1.9062500000000004,1031,0.35844817320938943
decode,32,9,linear,useful_cold,1.9625000000000004,2.075,2.0187500000000003,920,0.3198567597988732
decode,32,9,linear,useful_cold,2.075,2.1875,2.13125,816,0.2836990391259571
decode,32,9,linear,useful_cold,2.1875,2.3,2.24375,683,0.23745887711155478
decode,32,9,linear,useful_cold,2.3,2.4125000000000005,2.35625,572,0.19886746370103697
decode,32,9,linear,useful_cold,2.4125000000000005,2.5250000000000004,2.4687500000000004,498,0.1731398547606944
decode,32,9,linear,useful_cold,2.5250000000000004,2.6375,2.5812500000000003,440,0.15297497207772195
decode,32,9,linear,useful_cold,2.6375,2.75,2.69375,332,0.11542656984046294
decode,32,9,linear,useful_cold,2.75,2.8625,2.80625,280,0.09734770950400488
decode,32,9,linear,useful_cold,2.8625,2.9750000000000005,2.91875,158,0.05493192179154518
decode,32,9,linear,useful_cold,2.9750000000000005,3.0875000000000004,3.0312500000000004,99,0.03441936871748744
decode,32,9,linear,useful_cold,3.0875000000000004,3.2,3.1437500000000003,60,0.020860223465143903
decode,32,9,linear,useful_cold,3.2,3.3125,3.25625,33,0.011473122905829147
decode,32,9,linear,useful_cold,3.3125,3.425,3.36875,15,0.005215055866285976
decode,32,9,linear,useful_cold,3.425,3.5375000000000005,3.48125,16,0.0055627262573716635
decode,32,9,linear,useful_cold,3.5375000000000005,3.6500000000000004,3.5937500000000004,5,0.0017383519554286587
decode,32,9,linear,useful_cold,3.6500000000000004,3.7625,3.7062500000000003,2,0.0006953407821714635
decode,32,9,linear,useful_cold,3.7625,3.875,3.81875,0,0.0
decode,32,9,linear,useful_cold,3.875,3.9875,3.93125,1,0.00034767039108573173
decode,32,9,linear,useful_cold,3.9875,4.1,4.043749999999999,0,0.0
decode,32,9,linear,useful_cold,4.1,4.2125,4.15625,0,0.0
decode,32,9,linear,useful_cold,4.2125,4.325000000000001,4.268750000000001,0,0.0
decode,32,9,linear,useful_cold,4.325000000000001,4.4375,4.3812500000000005,0,0.0
decode,32,9,linear,useful_cold,4.4375,4.550000000000001,4.49375,0,0.0
decode,32,9,linear,useful_cold,4.550000000000001,4.6625,4.60625,0,0.0
decode,32,9,linear,useful_cold,4.6625,4.775,4.71875,0,0.0
decode,32,9,linear,useful_cold,4.775,4.887500000000001,4.831250000000001,0,0.0
decode,32,9,linear,useful_cold,4.887500000000001,5.0,4.9437500000000005,0,0.0
decode,32,9,linear,useless,-4.0,-3.8875,-3.94375,1,3.0025871041135868e-05
decode,32,9,linear,useless,-3.8875,-3.775,-3.83125,0,0.0
decode,32,9,linear,useless,-3.775,-3.6625,-3.71875,2,6.0051742082271735e-05
decode,32,9,linear,useless,-3.6625,-3.55,-3.60625,3,9.007761312340725e-05
decode,32,9,linear,useless,-3.55,-3.4375,-3.49375,7,0.0002101810972879511
decode,32,9,linear,useless,-3.4375,-3.325,-3.38125,7,0.0002101810972879511
decode,32,9,linear,useless,-3.325,-3.2125,-3.26875,20,0.000600517420822715
decode,32,9,linear,useless,-3.2125,-3.1,-3.15625,35,0.0010509054864397554
decode,32,9,linear,useless,-3.1,-2.9875,-3.04375,44,0.001321138325809973
decode,32,9,linear,useless,-2.9875,-2.875,-2.93125,85,0.0025521990384965486
decode,32,9,linear,useless,-2.875,-2.7625,-2.81875,106,0.003182742330360402
decode,32,9,linear,useless,-2.7625,-2.65,-2.70625,185,0.005554786142610114
decode,32,9,linear,useless,-2.65,-2.5374999999999996,-2.59375,271,0.008137011052147789
decode,32,9,linear,useless,-2.5374999999999996,-2.425,-2.4812499999999997,396,0.011890244932289804
decode,32,9,linear,useless,-2.425,-2.3125,-2.36875,583,0.017505082816982213
decode,32,9,linear,useless,-2.3125,-2.2,-2.25625,815,0.024471084898525734
decode,32,9,linear,useless,-2.2,-2.0875,-2.14375,1149,0.034499725826264975
decode,32,9,linear,useless,-2.0875,-1.975,-2.03125,1522,0.04569937572460879
decode,32,9,linear,useless,-1.975,-1.8624999999999998,-1.91875,2087,0.0626639928628503
decode,32,9,linear,useless,-1.8624999999999998,-1.75,-1.80625,2593,0.07785708360966531
decode,32,9,linear,useless,-1.75,-1.6374999999999997,-1.6937499999999999,3302,0.09914542617783025
decode,32,9,linear,useless,-1.6374999999999997,-1.525,-1.5812499999999998,4181,0.12553816682298907
decode,32,9,linear,useless,-1.525,-1.4125,-1.46875,5295,0.15898698716281442
decode,32,9,linear,useless,-1.4125,-1.2999999999999998,-1.35625,6578,0.19751017970859097
decode,32,9,linear,useless,-1.2999999999999998,-1.1875,-1.24375,7900,0.23720438122497337
decode,32,9,linear,useless,-1.1875,-1.0749999999999997,-1.1312499999999999,9416,0.2827236017233342
decode,32,9,linear,useless,-1.0749999999999997,-0.9624999999999999,-1.0187499999999998,10791,0.3240091744048972
decode,32,9,linear,useless,-0.9624999999999999,-0.8500000000000001,-0.90625,12428,0.3731615252992366
decode,32,9,linear,useless,-0.8500000000000001,-0.7374999999999998,-0.79375,13526,0.40612993170240214
decode,32,9,linear,useless,-0.7374999999999998,-0.625,-0.6812499999999999,14742,0.44264139088842497
decode,32,9,linear,useless,-0.625,-0.5124999999999997,-0.5687499999999999,15733,0.47239702909018877
decode,32,9,linear,useless,-0.5124999999999997,-0.3999999999999999,-0.4562499999999998,16334,0.49044257758591325
decode,32,9,linear,useless,-0.3999999999999999,-0.2875000000000001,-0.34375,16787,0.5040442971675478
decode,32,9,linear,useless,-0.2875000000000001,-0.17499999999999982,-0.23124999999999996,16458,0.4941657855950122
decode,32,9,linear,useless,-0.17499999999999982,-0.0625,-0.11874999999999991,16012,0.4807742471106675
decode,32,9,linear,useless,-0.0625,0.04999999999999982,-0.006250000000000089,15140,0.45459168756279705
decode,32,9,linear,useless,0.04999999999999982,0.16250000000000053,0.10625000000000018,14058,0.42210369509628465
decode,32,9,linear,useless,0.16250000000000053,0.27500000000000036,0.21875000000000044,12820,0.38493166674736184
decode,32,9,linear,useless,0.27500000000000036,0.3875000000000002,0.33125000000000027,11590,0.3479998453667647
decode,32,9,linear,useless,0.3875000000000002,0.5,0.4437500000000001,10312,0.30962678217619305
decode,32,9,linear,useless,0.5,0.6124999999999998,0.5562499999999999,9036,0.2713137707277037
decode,32,9,linear,useless,0.6124999999999998,0.7250000000000005,0.6687500000000002,7950,0.23870567477702823
decode,32,9,linear,useless,0.7250000000000005,0.8375000000000004,0.7812500000000004,6713,0.2015636722991451
decode,32,9,linear,useless,0.8375000000000004,0.9500000000000002,0.8937500000000003,5584,0.16766446389370268
decode,32,9,linear,useless,0.9500000000000002,1.0625,1.00625,4813,0.14451451732098694
decode,32,9,linear,useless,1.0625,1.1749999999999998,1.11875,4051,0.12163480358764141
decode,32,9,linear,useless,1.1749999999999998,1.2875000000000005,1.2312500000000002,3250,0.09758408088369078
decode,32,9,linear,useless,1.2875000000000005,1.4000000000000004,1.3437500000000004,2658,0.07980876522733914
decode,32,9,linear,useless,1.4000000000000004,1.5125000000000002,1.4562500000000003,2083,0.06254388937868602
decode,32,9,linear,useless,1.5125000000000002,1.625,1.56875,1695,0.0508938514147253
decode,32,9,linear,useless,1.625,1.7374999999999998,1.68125,1330,0.03993440848471071
decode,32,9,linear,useless,1.7374999999999998,1.8500000000000005,1.7937500000000002,1062,0.03188747504568604
decode,32,9,linear,useless,1.8500000000000005,1.9625000000000004,1.9062500000000004,702,0.02107816147087738
decode,32,9,linear,useless,1.9625000000000004,2.075,2.0187500000000003,524,0.015733556425555194
decode,32,9,linear,useless,2.075,2.1875,2.13125,398,0.011950296674372076
decode,32,9,linear,useless,2.1875,2.3,2.24375,297,0.008917683699217353
decode,32,9,linear,useless,2.3,2.4125000000000005,2.35625,196,0.0058850707240625825
decode,32,9,linear,useless,2.4125000000000005,2.5250000000000004,2.4687500000000004,151,0.0045339065272115165
decode,32,9,linear,useless,2.5250000000000004,2.6375,2.5812500000000003,90,0.0027023283937022283
decode,32,9,linear,useless,2.6375,2.75,2.69375,52,0.001561345294139065
decode,32,9,linear,useless,2.75,2.8625,2.80625,36,0.0010809313574808913
decode,32,9,linear,useless,2.8625,2.9750000000000005,2.91875,17,0.0005104398076993057
decode,32,9,linear,useless,2.9750000000000005,3.0875000000000004,3.0312500000000004,16,0.0004804139366581739
decode,32,9,linear,useless,3.0875000000000004,3.2,3.1437500000000003,12,0.0003603104524936304
decode,32,9,linear,useless,3.2,3.3125,3.25625,5,0.00015012935520567934
decode,32,9,linear,useless,3.3125,3.425,3.36875,3,9.00776131234076e-05
decode,32,9,linear,useless,3.425,3.5375000000000005,3.48125,0,0.0
decode,32,9,linear,useless,3.5375000000000005,3.6500000000000004,3.5937500000000004,0,0.0
decode,32,9,linear,useless,3.6500000000000004,3.7625,3.7062500000000003,3,9.00776131234076e-05
decode,32,9,linear,useless,3.7625,3.875,3.81875,0,0.0
decode,32,9,linear,useless,3.875,3.9875,3.93125,0,0.0
decode,32,9,linear,useless,3.9875,4.1,4.043749999999999,0,0.0
decode,32,9,linear,useless,4.1,4.2125,4.15625,0,0.0
decode,32,9,linear,useless,4.2125,4.325000000000001,4.268750000000001,0,0.0
decode,32,9,linear,useless,4.325000000000001,4.4375,4.3812500000000005,0,0.0
decode,32,9,linear,useless,4.4375,4.550000000000001,4.49375,0,0.0
decode,32,9,linear,useless,4.550000000000001,4.6625,4.60625,0,0.0
decode,32,9,linear,useless,4.6625,4.775,4.71875,0,0.0
decode,32,9,linear,useless,4.775,4.887500000000001,4.831250000000001,0,0.0
decode,32,9,linear,useless,4.887500000000001,5.0,4.9437500000000005,0,0.0
