phase,domain,layer_id,window_size,hotset_size,n_windows,mean_jaccard,min_jaccard,mean_static_coverage,mean_lagged_coverage,mean_oracle_coverage,mean_lagged_oracle_ratio
decode,__all__,0,256,8,31,0.3104317904317904,0.14285714285714285,0.22547200520833333,0.20255533854166666,0.24900716145833332,0.8151742547356362
decode,__all__,0,512,8,15,0.41312021312021313,0.23076923076923078,0.22649274553571427,0.20999581473214285,0.23794991629464285,0.8836352400532902
decode,__all__,1,256,8,31,0.307037407037407,0.0,0.220263671875,0.19752604166666668,0.24415690104166668,0.8095273006562732
decode,__all__,1,512,8,15,0.4481518481518481,0.23076923076923078,0.22134835379464285,0.21147809709821427,0.232421875,0.9072813529573207
decode,__all__,2,256,8,31,0.22146076146076146,0.0,0.204931640625,0.17395833333333333,0.24788411458333334,0.7002978375694576
decode,__all__,2,512,8,15,0.33847105275676703,0.14285714285714285,0.20668247767857142,0.19114467075892858,0.22645786830357142,0.843986219824602
decode,__all__,3,256,8,31,0.3729093129093129,0.0,0.237646484375,0.2111328125,0.26630859375,0.7931890133257886
decode,__all__,3,512,8,15,0.49617049617049613,0.23076923076923078,0.23904854910714285,0.2296142578125,0.25211007254464285,0.9091479211895039
decode,__all__,4,256,8,31,0.35491619491619486,0.06666666666666667,0.26337890625,0.229248046875,0.30179036458333336,0.7618042443844028
decode,__all__,4,512,8,15,0.4595182595182595,0.23076923076923078,0.26426478794642855,0.24928501674107142,0.2836216517857143,0.8797199743240967
decode,__all__,5,256,8,31,0.34877418877418875,0.0,0.27288411458333334,0.22698567708333334,0.30730794270833334,0.7407666678537684
decode,__all__,5,512,8,15,0.48935508935508937,0.23076923076923078,0.27537318638392855,0.25796944754464285,0.28749302455357145,0.8939691953671273
decode,__all__,6,256,8,31,0.432046472046472,0.06666666666666667,0.3013509114583333,0.26315104166666664,0.33173828125,0.7931884731913527
decode,__all__,6,512,8,15,0.5774891774891774,0.3333333333333333,0.30467006138392855,0.2855224609375,0.31640625,0.9018886819146943
decode,__all__,7,256,8,31,0.3422074222074222,0.06666666666666667,0.276171875,0.240234375,0.30914713541666666,0.7742943578371285
decode,__all__,7,512,8,15,0.43643023643023643,0.23076923076923078,0.27755301339285715,0.26156180245535715,0.2927943638392857,0.8915254581366104
decode,__all__,8,256,8,31,0.3082088282088282,0.06666666666666667,0.25729166666666664,0.223828125,0.29640299479166665,0.7546634106507157
decode,__all__,8,512,8,15,0.3754245754245754,0.23076923076923078,0.25857979910714285,0.24422781808035715,0.2753208705357143,0.8856995172910532
decode,__all__,9,256,8,31,0.3604070004070004,0.0,0.26809895833333336,0.23922526041666667,0.293701171875,0.813518340575412
decode,__all__,9,512,8,15,0.5157287157287157,0.3333333333333333,0.27049037388392855,0.2610560825892857,0.28053501674107145,0.9305123002842516
decode,__all__,10,256,8,31,0.2788211788211788,0.0,0.23167317708333332,0.19855143229166666,0.2642578125,0.757593100003995
decode,__all__,10,512,8,15,0.41463615749330035,0.14285714285714285,0.23404366629464285,0.21473911830357142,0.2481689453125,0.8656109419451372
decode,__all__,11,256,8,31,0.2930980130980131,0.0,0.25703125,0.22263997395833332,0.29547526041666666,0.7520031389140082
decode,__all__,11,512,8,15,0.40684077826934967,0.14285714285714285,0.25980050223214285,0.25136021205357145,0.27784946986607145,0.901648912546463
decode,__all__,12,256,8,31,0.31233951233951235,0.0,0.240869140625,0.21131184895833333,0.28738606770833336,0.7428292747970768
decode,__all__,12,512,8,15,0.38011195154052296,0.14285714285714285,0.24337332589285715,0.22746930803571427,0.26871163504464285,0.8461291678902748
decode,__all__,13,256,8,31,0.2664964664964665,0.0,0.22561848958333333,0.19173177083333334,0.28030598958333336,0.6884330839890749
decode,__all__,13,512,8,15,0.3354455068740783,0.06666666666666667,0.22896902901785715,0.20790318080357142,0.25634765625,0.8086997530440289
decode,__all__,14,256,8,31,0.1927072927072927,0.0,0.20439453125,0.17037760416666667,0.25826822916666664,0.6674535675205154
decode,__all__,14,512,8,15,0.2750868179439608,0.06666666666666667,0.20659528459821427,0.18399483816964285,0.23381696428571427,0.7879274993360869
decode,__all__,15,256,8,31,0.22683316683316684,0.0,0.20896809895833332,0.178857421875,0.26474609375,0.6830241113630806
decode,__all__,15,512,8,15,0.2927326641612356,0.06666666666666667,0.21224539620535715,0.18866838727678573,0.24393136160714285,0.7747235864529929
decode,code,0,256,8,7,0.6074074074074074,0.3333333333333333,0.2896321614583333,0.2794596354166667,0.3046061197916667,0.9182858934892127
decode,code,0,512,8,3,0.5272727272727272,0.45454545454545453,0.29150390625,0.27001953125,0.2989501953125,0.9023442294453843
decode,code,1,256,8,7,0.6962962962962963,0.6,0.3846842447916667,0.37890625,0.3880208333333333,0.9772097111989834
decode,code,1,512,8,3,0.6888888888888889,0.6,0.381591796875,0.3782958984375,0.3837890625,0.985702318974884
decode,code,2,256,8,7,0.8962962962962964,0.6,0.4205729166666667,0.4189453125,0.4213053385416667,0.994341946469606
decode,code,2,512,8,3,0.8888888888888888,0.7777777777777778,0.4239501953125,0.416259765625,0.4239501953125,0.982421875
decode,code,3,256,8,7,0.7185185185185184,0.6,0.41796875,0.4134928385416667,0.4242350260416667,0.9751711812635402
decode,code,3,512,8,3,0.6,0.6,0.4200439453125,0.4097900390625,0.4224853515625,0.9700304617618398
decode,code,4,256,8,7,0.9629629629629629,0.7777777777777778,0.5264485677083334,0.527099609375,0.5279947916666666,0.998233782915864
decode,code,4,512,8,3,0.8888888888888888,0.7777777777777778,0.5260009765625,0.5260009765625,0.52783203125,0.9963994239078253
decode,code,5,256,8,7,0.9629629629629629,0.7777777777777778,0.5428059895833334,0.5404459635416666,0.5428873697916666,0.9953917050691244
decode,code,5,512,8,3,0.8888888888888888,0.7777777777777778,0.5458984375,0.5369873046875,0.5458984375,0.984144222415291
decode,code,6,256,8,7,0.7851851851851852,0.6,0.5128580729166666,0.5087890625,0.5164388020833334,0.9854374891061887
decode,code,6,512,8,3,0.7777777777777778,0.7777777777777778,0.5096435546875,0.499755859375,0.512451171875,0.9755655666682187
decode,code,7,256,8,7,0.7851851851851852,0.6,0.5126139322916666,0.510009765625,0.5157063802083334,0.9885026458943281
decode,code,7,512,8,3,0.7777777777777778,0.7777777777777778,0.512451171875,0.510498046875,0.5162353515625,0.9886788954044246
decode,code,8,256,8,7,0.7609427609427609,0.45454545454545453,0.4969889322916667,0.494140625,0.5043131510416666,0.9804720113696809
decode,code,8,512,8,3,0.6888888888888889,0.6,0.5013427734375,0.4951171875,0.5081787109375,0.9741138680176693
decode,code,9,256,8,7,0.6478114478114478,0.45454545454545453,0.5301920572916666,0.5188802083333334,0.5340983072916666,0.9714849499807673
decode,code,9,512,8,3,0.7777777777777778,0.7777777777777778,0.5299072265625,0.5252685546875,0.533447265625,0.984590551762194
decode,code,10,256,8,7,0.7313131313131312,0.45454545454545453,0.4302571614583333,0.4229329427083333,0.4371744791666667,0.9663212116746142
decode,code,10,512,8,3,0.6161616161616161,0.45454545454545453,0.4267578125,0.4095458984375,0.4351806640625,0.9397893184952679
decode,code,11,256,8,7,0.6646464646464646,0.45454545454545453,0.5071614583333334,0.4965006510416667,0.51318359375,0.9668871384286858
decode,code,11,512,8,3,0.6888888888888889,0.6,0.5001220703125,0.4969482421875,0.5030517578125,0.9876515544596962
decode,code,12,256,8,7,0.8518518518518517,0.7777777777777778,0.4857584635416667,0.4820963541666667,0.48876953125,0.9855734446241247
decode,code,12,512,8,3,0.7777777777777778,0.7777777777777778,0.48095703125,0.4703369140625,0.484619140625,0.9697986474762835
decode,code,13,256,8,7,0.7185185185185184,0.6,0.5401204427083334,0.5275065104166666,0.545654296875,0.966348353581962
decode,code,13,512,8,3,1.0,1.0,0.53662109375,0.53662109375,0.53662109375,1.0
decode,code,14,256,8,7,0.8222222222222223,0.6,0.4546712239583333,0.446533203125,0.462158203125,0.9652621036071222
decode,code,14,512,8,3,0.6,0.6,0.4461669921875,0.428466796875,0.451416015625,0.9491766116766117
decode,code,15,256,8,7,0.8296296296296296,0.6,0.4456380208333333,0.4452311197916667,0.4518229166666667,0.9847618603803244
decode,code,15,512,8,3,0.8888888888888888,0.7777777777777778,0.4345703125,0.4345703125,0.439208984375,0.9891614375356532
decode,conversation,0,256,8,7,0.2503052503052503,0.14285714285714285,0.225830078125,0.19498697916666666,0.256591796875,0.7609031639584011
decode,conversation,0,512,8,3,0.2987012987012987,0.14285714285714285,0.2047119140625,0.1956787109375,0.225830078125,0.863333142045368
decode,conversation,1,256,8,7,0.2332112332112332,0.14285714285714285,0.20475260416666666,0.175537109375,0.23697916666666666,0.7382452766599914
decode,conversation,1,512,8,3,0.28205128205128205,0.23076923076923078,0.1846923828125,0.1611328125,0.2010498046875,0.7993545584310805
decode,conversation,2,256,8,7,0.14676434676434677,0.06666666666666667,0.180908203125,0.14078776041666666,0.23518880208333334,0.601841817756569
decode,conversation,2,512,8,3,0.14871794871794872,0.06666666666666667,0.171875,0.145751953125,0.202392578125,0.7164259328314727
decode,conversation,3,256,8,7,0.24315684315684316,0.06666666666666667,0.22249348958333334,0.182861328125,0.2608235677083333,0.6981361775320826
decode,conversation,3,512,8,3,0.3333333333333333,0.3333333333333333,0.216796875,0.1953125,0.2294921875,0.8513222108727727
decode,conversation,4,256,8,7,0.11184371184371185,0.0,0.22721354166666666,0.15486653645833334,0.284423828125,0.5443444045790434
decode,conversation,4,512,8,3,0.34265734265734266,0.23076923076923078,0.2044677734375,0.1824951171875,0.22265625,0.8148479815906303
decode,conversation,5,256,8,7,0.1492063492063492,0.06666666666666667,0.22957356770833334,0.14957682291666666,0.2858072916666667,0.522600546732476
decode,conversation,5,512,8,3,0.18681318681318682,0.14285714285714285,0.19775390625,0.1776123046875,0.2236328125,0.7938081849870182
decode,conversation,6,256,8,7,0.32893772893772893,0.14285714285714285,0.2721354166666667,0.22062174479166666,0.3243001302083333,0.6753767703121883
decode,conversation,6,512,8,3,0.3939393939393939,0.3333333333333333,0.24853515625,0.224853515625,0.2681884765625,0.8345300261096606
decode,conversation,7,256,8,7,0.26775446775446776,0.06666666666666667,0.229248046875,0.18440755208333334,0.2652994791666667,0.6952008312288903
decode,conversation,7,512,8,3,0.28205128205128205,0.23076923076923078,0.2137451171875,0.1978759765625,0.2314453125,0.8553422211522064
decode,conversation,8,256,8,7,0.20945720945720944,0.14285714285714285,0.216796875,0.17805989583333334,0.270263671875,0.6545963544927589
decode,conversation,8,512,8,3,0.28205128205128205,0.23076923076923078,0.1983642578125,0.1871337890625,0.231689453125,0.8070083780737649
decode,conversation,9,256,8,7,0.24315684315684316,0.06666666666666667,0.22452799479166666,0.17789713541666666,0.26513671875,0.6686032724026926
decode,conversation,9,512,8,3,0.28205128205128205,0.23076923076923078,0.205322265625,0.17626953125,0.2220458984375,0.7976141415806494
decode,conversation,10,256,8,7,0.17851037851037851,0.06666666666666667,0.20947265625,0.17561848958333334,0.24796549479166666,0.7031333429219023
decode,conversation,10,512,8,3,0.5555555555555556,0.3333333333333333,0.19873046875,0.1973876953125,0.209716796875,0.939236224234921
decode,conversation,11,256,8,7,0.1808857808857809,0.0,0.21492513020833334,0.15535481770833334,0.2710774739583333,0.5645595921153638
decode,conversation,11,512,8,3,0.23076923076923078,0.23076923076923078,0.1900634765625,0.1634521484375,0.2119140625,0.7712062148354908
decode,conversation,12,256,8,7,0.2673992673992674,0.06666666666666667,0.21744791666666666,0.19026692708333334,0.264892578125,0.7060608837572092
decode,conversation,12,512,8,3,0.2606060606060606,0.06666666666666667,0.201171875,0.178955078125,0.2188720703125,0.8155094499787781
decode,conversation,13,256,8,7,0.14676434676434677,0.06666666666666667,0.2001953125,0.16007486979166666,0.2683919270833333,0.5887799542671011
decode,conversation,13,512,8,3,0.23076923076923078,0.23076923076923078,0.1839599609375,0.16357421875,0.21484375,0.7577666289043534
decode,conversation,14,256,8,7,0.15946275946275948,0.06666666666666667,0.19344075520833334,0.16446940104166666,0.2633463541666667,0.6189743800407811
decode,conversation,14,512,8,3,0.10476190476190475,0.06666666666666667,0.1695556640625,0.1484375,0.2105712890625,0.7065835858742038
decode,conversation,15,256,8,7,0.1673992673992674,0.0,0.20231119791666666,0.15535481770833334,0.2677408854166667,0.5805183141772673
decode,conversation,15,512,8,3,0.14285714285714285,0.14285714285714285,0.1768798828125,0.153076171875,0.20361328125,0.7521618814526921
decode,general,0,256,8,7,0.5070707070707071,0.3333333333333333,0.2517903645833333,0.23917643229166666,0.2596842447916667,0.9210580015887158
decode,general,0,512,8,3,0.6888888888888889,0.6,0.249755859375,0.2474365234375,0.253173828125,0.9774181129359383
decode,general,1,256,8,7,0.4307174307174307,0.23076923076923078,0.23225911458333334,0.21736653645833334,0.24324544270833334,0.8934414520913035
decode,general,1,512,8,3,0.4666666666666667,0.3333333333333333,0.230712890625,0.22265625,0.237548828125,0.9362089157217388
decode,general,2,256,8,7,0.31934731934731936,0.23076923076923078,0.22444661458333334,0.19962565104166666,0.2508951822916667,0.7988485374244204
decode,general,2,512,8,3,0.3939393939393939,0.3333333333333333,0.21923828125,0.193359375,0.2303466796875,0.8401272789817682
decode,general,3,256,8,7,0.31184371184371185,0.14285714285714285,0.23933919270833334,0.21826171875,0.2548828125,0.855681813496885
decode,general,3,512,8,3,0.4666666666666667,0.3333333333333333,0.2401123046875,0.2286376953125,0.2506103515625,0.9121065019123271
decode,general,4,256,8,7,0.37684537684537683,0.23076923076923078,0.265380859375,0.24479166666666666,0.28369140625,0.8639714298121416
decode,general,4,512,8,3,0.4666666666666667,0.3333333333333333,0.259765625,0.2474365234375,0.2672119140625,0.9253510587299918
decode,general,5,256,8,7,0.30225330225330227,0.23076923076923078,0.2842610677083333,0.2431640625,0.3106282552083333,0.782001220598065
decode,general,5,512,8,3,0.6,0.6,0.2833251953125,0.2755126953125,0.2843017578125,0.9690402339595888
decode,general,6,256,8,7,0.5367003367003367,0.3333333333333333,0.3055013020833333,0.2840983072916667,0.3209635416666667,0.8868297042411316
decode,general,6,512,8,3,0.5272727272727272,0.45454545454545453,0.30224609375,0.2828369140625,0.31005859375,0.9122678663545098
decode,general,7,256,8,7,0.45495985495985497,0.23076923076923078,0.2845865885416667,0.26513671875,0.3026529947916667,0.8765411682182439
decode,general,7,512,8,3,0.6161616161616161,0.45454545454545453,0.28515625,0.2783203125,0.2908935546875,0.9547851010956738
decode,general,8,256,8,7,0.4455322455322455,0.23076923076923078,0.2643229166666667,0.24755859375,0.2810872395833333,0.8808602816806917
decode,general,8,512,8,3,0.5272727272727272,0.45454545454545453,0.267578125,0.262939453125,0.2750244140625,0.9561001560505036
decode,general,9,256,8,7,0.41818181818181815,0.3333333333333333,0.23942057291666666,0.217041015625,0.2504069010416667,0.8662292509876033
decode,general,9,512,8,3,0.6,0.6,0.23583984375,0.2286376953125,0.2410888671875,0.9484793831355363
decode,general,10,256,8,7,0.47878787878787876,0.45454545454545453,0.277099609375,0.2534993489583333,0.284423828125,0.890712876132831
decode,general,10,512,8,3,0.6161616161616161,0.45454545454545453,0.278564453125,0.270751953125,0.2802734375,0.9656264545997815
decode,general,11,256,8,7,0.2851592851592852,0.23076923076923078,0.249267578125,0.22102864583333334,0.2665201822916667,0.8322291673848685
decode,general,11,512,8,3,0.45454545454545453,0.45454545454545453,0.2435302734375,0.237060546875,0.2529296875,0.936582313357212
decode,general,12,256,8,7,0.4383838383838384,0.3333333333333333,0.2793782552083333,0.2589518229166667,0.289306640625,0.8951861445312327
decode,general,12,512,8,3,0.6888888888888889,0.6,0.2757568359375,0.26806640625,0.280029296875,0.9569866659350308
decode,general,13,256,8,7,0.4455322455322455,0.23076923076923078,0.2738444010416667,0.2518717447916667,0.2890625,0.8677119422571588
decode,general,13,512,8,3,0.5272727272727272,0.45454545454545453,0.273193359375,0.260498046875,0.279052734375,0.9332916388533354
decode,general,14,256,8,7,0.48686868686868684,0.3333333333333333,0.2923990885416667,0.2858072916666667,0.306884765625,0.9329243251304987
decode,general,14,512,8,3,0.6,0.6,0.2933349609375,0.284423828125,0.2999267578125,0.9495078377699281
decode,general,15,256,8,7,0.4585858585858586,0.3333333333333333,0.3063151041666667,0.2945963541666667,0.3240559895833333,0.9098838451788279
decode,general,15,512,8,3,0.5272727272727272,0.45454545454545453,0.3115234375,0.302001953125,0.3209228515625,0.9417426263202373
decode,math,0,256,8,7,0.4922558922558922,0.3333333333333333,0.2815755208333333,0.27001953125,0.2911783854166667,0.9268547179575978
decode,math,0,512,8,3,0.6888888888888889,0.6,0.278076171875,0.2718505859375,0.27978515625,0.9714932905455368
decode,math,1,256,8,7,0.3606837606837607,0.23076923076923078,0.22721354166666666,0.21907552083333334,0.24267578125,0.9028446119597985
decode,math,1,512,8,3,0.45454545454545453,0.45454545454545453,0.235595703125,0.22802734375,0.24169921875,0.9437506387327542
decode,math,2,256,8,7,0.4383838383838384,0.3333333333333333,0.2550455729166667,0.24112955729166666,0.2605794270833333,0.9238491292095521
decode,math,2,512,8,3,0.6888888888888889,0.6,0.25244140625,0.25,0.2535400390625,0.9851795765460171
decode,math,3,256,8,7,0.5811447811447811,0.45454545454545453,0.2913411458333333,0.287353515625,0.300537109375,0.9558880471988139
decode,math,3,512,8,3,0.6888888888888889,0.6,0.2957763671875,0.2906494140625,0.298828125,0.9722703743830505
decode,math,4,256,8,7,0.5292929292929293,0.3333333333333333,0.3248697916666667,0.3090006510416667,0.3361002604166667,0.9201544188595107
decode,math,4,512,8,3,0.7777777777777778,0.7777777777777778,0.3306884765625,0.326171875,0.3328857421875,0.979744036667635
decode,math,5,256,8,7,0.5326599326599326,0.45454545454545453,0.3443196614583333,0.3286946614583333,0.3534342447916667,0.9295679708658443
decode,math,5,512,8,3,0.6888888888888889,0.6,0.344970703125,0.34228515625,0.3470458984375,0.9864486467215307
decode,math,6,256,8,7,0.6053872053872054,0.45454545454545453,0.407958984375,0.3976236979166667,0.4154459635416667,0.957641907600089
decode,math,6,512,8,3,0.6,0.6,0.40625,0.401123046875,0.407958984375,0.9832366266165309
decode,math,7,256,8,7,0.47516187516187514,0.23076923076923078,0.3474934895833333,0.3309733072916667,0.356689453125,0.9278651593454974
decode,math,7,512,8,3,0.5272727272727272,0.45454545454545453,0.3455810546875,0.3388671875,0.347412109375,0.9752885090406087
decode,math,8,256,8,7,0.5734783734783735,0.23076923076923078,0.3479817708333333,0.3392740885416667,0.3560384114583333,0.9528515317277583
decode,math,8,512,8,3,0.7777777777777778,0.7777777777777778,0.3485107421875,0.3468017578125,0.350341796875,0.9897997652527419
decode,math,9,256,8,7,0.47516187516187514,0.23076923076923078,0.31689453125,0.302734375,0.3225911458333333,0.9388684075208366
decode,math,9,512,8,3,0.6888888888888889,0.6,0.3192138671875,0.3154296875,0.321044921875,0.9827592795897664
decode,math,10,256,8,7,0.5420875420875421,0.3333333333333333,0.279052734375,0.27294921875,0.2880859375,0.9463636567303636
decode,math,10,512,8,3,0.5272727272727272,0.45454545454545453,0.2845458984375,0.277099609375,0.2860107421875,0.9679964345830817
decode,math,11,256,8,7,0.46573426573426574,0.23076923076923078,0.331298828125,0.320068359375,0.3402506510416667,0.9415117669178451
decode,math,11,512,8,3,0.6888888888888889,0.6,0.33349609375,0.3292236328125,0.334716796875,0.983711347683781
decode,math,12,256,8,7,0.4962962962962963,0.3333333333333333,0.3462727864583333,0.3382975260416667,0.3556315104166667,0.9514890407897703
decode,math,12,512,8,3,0.6888888888888889,0.6,0.345947265625,0.3448486328125,0.3487548828125,0.9889528125597752
decode,math,13,256,8,7,0.41818181818181815,0.3333333333333333,0.2870279947916667,0.268310546875,0.30126953125,0.8918213209757386
decode,math,13,512,8,3,0.4666666666666667,0.3333333333333333,0.2877197265625,0.2774658203125,0.291259765625,0.952021203580249
decode,math,14,256,8,7,0.45066045066045063,0.23076923076923078,0.23404947916666666,0.2197265625,0.2511393229166667,0.8755562940292814
decode,math,14,512,8,3,0.45454545454545453,0.45454545454545453,0.2279052734375,0.22216796875,0.233642578125,0.9508022431525767
decode,math,15,256,8,7,0.5070707070707071,0.3333333333333333,0.267822265625,0.2582194010416667,0.2810872395833333,0.9189058625419436
decode,math,15,512,8,3,0.6161616161616161,0.45454545454545453,0.266845703125,0.2598876953125,0.269287109375,0.9653019418680832
prefill,__all__,0,256,8,60,0.34101980881641897,0.06666666666666667,0.249561374470339,0.22841631355932204,0.2873411016949153,0.7954859397135836
prefill,__all__,0,512,8,30,0.36916263812815536,0.14285714285714285,0.25030307112068967,0.22886078933189655,0.2711981411637931,0.8449037450827616
prefill,__all__,1,256,8,60,0.38347227160786485,0.06666666666666667,0.2579614671610169,0.23172669491525424,0.2916777012711864,0.793649740784593
prefill,__all__,1,512,8,30,0.42585690171897067,0.06666666666666667,0.2586375269396552,0.2342487203663793,0.27693123653017243,0.8471650512553764
prefill,__all__,2,256,8,60,0.3223383019993189,0.0,0.2450840836864407,0.21610997086864406,0.3078240863347458,0.6997878378259782
prefill,__all__,2,512,8,30,0.38089956020990506,0.06666666666666667,0.24729761584051724,0.2158624057112069,0.2821423760775862,0.7648945447848032
prefill,__all__,3,256,8,60,0.29104492494323,0.0,0.2497848252118644,0.2162506620762712,0.3059537208686441,0.7075511275003347
prefill,__all__,3,512,8,30,0.3469901745763815,0.06666666666666667,0.2520457300646552,0.20985991379310345,0.28298424030172414,0.7498549944293668
prefill,__all__,4,256,8,60,0.2842633825684673,0.0,0.2560497219279661,0.21631686970338984,0.3322050450211864,0.6535920739453227
prefill,__all__,4,512,8,30,0.2932967415726036,0.0,0.25877222521551724,0.21044921875,0.30344995959051724,0.7070266639078208
prefill,__all__,5,256,8,60,0.2978674809183284,0.0,0.2719974841101695,0.22758044226694915,0.3473665916313559,0.6522538728655007
prefill,__all__,5,512,8,30,0.3119179670903809,0.0,0.27496969288793105,0.21901939655172414,0.3140069369612069,0.7103111201324576
prefill,__all__,6,256,8,60,0.29260419429910955,0.06666666666666667,0.2802320577330508,0.23731296345338984,0.3605419094279661,0.658089149570773
prefill,__all__,6,512,8,30,0.34517130379199346,0.06666666666666667,0.2828747979525862,0.23557044719827586,0.32678643588362066,0.7271194033902314
prefill,__all__,7,256,8,60,0.2800521512385919,0.0,0.2609325344279661,0.2147361626059322,0.3293663930084746,0.6567226945719347
prefill,__all__,7,512,8,30,0.3283521076624525,0.0,0.26350350215517243,0.21822804418103448,0.30090752963362066,0.7286936172917073
prefill,__all__,8,256,8,60,0.2665391106069072,0.0,0.2576883606991525,0.21208785752118645,0.3192200741525424,0.665144072820001
prefill,__all__,8,512,8,30,0.28990626232005545,0.0,0.2598077182112069,0.21337890625,0.2898875269396552,0.7426306955123396
prefill,__all__,9,256,8,60,0.2739204298526332,0.0,0.24214612023305085,0.2091747219279661,0.2999288268008475,0.6965432109699322
prefill,__all__,9,512,8,30,0.30700027941407254,0.0,0.24485620959051724,0.2057600350215517,0.2754916487068966,0.7543048845852866
prefill,__all__,10,256,8,60,0.2930647506918693,0.0,0.23078323622881355,0.20351396980932204,0.2865300582627119,0.7105337521236462
prefill,__all__,10,512,8,30,0.31252349183383665,0.0,0.23282596982758622,0.1962385506465517,0.26380657327586204,0.7511781690127984
prefill,__all__,11,256,8,60,0.33184292167343016,0.0,0.2610897775423729,0.2215141684322034,0.3319898702330508,0.6704860518559425
prefill,__all__,11,512,8,30,0.35239549722308344,0.0,0.26379815463362066,0.2145238415948276,0.30517578125,0.709530227333648
prefill,__all__,12,256,8,60,0.2647552071280885,0.0,0.2504303495762712,0.21447960805084745,0.3273636122881356,0.6585884097339205
prefill,__all__,12,512,8,30,0.25106158209606483,0.0,0.2526013604525862,0.20713227370689655,0.30029296875,0.6967274261368562
prefill,__all__,13,256,8,60,0.2934677375355341,0.0,0.2661381091101695,0.22725768008474576,0.3437748278601695,0.6585809555829041
prefill,__all__,13,512,8,30,0.2817267024163576,0.0,0.26922817887931033,0.21621598868534483,0.31573275862068967,0.6895615126747487
prefill,__all__,14,256,8,60,0.28673623927861214,0.0,0.24100403866525424,0.2099609375,0.319873874470339,0.663744900574541
prefill,__all__,14,512,8,30,0.2672622396760328,0.0,0.24349238954741378,0.1912883890086207,0.2921437230603448,0.6683221600170557
prefill,__all__,15,256,8,60,0.3207109274905885,0.0,0.2608746027542373,0.2222755561440678,0.3320229740466102,0.6745444698278382
prefill,__all__,15,512,8,30,0.2950957088888123,0.0,0.26324252424568967,0.2081256734913793,0.3055041082974138,0.691763270527314
prefill,code,0,256,8,18,0.5434343434343434,0.3333333333333333,0.31640625,0.3048885569852941,0.33409926470588236,0.9124384573590183
prefill,code,0,512,8,9,0.5717171717171717,0.45454545454545453,0.31488037109375,0.303863525390625,0.325225830078125,0.9339200092327262
prefill,code,1,256,8,18,0.5997623291740939,0.3333333333333333,0.3932100183823529,0.38467945772058826,0.40714039522058826,0.9438646199886813
prefill,code,1,512,8,9,0.7207070707070707,0.45454545454545453,0.393798828125,0.38812255859375,0.398834228515625,0.9729929223690249
prefill,code,2,256,8,18,0.8181818181818182,0.45454545454545453,0.44129136029411764,0.4348288143382353,0.44709329044117646,0.9722355696528678
prefill,code,2,512,8,9,0.8388888888888889,0.6,0.4423828125,0.437957763671875,0.44598388671875,0.9823684636655435
prefill,code,3,256,8,18,0.7117052881758764,0.45454545454545453,0.4183995863970588,0.4082605698529412,0.42491957720588236,0.9604171398135508
prefill,code,3,512,8,9,0.7555555555555555,0.6,0.419708251953125,0.4154052734375,0.42218017578125,0.9839398422929526
prefill,code,4,256,8,18,0.74640522875817,0.6,0.49715647977941174,0.4938534007352941,0.5060317095588235,0.9758601983376058
prefill,code,4,512,8,9,0.7888888888888889,0.6,0.4970703125,0.49578857421875,0.501434326171875,0.9888365542353075
prefill,code,5,256,8,18,0.6332739156268568,0.45454545454545453,0.5193301930147058,0.5078986672794118,0.5285500919117647,0.9611286493214874
prefill,code,5,512,8,9,0.7333333333333334,0.6,0.520111083984375,0.5142822265625,0.5244140625,0.9807901955503708
prefill,code,6,256,8,18,0.7502079619726678,0.45454545454545453,0.5069221047794118,0.4938821231617647,0.5106847426470589,0.9668969843301501
prefill,code,6,512,8,9,0.9166666666666666,0.7777777777777778,0.505950927734375,0.502166748046875,0.50634765625,0.991678804750389
prefill,code,7,256,8,18,0.6893642305407012,0.3333333333333333,0.4958065257352941,0.48104319852941174,0.5005170036764706,0.9608714864405262
prefill,code,7,512,8,9,0.8111111111111111,0.6,0.4979248046875,0.49420166015625,0.499267578125,0.9900618626518758
prefill,code,8,256,8,18,0.5865990218931395,0.23076923076923078,0.45315372242647056,0.43962545955882354,0.4658203125,0.9434624881497558
prefill,code,8,512,8,9,0.6984848484848485,0.45454545454545453,0.4554443359375,0.449859619140625,0.459320068359375,0.9798741023566445
prefill,code,9,256,8,18,0.5638740344622698,0.3333333333333333,0.45499195772058826,0.4450252757352941,0.470703125,0.9453585534981835
prefill,code,9,512,8,9,0.658080808080808,0.45454545454545453,0.456817626953125,0.451263427734375,0.4649658203125,0.9710326449366576
prefill,code,10,256,8,18,0.6285204991087344,0.3333333333333333,0.40929457720588236,0.40139590992647056,0.41903147977941174,0.9577766417155521
prefill,code,10,512,8,9,0.7666666666666666,0.6,0.411865234375,0.409393310546875,0.41644287109375,0.983060183051748
prefill,code,11,256,8,18,0.6363636363636364,0.3333333333333333,0.49348000919117646,0.47860179227941174,0.5043370863970589,0.9478104223254867
prefill,code,11,512,8,9,0.7111111111111111,0.6,0.493865966796875,0.488494873046875,0.496917724609375,0.9832427662995156
prefill,code,12,256,8,18,0.6598930481283423,0.3333333333333333,0.47021484375,0.46151194852941174,0.48489200367647056,0.9513221186895116
prefill,code,12,512,8,9,0.6888888888888889,0.6,0.47064208984375,0.4652099609375,0.478240966796875,0.9730521348135829
prefill,code,13,256,8,18,0.7516339869281046,0.6,0.5365062040441176,0.5301298253676471,0.5427964154411765,0.9755421978158539
prefill,code,13,512,8,9,0.7666666666666666,0.6,0.53546142578125,0.531768798828125,0.538330078125,0.9875140791711167
prefill,code,14,256,8,18,0.6095068330362449,0.45454545454545453,0.4719094669117647,0.46711282169117646,0.4873046875,0.9582956681867045
prefill,code,14,512,8,9,0.7388888888888889,0.6,0.4713134765625,0.471588134765625,0.48175048828125,0.9790382743774707
prefill,code,15,256,8,18,0.7521093285799169,0.45454545454545453,0.48385799632352944,0.47722311580882354,0.49169921875,0.9694793956723737
prefill,code,15,512,8,9,0.8111111111111111,0.6,0.4833984375,0.4814453125,0.487335205078125,0.9881116417789371
prefill,conversation,0,256,8,9,0.30855810855810856,0.14285714285714285,0.28759765625,0.2518310546875,0.31890869140625,0.7931534986479993
prefill,conversation,0,512,8,4,0.26495726495726496,0.23076923076923078,0.2644856770833333,0.24088541666666666,0.282470703125,0.8522949551119393
prefill,conversation,1,256,8,9,0.22939560439560439,0.0,0.23040771484375,0.19512939453125,0.27252197265625,0.717733551664628
prefill,conversation,1,512,8,4,0.21025641025641026,0.06666666666666667,0.2177734375,0.19026692708333334,0.24275716145833334,0.7790202412180863
prefill,conversation,2,256,8,9,0.22073759573759574,0.0,0.2330322265625,0.19000244140625,0.29437255859375,0.6453144789496957
prefill,conversation,2,512,8,4,0.22135642135642133,0.06666666666666667,0.234619140625,0.20076497395833334,0.2588704427083333,0.7722230969129061
prefill,conversation,3,256,8,9,0.16785714285714284,0.0,0.24713134765625,0.188720703125,0.310791015625,0.6106089372939921
prefill,conversation,3,512,8,4,0.18095238095238095,0.06666666666666667,0.22249348958333334,0.184326171875,0.2548014322916667,0.7074067961627971
prefill,conversation,4,256,8,9,0.18474858474858474,0.06666666666666667,0.236083984375,0.19158935546875,0.31549072265625,0.603801293163365
prefill,conversation,4,512,8,4,0.22135642135642133,0.06666666666666667,0.22900390625,0.18359375,0.2716471354166667,0.6632368058367354
prefill,conversation,5,256,8,9,0.22137862137862138,0.06666666666666667,0.23565673828125,0.1907958984375,0.32379150390625,0.5955356158867795
prefill,conversation,5,512,8,4,0.13333333333333333,0.0,0.22639973958333334,0.17415364583333334,0.2816569010416667,0.6017605689666043
prefill,conversation,6,256,8,9,0.21808191808191807,0.06666666666666667,0.272705078125,0.22137451171875,0.35986328125,0.6230353480369201
prefill,conversation,6,512,8,4,0.20634920634920637,0.14285714285714285,0.2694498697916667,0.19759114583333334,0.3136393229166667,0.616968035904913
prefill,conversation,7,256,8,9,0.1434065934065934,0.0,0.24017333984375,0.187255859375,0.3135986328125,0.5976723952022186
prefill,conversation,7,512,8,4,0.12454212454212454,0.0,0.23063151041666666,0.17423502604166666,0.2752278645833333,0.6231579599502101
prefill,conversation,8,256,8,9,0.14908424908424908,0.06666666666666667,0.241943359375,0.18115234375,0.31866455078125,0.5720659925630154
prefill,conversation,8,512,8,4,0.12136752136752138,0.06666666666666667,0.242431640625,0.15966796875,0.2791341145833333,0.5799243780089994
prefill,conversation,9,256,8,9,0.14761904761904762,0.06666666666666667,0.22296142578125,0.16436767578125,0.30218505859375,0.5577282805598301
prefill,conversation,9,512,8,4,0.15384615384615385,0.0,0.215087890625,0.15625,0.2671712239583333,0.5576495973374417
prefill,conversation,10,256,8,9,0.15677655677655677,0.06666666666666667,0.21527099609375,0.173583984375,0.286376953125,0.604132305413923
prefill,conversation,10,512,8,4,0.18803418803418803,0.0,0.20906575520833334,0.16634114583333334,0.24820963541666666,0.6607770008679523
prefill,conversation,11,256,8,9,0.18740426240426242,0.0,0.241943359375,0.18560791015625,0.31488037109375,0.5888666835701336
prefill,conversation,11,512,8,4,0.18095238095238095,0.06666666666666667,0.23795572916666666,0.17862955729166666,0.2744954427083333,0.6236999024778759
prefill,conversation,12,256,8,9,0.1907009657009657,0.0,0.24420166015625,0.1910400390625,0.3203125,0.5856704914089603
prefill,conversation,12,512,8,4,0.18095238095238095,0.06666666666666667,0.23177083333333334,0.20003255208333334,0.267333984375,0.7238847666305297
prefill,conversation,13,256,8,9,0.19789377289377288,0.0,0.23583984375,0.18994140625,0.30865478515625,0.6120483782018731
prefill,conversation,13,512,8,4,0.17373737373737375,0.0,0.226318359375,0.188232421875,0.2647298177083333,0.6831628838577739
prefill,conversation,14,256,8,9,0.18507326007326008,0.0,0.21856689453125,0.18194580078125,0.3038330078125,0.5969591559552335
prefill,conversation,14,512,8,4,0.13333333333333333,0.0,0.20353190104166666,0.1669921875,0.24715169270833334,0.6600774746715076
prefill,conversation,15,256,8,9,0.21867299367299367,0.0,0.23394775390625,0.1895751953125,0.30023193359375,0.616758051488123
prefill,conversation,15,512,8,4,0.19595959595959597,0.06666666666666667,0.21158854166666666,0.18277994791666666,0.2544759114583333,0.6953586178671869
prefill,general,0,256,8,23,0.38231465504192774,0.14285714285714285,0.24900124289772727,0.23375355113636365,0.2666237571022727,0.8774268374484617
prefill,general,0,512,8,11,0.46726162726162723,0.14285714285714285,0.2496826171875,0.233447265625,0.2594482421875,0.9024100220589023
prefill,general,1,256,8,23,0.45844458571731295,0.23076923076923078,0.2555486505681818,0.23783735795454544,0.27001953125,0.8802001635736304
prefill,general,1,512,8,11,0.583030303030303,0.3333333333333333,0.2550537109375,0.246875,0.260791015625,0.9479823457536327
prefill,general,2,256,8,23,0.328816637907547,0.06666666666666667,0.23781516335227273,0.21129261363636365,0.28730912642045453,0.7404129549223151
prefill,general,2,512,8,11,0.3198801198801199,0.14285714285714285,0.23642578125,0.2057861328125,0.268505859375,0.7796492423597837
prefill,general,3,256,8,23,0.32237863146954054,0.14285714285714285,0.23335404829545456,0.2193270596590909,0.2863991477272727,0.7741996233552272
prefill,general,3,512,8,11,0.29017649017649016,0.14285714285714285,0.236474609375,0.2192626953125,0.276123046875,0.803102008652899
prefill,general,4,256,8,23,0.34791672973491156,0.06666666666666667,0.25927734375,0.23734907670454544,0.3060857599431818,0.7790553916060119
prefill,general,4,512,8,11,0.39822843822843823,0.23076923076923078,0.25986328125,0.2298095703125,0.287060546875,0.8064208679442973
prefill,general,5,256,8,23,0.27508451144814783,0.06666666666666667,0.2535733309659091,0.21959339488636365,0.3205788352272727,0.6908718022979907
prefill,general,5,512,8,11,0.28087912087912087,0.14285714285714285,0.252001953125,0.204541015625,0.2955078125,0.7050070465933048
prefill,general,6,256,8,23,0.28442466624284807,0.14285714285714285,0.2636940696022727,0.2327547940340909,0.3346280184659091,0.7015245530275271
prefill,general,6,512,8,11,0.2632967032967033,0.14285714285714285,0.2646240234375,0.2226318359375,0.311962890625,0.7243063017351481
prefill,general,7,256,8,23,0.3157034884307612,0.0,0.24458451704545456,0.21912730823863635,0.3085715553977273,0.7164293121647924
prefill,general,7,512,8,11,0.38346986346986345,0.14285714285714285,0.24296875,0.217041015625,0.2887939453125,0.7625222472933048
prefill,general,8,256,8,23,0.32357743266834177,0.14285714285714285,0.2354403409090909,0.2164639559659091,0.2865323153409091,0.7607250706158785
prefill,general,8,512,8,11,0.4203929403929404,0.14285714285714285,0.2348388671875,0.2238037109375,0.268359375,0.8438766317983797
prefill,general,9,256,8,23,0.283794992885902,0.06666666666666667,0.2225008877840909,0.1962002840909091,0.25548206676136365,0.7689067271674411
prefill,general,9,512,8,11,0.2989676989676989,0.14285714285714285,0.221337890625,0.193505859375,0.24052734375,0.8058927477635018
prefill,general,10,256,8,23,0.38506443051897593,0.0,0.24192116477272727,0.21937144886363635,0.2665793678977273,0.8234536389667682
prefill,general,10,512,8,11,0.4413053613053613,0.23076923076923078,0.2430908203125,0.223095703125,0.257568359375,0.866126498624137
prefill,general,11,256,8,23,0.33144027689482236,0.06666666666666667,0.25297407670454547,0.2205477627840909,0.2955877130681818,0.7547212604888387
prefill,general,11,512,8,11,0.35307359307359304,0.06666666666666667,0.2521240234375,0.22099609375,0.2776611328125,0.7992800325431952
prefill,general,12,256,8,23,0.3254422345331436,0.06666666666666667,0.25590376420454547,0.23996803977272727,0.3027565696022727,0.7974438251639672
prefill,general,12,512,8,11,0.40606060606060607,0.3333333333333333,0.2580810546875,0.2388427734375,0.28857421875,0.8324595075808737
prefill,general,13,256,8,23,0.35359186268277176,0.06666666666666667,0.2590553977272727,0.2373934659090909,0.3152521306818182,0.7625857781759653
prefill,general,13,512,8,11,0.4000932400932401,0.23076923076923078,0.259326171875,0.2268798828125,0.2930419921875,0.7866023284389242
prefill,general,14,256,8,23,0.43704376431649156,0.14285714285714285,0.2723943536931818,0.2561257102272727,0.3133877840909091,0.8187250328013238
prefill,general,14,512,8,11,0.4712043512043512,0.23076923076923078,0.2712890625,0.251416015625,0.300634765625,0.840068653708222
prefill,general,15,256,8,23,0.3786577059304332,0.14285714285714285,0.2785422585227273,0.24800248579545456,0.32426313920454547,0.7743274383104317
prefill,general,15,512,8,11,0.4351515151515152,0.3333333333333333,0.2812744140625,0.257568359375,0.3067626953125,0.8451698304468659
prefill,math,0,256,8,9,0.6262626262626263,0.45454545454545453,0.31597900390625,0.30963134765625,0.3221435546875,0.9610439193459551
prefill,math,0,512,8,4,0.7925925925925926,0.6,0.3213704427083333,0.3182779947916667,0.32373046875,0.9834989584214197
prefill,math,1,256,8,9,0.5494949494949495,0.45454545454545453,0.25396728515625,0.24700927734375,0.2606201171875,0.9468242496607011
prefill,math,1,512,8,4,0.7185185185185184,0.6,0.2599283854166667,0.255126953125,0.2613932291666667,0.9761886345286092
prefill,math,2,256,8,9,0.6121212121212121,0.45454545454545453,0.27203369140625,0.2579345703125,0.27789306640625,0.9291580615383661
prefill,math,2,512,8,4,0.7777777777777778,0.7777777777777778,0.26953125,0.2625325520833333,0.2706705729166667,0.9702036235173442
prefill,math,3,256,8,9,0.5303030303030303,0.3333333333333333,0.27587890625,0.27001953125,0.2861328125,0.943568052374023
prefill,math,3,512,8,4,0.6,0.6,0.2823893229166667,0.2769368489583333,0.2850748697916667,0.971661401048066
prefill,math,4,256,8,9,0.5316239316239316,0.23076923076923078,0.29901123046875,0.28741455078125,0.31036376953125,0.9253708605216745
prefill,math,4,512,8,4,0.5515151515151515,0.45454545454545453,0.3064778645833333,0.2977701822916667,0.3111979166666667,0.9566703607114242
prefill,math,5,256,8,9,0.6666666666666666,0.6,0.33349609375,0.3248291015625,0.34063720703125,0.9537911790233273
prefill,math,5,512,8,4,0.7185185185185184,0.6,0.3308919270833333,0.323974609375,0.3348795572916667,0.9673137473847717
prefill,math,6,256,8,9,0.7444444444444445,0.6,0.357421875,0.35125732421875,0.36199951171875,0.9701763969196043
prefill,math,6,512,8,4,0.8518518518518517,0.7777777777777778,0.3592122395833333,0.3522135416666667,0.3621419270833333,0.9725868306550004
prefill,math,7,256,8,9,0.47878787878787876,0.3333333333333333,0.28155517578125,0.26678466796875,0.29449462890625,0.9063647863582318
prefill,math,7,512,8,4,0.5515151515151515,0.45454545454545453,0.282470703125,0.274169921875,0.286865234375,0.9557225871926524
prefill,math,8,256,8,9,0.4676767676767677,0.3333333333333333,0.29571533203125,0.28192138671875,0.30352783203125,0.9298296254363648
prefill,math,8,512,8,4,0.503030303030303,0.45454545454545453,0.29541015625,0.288818359375,0.2989908854166667,0.9658429766464364
prefill,math,9,256,8,9,0.4450660450660451,0.23076923076923078,0.2591552734375,0.25103759765625,0.2664794921875,0.9419934366213567
prefill,math,9,512,8,4,0.521885521885522,0.3333333333333333,0.260009765625,0.2544759114583333,0.2631022135416667,0.9673687283771318
prefill,math,10,256,8,9,0.4228438228438228,0.23076923076923078,0.2255859375,0.21649169921875,0.2352294921875,0.9212477519708551
prefill,math,10,512,8,4,0.6444444444444445,0.3333333333333333,0.22900390625,0.22599283854166666,0.233154296875,0.969356760663283
prefill,math,11,256,8,9,0.501010101010101,0.3333333333333333,0.2923583984375,0.28582763671875,0.29833984375,0.9583243473768829
prefill,math,11,512,8,4,0.67003367003367,0.45454545454545453,0.29345703125,0.2906087239583333,0.2962239583333333,0.9810227912456426
prefill,math,12,256,8,9,0.5161616161616162,0.3333333333333333,0.294921875,0.288330078125,0.30413818359375,0.948213169260353
prefill,math,12,512,8,4,0.6107744107744107,0.45454545454545453,0.2964680989583333,0.291015625,0.2999674479166667,0.9699603516860495
prefill,math,13,256,8,9,0.5454545454545454,0.45454545454545453,0.29705810546875,0.28656005859375,0.30352783203125,0.9439852316801147
prefill,math,13,512,8,4,0.6107744107744107,0.45454545454545453,0.2948404947916667,0.2857259114583333,0.297119140625,0.9622811852202172
prefill,math,14,256,8,9,0.39184149184149186,0.23076923076923078,0.23419189453125,0.2227783203125,0.24700927734375,0.9028737406126301
prefill,math,14,512,8,4,0.6,0.6,0.232421875,0.2255859375,0.240966796875,0.9354785591715206
prefill,math,15,256,8,9,0.4818181818181818,0.3333333333333333,0.2584228515625,0.25140380859375,0.27630615234375,0.9111564073420687
prefill,math,15,512,8,4,0.503030303030303,0.45454545454545453,0.2559407552083333,0.24267578125,0.2650553385416667,0.9145497510482996
