phase,capacity,lookahead,bandwidth_scale,effective_inter_moe_layer_ms,expert_transfer_ms,eligible_waves,stalled_waves,total_demanded_experts,resident_hit_experts,cold_demand_experts,compulsory_miss_experts,capacity_miss_experts,deadline_feasible_cold_experts,late_cold_experts,total_demanded_bytes,resident_hit_bytes,cold_demand_bytes,compulsory_miss_bytes,capacity_miss_bytes,deadline_feasible_demanded_bytes,late_bytes,resident_hit_fraction,deadline_feasible_cold_fraction,late_cold_fraction,reactive_stall_ms,oracle_stall_ms,oracle_stall_reduction,oracle_wave_stall_fraction,all_trace_cold_demand_experts,all_trace_compulsory_miss_experts,all_trace_capacity_miss_experts,all_trace_demanded_experts
decode,8,1,0.5,0.6393109858036041,1.0454370141834826,120165,119624,961320,375409,585911,960,584951,0,585911,12096204963840,4723738411008,7372466552832,12079595520,7360386957312,0,7372466552832,0.39051408480006655,0.0,1.0,612533.0464170229,536056.1090571384,0.12485356962735639,0.9954978571131361,632694,1024,631670,1025408
decode,8,2,0.5,0.6393109858036041,1.0454370141834826,112154,111374,897232,356732,540500,896,539604,8471,532029,11289791299584,4488727363584,6801063936000,11274289152,6789789646848,106589847552,6694474088448,0.39759170426378015,0.015672525439407954,0.984327474560592,565058.706165991,488295.3808556063,0.13585017711033165,0.9930452770297983,632694,1024,631670,1025408
decode,8,3,0.5,0.6393109858036041,1.0454370141834826,104143,103266,833144,333344,499800,832,498968,8615,491185,10483377635328,4194438217728,6288939417600,10468982784,6278470434816,108401786880,6180537630720,0.40010370356144914,0.017236894757903163,0.9827631052420969,522509.4196887714,445728.25391411147,0.14694695039257677,0.9915788867230635,632694,1024,631670,1025408
decode,8,6,0.5,0.6393109858036041,1.0454370141834826,80110,75546,640880,249734,391146,640,390506,27395,363751,8064136642560,3142380945408,4921755697152,8053063680,4913702633472,344708874240,4577046822912,0.3896735738359755,0.07003778640200846,0.9299622135979916,408918.5063497469,332173.3383016976,0.18767839277591758,0.9430283360379478,632694,1024,631670,1025408
decode,8,9,0.5,0.6393109858036041,1.0454370141834826,56077,48661,448616,164216,284400,448,283952,45349,239051,5644895649792,2066315476992,3578580172800,5637144576,3572943028224,570622476288,3007957696512,0.3660502523316155,0.1594549929676512,0.8405450070323488,297322.2868337779,220664.36320158065,0.25782770759816576,0.8677532678281649,632694,1024,631670,1025408
decode,8,12,0.5,0.6393109858036041,1.0454370141834826,32044,20569,256352,93814,162538,256,162282,57958,104580,3225654657024,1180453306368,2045201350656,3221225472,2041980125184,729280413696,1315920936960,0.36595774559980027,0.3565812302353911,0.6434187697646089,169923.24141137334,94729.38890937605,0.4425165850029765,0.6418986393708651,632694,1024,631670,1025408
decode,8,15,0.5,0.6393109858036041,1.0454370141834826,8011,0,64088,21973,42115,64,42051,42115,0,806413664256,276484325376,529929338880,805306368,529124032512,529929338880,0,0.34285669704156785,1.0,0.0,44028.57985233813,0.0,1.0,0.0,632694,1024,631670,1025408
decode,8,1,1.0,0.6393109858036041,0.5240960121154785,120165,115717,961320,375409,585911,960,584951,119624,466287,12096204963840,4723738411008,7372466552832,12079595520,7360386957312,1505218265088,5867248287744,0.39051408480006655,0.2041675271500279,0.795832472849972,307073.61855459213,231046.8260910213,0.24758490430220614,0.9629842300170599,632694,1024,631670,1025408
decode,8,2,1.0,0.6393109858036041,0.5240960121154785,112154,107080,897232,356732,540500,896,539604,120095,420405,11289791299584,4488727363584,6801063936000,11274289152,6789789646848,1511144816640,5289919119360,0.39759170426378015,0.22219241443108234,0.7778075855689177,283273.89454841614,206669.2505237162,0.27042606289866555,0.954758635447688,632694,1024,631670,1025408
decode,8,3,1.0,0.6393109858036041,0.5240960121154785,104143,97386,833144,333344,499800,832,498968,120515,379285,10483377635328,4194438217728,6288939417600,10468982784,6278470434816,1516429639680,4772509777920,0.40010370356144914,0.2411264505802321,0.7588735494197679,261943.18685531616,185321.05795386434,0.29251430365995323,0.9351180588229646,632694,1024,631670,1025408
decode,8,6,1.0,0.6393109858036041,0.5240960121154785,80110,61875,640880,249734,391146,640,390506,128712,262434,8064136642560,3142380945408,4921755697152,8053063680,4913702633472,1619571769344,3302183927808,0.3896735738359755,0.3290638278289948,0.6709361721710052,204998.05875492096,128644.94888994098,0.3724577214473117,0.7723754837098988,632694,1024,631670,1025408
decode,8,9,1.0,0.6393109858036041,0.5240960121154785,56077,34892,448616,164216,284400,448,283952,134410,149990,5644895649792,2066315476992,3578580172800,5637144576,3572943028224,1691269201920,1887310970880,0.3660502523316155,0.4726090014064698,0.5273909985935302,149052.9058456421,73953.35831445456,0.5038449073174056,0.6222158817340443,632694,1024,631670,1025408
decode,8,12,1.0,0.6393109858036041,0.5240960121154785,32044,8246,256352,93814,162538,256,162282,128417,34121,3225654657024,1180453306368,2045201350656,3221225472,2041980125184,1615859810304,429341540352,0.36595774559980027,0.7900737058410956,0.20992629415890438,85185.51761722565,17001.130496919155,0.8004222904025496,0.2573336662089627,632694,1024,631670,1025408
decode,8,15,1.0,0.6393109858036041,0.5240960121154785,8011,0,64088,21973,42115,64,42051,42115,0,806413664256,276484325376,529929338880,805306368,529124032512,529929338880,0,0.34285669704156785,1.0,0.0,22072.303550243378,0.0,1.0,0.0,632694,1024,631670,1025408
decode,8,1,2.0,0.6393109858036041,0.2634255110814765,120165,105906,961320,375409,585911,960,584951,235341,350570,12096204963840,4723738411008,7372466552832,12079595520,7360386957312,2961275092992,4411191459840,0.39051408480006655,0.40166680605074834,0.5983331939492517,154343.90462327274,80438.89650854803,0.4788333448937572,0.8813381600299588,632694,1024,631670,1025408
decode,8,2,2.0,0.6393109858036041,0.2634255110814765,112154,90459,897232,356732,540500,896,539604,243356,297144,11289791299584,4488727363584,6801063936000,11274289152,6789789646848,3062127132672,3738936803328,0.39759170426378015,0.4502423681776133,0.5497576318223867,142381.4887395327,67188.77651489146,0.5281073606569456,0.8065606220018903,632694,1024,631670,1025408
decode,8,3,2.0,0.6393109858036041,0.2634255110814765,104143,71773,833144,333344,499800,832,498968,251659,248141,10483377635328,4194438217728,6288939417600,10468982784,6278470434816,3166603051008,3122336366592,0.40010370356144914,0.5035194077631052,0.4964805922368948,131660.070438503,56789.72166798072,0.5686640491772592,0.6891773811009861,632694,1024,631670,1025408
decode,8,6,2.0,0.6393109858036041,0.2634255110814765,80110,34320,640880,249734,391146,640,390506,259286,131860,8064136642560,3142380945408,4921755697152,8053063680,4913702633472,3262572920832,1659182776320,0.3896735738359755,0.6628880264658209,0.33711197353417904,103037.83495745652,30627.78336936285,0.7027520678980803,0.4284109349644239,632694,1024,631670,1025408
decode,8,9,2.0,0.6393109858036041,0.2634255110814765,56077,10150,448616,164216,284400,448,283952,244692,39708,5644895649792,2066315476992,3578580172800,5637144576,3572943028224,3078937903104,499642269696,0.3660502523316155,0.860379746835443,0.13962025316455695,74918.21535155392,9135.39217361683,0.8780618020497555,0.18100112345524902,632694,1024,631670,1025408
decode,8,12,2.0,0.6393109858036041,0.2634255110814765,32044,0,256352,93814,162538,256,162282,162538,0,3225654657024,1180453306368,2045201350656,3221225472,2041980125184,2045201350656,0,0.36595774559980027,1.0,0.0,42816.65572015408,0.0,1.0,0.0,632694,1024,631670,1025408
decode,8,15,2.0,0.6393109858036041,0.2634255110814765,8011,0,64088,21973,42115,64,42051,42115,0,806413664256,276484325376,529929338880,805306368,529124032512,529929338880,0,0.34285669704156785,1.0,0.0,11094.16539919657,0.0,1.0,0.0,632694,1024,631670,1025408
decode,16,1,0.5,0.6393109858036041,1.0454370141834826,120165,113846,961320,533493,427827,960,426867,0,427827,12096204963840,6712895471616,5383309492224,12079595520,5371229896704,0,5383309492224,0.5549588066408688,0.0,1.0,447266.18146716844,374483.18298095895,0.1627285976495232,0.9474139724545416,465071,1024,464047,1025408
decode,16,2,0.5,0.6393109858036041,1.0454370141834826,112154,103312,897232,505839,391393,896,390497,11836,379557,11289791299584,6364927623168,4924863676416,11274289152,4913589387264,148931346432,4775932329984,0.563777261622412,0.030240704355979794,0.9697592956440202,409176.72929240734,334122.9927366053,0.18342620971039358,0.9211619737147136,465071,1024,464047,1025408
decode,16,3,0.5,0.6393109858036041,1.0454370141834826,104143,94524,833144,472897,360247,832,359415,13070,347177,10483377635328,5950421336064,4532956299264,10468982784,4522487316480,164458659840,4368497639424,0.5676053599377778,0.03628066298955994,0.9637193370104401,376615.54804864095,301190.453877229,0.20027079222356103,0.9076366150389369,465071,1024,464047,1025408
decode,16,6,0.5,0.6393109858036041,1.0454370141834826,80110,63715,640880,357887,282993,640,282353,32980,250013,8064136642560,4503260626944,3560876015616,8053063680,3552822951936,414984437760,3145891577856,0.558430595431282,0.11653998508797038,0.8834600149120296,295851.35695487674,221035.04787981883,0.25288479270510467,0.795343902134565,465071,1024,464047,1025408
decode,16,9,0.5,0.6393109858036041,1.0454370141834826,56077,39781,448616,239639,208977,448,208529,47660,161317,5644895649792,3015356448768,2629539201024,5637144576,2623902056448,599701585920,2029837615104,0.534173992902616,0.22806337539537844,0.7719366246046215,218472.29091304608,144856.03044939612,0.33695925536364646,0.7093995755835726,465071,1024,464047,1025408
decode,16,12,0.5,0.6393109858036041,1.0454370141834826,32044,14782,256352,139197,117155,256,116899,55703,61452,3225654657024,1751503601664,1474151055360,3221225472,1470929829888,700905947136,773245108224,0.542991667706903,0.4754641287183646,0.5245358712816355,122478.17339667522,53949.67107728965,0.5595160379918422,0.4613032080888778,465071,1024,464047,1025408
decode,16,15,0.5,0.6393109858036041,1.0454370141834826,8011,0,64088,34090,29998,64,29934,29998,0,806413664256,428951470080,377462194176,805306368,376656887808,377462194176,0,0.5319248533266758,1.0,0.0,31361.01955147672,0.0,1.0,0.0,465071,1024,464047,1025408
decode,16,1,1.0,0.6393109858036041,0.5240960121154785,120165,100253,961320,533493,427827,960,426867,113846,313981,12096204963840,6712895471616,5383309492224,12079595520,5371229896704,1432514199552,3950795292672,0.5549588066408688,0.2661028873820493,0.7338971126179508,224222.42457532883,153005.5432228744,0.3176171227625304,0.8342945117130612,465071,1024,464047,1025408
decode,16,2,1.0,0.6393109858036041,0.5240960121154785,112154,89076,897232,505839,391393,896,390497,116711,274682,11289791299584,6364927623168,4924863676416,11274289152,4913589387264,1468564242432,3456299433984,0.563777261622412,0.2981938869627203,0.7018061130372797,205127.51046991348,131617.5841138363,0.3583621045645121,0.7942293631970326,465071,1024,464047,1025408
decode,16,3,1.0,0.6393109858036041,0.5240960121154785,104143,77547,833144,472897,360247,832,359415,118259,241988,10483377635328,5950421336064,4532956299264,10468982784,4522487316480,1488042590208,3044913709056,0.5676053599377778,0.32827199116161965,0.6717280088383804,188804.0160765648,115294.59716564417,0.3893424538231788,0.7446203777498248,465071,1024,464047,1025408
decode,16,6,1.0,0.6393109858036041,0.5240960121154785,80110,44876,640880,357887,282993,640,282353,123067,159926,8064136642560,4503260626944,3560876015616,8053063680,3552822951936,1548541231104,2012334784512,0.558430595431282,0.43487648104370075,0.5651235189562993,148315.5027565956,76876.08898448944,0.48167192535056325,0.5601797528398452,465071,1024,464047,1025408
decode,16,9,1.0,0.6393109858036041,0.5240960121154785,56077,24086,448616,239639,208977,448,208529,122605,86372,5644895649792,3015356448768,2629539201024,5637144576,2623902056448,1542727925760,1086811275264,0.534173992902616,0.5866913583791518,0.41330864162084824,109524.01232385635,41797.93245381117,0.6183674103335711,0.429516557590456,465071,1024,464047,1025408
decode,16,12,1.0,0.6393109858036041,0.5240960121154785,32044,3704,256352,139197,117155,256,116899,104216,12939,3225654657024,1751503601664,1474151055360,3221225472,1470929829888,1311340756992,162810298368,0.542991667706903,0.8895565703555119,0.11044342964448807,61400.468299388885,6375.387247920036,0.8961671234031371,0.11559106228935213,465071,1024,464047,1025408
decode,16,15,1.0,0.6393109858036041,0.5240960121154785,8011,0,64088,34090,29998,64,29934,29998,0,806413664256,428951470080,377462194176,805306368,376656887808,377462194176,0,0.5319248533266758,1.0,0.0,15721.832171440125,0.0,1.0,0.0,465071,1024,464047,1025408
decode,16,1,2.0,0.6393109858036041,0.2634255110814765,120165,80833,961320,533493,427827,960,426867,214099,213728,12096204963840,6712895471616,5383309492224,12079595520,5371229896704,2693988876288,2689320615936,0.5549588066408688,0.500433586473037,0.499566413526963,112700.54612942884,47210.9313904303,0.5810940318229534,0.6726833936670411,465071,1024,464047,1025408
decode,16,2,2.0,0.6393109858036041,0.2634255110814765,112154,59714,897232,505839,391393,896,390497,227742,163651,11289791299584,6364927623168,4924863676416,11274289152,4913589387264,2865657544704,2059206131712,0.563777261622412,0.5818755062047609,0.4181244937952391,103102.90105868939,35625.40848895642,0.6544674483147925,0.5324286249264404,465071,1024,464047,1025408
decode,16,3,2.0,0.6393109858036041,0.2634255110814765,104143,43555,833144,472897,360247,832,359415,231117,129130,10483377635328,5950421336064,4532956299264,10468982784,4522487316480,2908124872704,1624831426560,0.5676053599377778,0.6415514910603003,0.3584485089396997,94898.25009054811,28674.642092928174,0.6978380310957475,0.4182230202702054,465071,1024,464047,1025408
decode,16,6,2.0,0.6393109858036041,0.2634255110814765,80110,18364,640880,357887,282993,640,282353,222857,60136,8064136642560,4503260626944,3560876015616,8053063680,3552822951936,2804190019584,756685996032,0.558430595431282,0.7875000441707039,0.21249995582929612,74547.57565747073,13598.00033379986,0.8175929905986534,0.2292348021470478,465071,1024,464047,1025408
decode,16,9,2.0,0.6393109858036041,0.2634255110814765,56077,4031,448616,239639,208977,448,208529,195456,13521,5644895649792,3015356448768,2629539201024,5637144576,2623902056448,2459405647872,170133553152,0.534173992902616,0.9352990999009461,0.06470090009905397,55049.8730292648,2984.016473295662,0.9457943077959627,0.07188330331508462,465071,1024,464047,1025408
decode,16,12,2.0,0.6393109858036041,0.2634255110814765,32044,0,256352,139197,117155,256,116899,117155,0,3225654657024,1751503601664,1474151055360,3221225472,1470929829888,1474151055360,0,0.542991667706903,1.0,0.0,30861.615750747256,0.0,1.0,0.0,465071,1024,464047,1025408
decode,16,15,2.0,0.6393109858036041,0.2634255110814765,8011,0,64088,34090,29998,64,29934,29998,0,806413664256,428951470080,377462194176,805306368,376656887808,377462194176,0,0.5319248533266758,1.0,0.0,7902.238481422919,0.0,1.0,0.0,465071,1024,464047,1025408
decode,32,1,0.5,0.6393109858036041,1.0454370141834826,120165,87848,961320,751900,209420,960,208460,0,209420,12096204963840,9461091532800,2635113431040,12079595520,2623033835520,0,2635113431040,0.7821537053218491,0.0,1.0,218935.41951041122,162773.22803050675,0.25652400879444603,0.7310614571630675,230971,1024,229947,1025408
decode,32,2,0.5,0.6393109858036041,1.0454370141834826,112154,69409,897232,709722,187510,896,186614,20321,167189,11289791299584,8930369470464,2359421829120,11274289152,2348147539968,255697354752,2103724474368,0.7910128038233144,0.10837288677937176,0.8916271132206283,196029.89452961637,132951.8665608642,0.3217775947903817,0.6188722649214473,230971,1024,229947,1025408
decode,32,3,0.5,0.6393109858036041,1.0454370141834826,104143,59348,833144,663192,169952,832,169120,24424,145528,10483377635328,8344886575104,2138491060224,10468982784,2128022077440,307325042688,1831166017536,0.7960112537568536,0.14371116550555452,0.8562888344944455,177674.11143455264,113613.3633835321,0.36055195398918727,0.5698702745263724,230971,1024,229947,1025408
decode,32,6,0.5,0.6393109858036041,1.0454370141834826,80110,33301,640880,508929,131951,640,131311,37794,94157,8064136642560,6403808821248,1660327821312,8053063680,1652274757632,475558576128,1184769245184,0.7941096617151416,0.28642450606664593,0.7135754939333541,137946.45945849948,77276.58847690729,0.4398073804847773,0.415690924978155,230971,1024,229947,1025408
decode,32,9,0.5,0.6393109858036041,1.0454370141834826,56077,18834,448616,349273,99343,448,98895,43449,55894,5644895649792,4394871422976,1250024226816,5637144576,1244387082240,546714943488,703309283328,0.7785567166574532,0.43736347805079373,0.5626365219492063,103856.84930001477,47102.704787366456,0.5464651093805157,0.33585962159173993,230971,1024,229947,1025408
decode,32,12,0.5,0.6393109858036041,1.0454370141834826,32044,4656,256352,202712,53640,256,53384,38272,15368,3225654657024,2550707257344,674947399680,3221225472,671726174208,481573208064,193374191616,0.790756459867682,0.7134973900074572,0.2865026099925429,56077.241440807324,13043.316468484454,0.767404456186519,0.1453002122082137,230971,1024,229947,1025408
decode,32,15,0.5,0.6393109858036041,1.0454370141834826,8011,0,64088,50323,13765,64,13701,13765,0,806413664256,633209880576,173203783680,805306368,172398477312,173203783680,0,0.7852172013481463,1.0,0.0,14390.440500234636,0.0,1.0,0.0,230971,1024,229947,1025408
decode,32,1,1.0,0.6393109858036041,0.5240960121154785,120165,56789,961320,751900,209420,960,208460,87848,121572,12096204963840,9461091532800,2635113431040,12079595520,2623033835520,1105383653376,1529729777664,0.7821537053218491,0.4194823799064082,0.5805176200935919,109756.18685722351,57172.45724412799,0.4790958133549149,0.4725918528689718,230971,1024,229947,1025408
decode,32,2,1.0,0.6393109858036041,0.5240960121154785,112154,42458,897232,709722,187510,896,186614,93621,93889,11289791299584,8930369470464,2359421829120,11274289152,2348147539968,1178024804352,1181397024768,0.7910128038233144,0.49928537144685614,0.5007146285531439,98273.24323177338,42132.252894341946,0.57127442314105,0.3785687536779785,230971,1024,229947,1025408
decode,32,3,1.0,0.6393109858036041,0.5240960121154785,104143,32136,833144,663192,169952,832,169120,94326,75626,10483377635328,8344886575104,2138491060224,10468982784,2128022077440,1186895757312,951595302912,0.7960112537568536,0.5550155337977782,0.4449844662022218,89071.1654510498,34067.7971226275,0.6175215969151107,0.3085757084009487,230971,1024,229947,1025408
decode,32,6,1.0,0.6393109858036041,0.5240960121154785,80110,15757,640880,508929,131951,640,131311,88571,43380,8064136642560,6403808821248,1660327821312,8053063680,1652274757632,1114481098752,545846722560,0.7941096617151416,0.6712415972595888,0.32875840274041124,69154.9928946495,19980.42483842373,0.7110776243031094,0.19669204843340407,230971,1024,229947,1025408
decode,32,9,1.0,0.6393109858036041,0.5240960121154785,56077,6890,448616,349273,99343,448,98895,79378,19965,5644895649792,4394871422976,1250024226816,5637144576,1244387082240,998806388736,251217838080,0.7785567166574532,0.7990296246338443,0.20097037536615564,52065.27013158798,9350.17818287015,0.820414296147147,0.12286677247356313,230971,1024,229947,1025408
decode,32,12,1.0,0.6393109858036041,0.5240960121154785,32044,581,256352,202712,53640,256,53384,51818,1822,3225654657024,2550707257344,674947399680,3221225472,671726174208,652021334016,22926065664,0.790756459867682,0.9660328113348248,0.033967188665175244,28112.510089874268,887.5999073088169,0.9684268710096963,0.018131319435775808,230971,1024,229947,1025408
decode,32,15,1.0,0.6393109858036041,0.5240960121154785,8011,0,64088,50323,13765,64,13701,13765,0,806413664256,633209880576,173203783680,805306368,172398477312,173203783680,0,0.7852172013481463,1.0,0.0,7214.181606769562,0.0,1.0,0.0,230971,1024,229947,1025408
decode,32,1,2.0,0.6393109858036041,0.2634255110814765,120165,33613,961320,751900,209420,960,208460,144637,64783,12096204963840,9461091532800,2635113431040,12079595520,2623033835520,1819954642944,815158788096,0.7821537053218491,0.6906551427752842,0.3093448572247159,55166.57053070647,13285.37812633079,0.7591770161073187,0.27972371322764533,230971,1024,229947,1025408
decode,32,2,2.0,0.6393109858036041,0.2634255110814765,112154,16209,897232,709722,187510,896,186614,151686,35824,11289791299584,8930369470464,2359421829120,11274289152,2348147539968,1908651589632,450770239488,0.7910128038233144,0.8089488560610101,0.19105114393898992,49394.917582904425,7317.627090741985,0.851854655320356,0.14452449310769122,230971,1024,229947,1025408
decode,32,3,2.0,0.6393109858036041,0.2634255110814765,104143,10065,833144,663192,169952,832,169120,145294,24658,10483377635328,8344886575104,2138491060224,10468982784,2128022077440,1828221616128,310269444096,0.7960112537568536,0.8549119751459235,0.14508802485407646,44769.692459329475,5212.232633666446,0.8835767603630192,0.09664595796164889,230971,1024,229947,1025408
decode,32,6,2.0,0.6393109858036041,0.2634255110814765,80110,2974,640880,508929,131951,640,131311,123678,8273,8064136642560,6403808821248,1660327821312,8053063680,1652274757632,1556229390336,104098430976,0.7941096617151416,0.937302483497662,0.06269751650233799,34759.259612708585,1808.2543327240642,0.9479777661298938,0.037123954562476594,230971,1024,229947,1025408
decode,32,9,2.0,0.6393109858036041,0.2634255110814765,56077,468,448616,349273,99343,448,98895,97940,1403,5644895649792,4394871422976,1250024226816,5637144576,1244387082240,1232370401280,17653825536,0.7785567166574532,0.985877213291324,0.014122786708676002,26169.48054736204,299.0922835354449,0.988570950692195,0.008345667564242024,230971,1024,229947,1025408
decode,32,12,2.0,0.6393109858036041,0.2634255110814765,32044,0,256352,202712,53640,256,53384,53640,0,3225654657024,2550707257344,674947399680,3221225472,671726174208,674947399680,0,0.790756459867682,1.0,0.0,14130.14441440811,0.0,1.0,0.0,230971,1024,229947,1025408
decode,32,15,2.0,0.6393109858036041,0.2634255110814765,8011,0,64088,50323,13765,64,13701,13765,0,806413664256,633209880576,173203783680,805306368,172398477312,173203783680,0,0.7852172013481463,1.0,0.0,3626.0521600367097,0.0,1.0,0.0,230971,1024,229947,1025408
