phase,delta,candidate_count,baseline,source_layer_scopes,selection_coverage,routed_mass_coverage,complete_route_coverage,candidate_amplification,candidate_set_fraction,useful_candidate_amplification
decode,1,4,domain_static,92,0.45246688179347827,0.4782071320906929,0.05035665760869565,1.0,0.125,2.3073788647398965
decode,1,4,global_static,92,0.42826511548913043,0.4531537346217943,0.05494225543478261,1.0,0.125,2.4813593743227993
decode,1,4,source_copy,92,0.11863111413043478,0.11858324382616126,8.491847826086956e-05,1.0,0.125,10.849397138759137
decode,1,4,transition,92,0.6671832540760869,0.7058029174804686,0.1993036684782609,1.0,0.125,1.5181501836705213
decode,1,8,domain_static,92,0.681067425271739,0.7044783467831819,0.28464673913043476,2.0,0.25,2.992914240900143
decode,1,8,global_static,92,0.6338315217391304,0.6540399634319802,0.2338654891304348,2.0,0.25,3.231130966046309
decode,1,8,source_copy,92,0.5249872622282608,0.546759667603866,0.09587296195652174,2.0,0.25,3.9239071949101723
decode,1,8,transition,92,0.8626019021739131,0.8819336061892302,0.6072520380434783,2.0,0.25,2.3274812731731194
decode,1,16,domain_static,92,0.9102199388586956,0.9217385209125022,0.7193444293478262,4.0,0.5,4.408623325495146
decode,1,16,global_static,92,0.872664741847826,0.8852296704831331,0.6362941576086957,4.0,0.5,4.602595957608045
decode,1,16,source_copy,92,0.8418817934782609,0.8550800862519639,0.5517153532608696,4.0,0.5,4.775770798333484
decode,1,16,transition,92,0.9635487432065217,0.9698912786400837,0.8734714673913043,4.0,0.5,4.15392221898182
decode,2,4,domain_static,88,0.45929509943181823,0.48501755974509503,0.05264559659090909,1.0,0.125,2.260954785853902
decode,2,4,global_static,88,0.4343039772727273,0.4590268135070801,0.05735085227272728,1.0,0.125,2.439289615818207
decode,2,4,source_copy,88,0.11754261363636363,0.11883458224209871,0.0,1.0,0.125,12.239134525470032
decode,2,4,transition,88,0.6532981178977273,0.6935436942360618,0.18306107954545453,1.0,0.125,1.5544973520075032
decode,2,8,domain_static,88,0.6878995028409091,0.7098937901583585,0.29456676136363635,2.0,0.25,2.956873103368048
decode,2,8,global_static,88,0.6398259943181819,0.6589238426902078,0.24129971590909088,2.0,0.25,3.1963152750831187
decode,2,8,source_copy,88,0.5231045809659091,0.545529148795388,0.11168323863636365,2.0,0.25,3.965210470435016
decode,2,8,transition,88,0.8552911931818182,0.8747953501614657,0.5941938920454546,2.0,0.25,2.348791575970355
decode,2,16,domain_static,88,0.9151722301136364,0.9257211685180664,0.7338423295454546,4.0,0.5,4.381571339924607
decode,2,16,global_static,88,0.8773304332386365,0.8884890296242454,0.6494140625,4.0,0.5,4.575261306353101
decode,2,16,source_copy,88,0.8419744318181818,0.8552471941167659,0.5656072443181819,4.0,0.5,4.773788738611315
decode,2,16,transition,88,0.9606489701704546,0.9671612219376997,0.8653231534090909,4.0,0.5,4.166516295292824
decode,3,4,domain_static,84,0.4601469494047619,0.4840278625488282,0.05515252976190476,1.0,0.125,2.2600313112553403
decode,3,4,global_static,84,0.43410528273809523,0.4564535050165085,0.06008184523809524,1.0,0.125,2.446134190260387
decode,3,4,source_copy,84,0.12179129464285714,0.12435649690173921,9.300595238095238e-05,1.0,0.125,9.584595143277141
decode,3,4,transition,84,0.6338355654761905,0.6685924530029297,0.18340773809523808,1.0,0.125,1.6078457460953794
decode,3,8,domain_static,84,0.6884998139880952,0.7094251995994931,0.29892113095238093,2.0,0.25,2.955836548535675
decode,3,8,global_static,84,0.6393694196428572,0.6576494035266696,0.24051339285714285,2.0,0.25,3.1999174984493894
decode,3,8,source_copy,84,0.5399925595238095,0.5604958307175409,0.12872023809523808,2.0,0.25,3.8324252835717108
decode,3,8,transition,84,0.8439127604166667,0.8639708473568871,0.5678013392857143,2.0,0.25,2.3817136976769833
decode,3,16,domain_static,84,0.9147367931547619,0.925447736467634,0.7327938988095237,4.0,0.5,4.383750549644565
decode,3,16,global_static,84,0.8774181547619048,0.8887815021333241,0.6514136904761905,4.0,0.5,4.574852446991428
decode,3,16,source_copy,84,0.8476795014880952,0.8600395293462845,0.5771019345238095,4.0,0.5,4.741095348707599
decode,3,16,transition,84,0.9567522321428572,0.9638884862263998,0.8525855654761906,4.0,0.5,4.183702156743769
decode,4,4,domain_static,80,0.4601318359375,0.48536438941955573,0.057812499999999996,1.0,0.125,2.263062352125318
decode,4,4,global_static,80,0.4349853515625,0.45933361053466804,0.06308593750000001,1.0,0.125,2.4455533960157223
decode,4,4,source_copy,80,0.104345703125,0.09852375984191894,0.0,1.0,0.125,12.00127541195937
decode,4,4,transition,80,0.6232177734375,0.6597917079925537,0.17324218749999998,1.0,0.125,1.6355911712280364
decode,4,8,domain_static,80,0.6878173828125,0.7099313259124755,0.30234375,2.0,0.25,2.9598317805438707
decode,4,8,global_static,80,0.638916015625,0.6584935188293457,0.24267578125,2.0,0.25,3.2032869788018608
decode,4,8,source_copy,80,0.5283203125,0.5496742725372314,0.125390625,2.0,0.25,3.941491772927562
decode,4,8,transition,80,0.8444091796875,0.8638218879699706,0.57470703125,2.0,0.25,2.379123051391777
decode,4,16,domain_static,80,0.9140625,0.9247785091400146,0.73017578125,4.0,0.5,4.387133582459497
decode,4,16,global_static,80,0.8763916015625,0.8877609729766845,0.6493164062500001,4.0,0.5,4.580702352306048
decode,4,16,source_copy,80,0.8448486328125,0.858830738067627,0.56865234375,4.0,0.5,4.7585682083254675
decode,4,16,transition,80,0.95712890625,0.9644654750823975,0.85390625,4.0,0.5,4.182218255049381
decode,5,4,domain_static,76,0.4544870476973685,0.47713048834549754,0.056229440789473686,1.0,0.125,2.2886971054325853
decode,5,4,global_static,76,0.4292763157894737,0.45177268981933594,0.05993009868421052,1.0,0.125,2.4757358960960767
decode,5,4,source_copy,76,0.1171875,0.12064020257247121,0.0,1.0,0.125,11.041328181930538
decode,5,4,transition,76,0.620374177631579,0.6556414553993626,0.16889391447368424,1.0,0.125,1.6424495687630873
decode,5,8,domain_static,76,0.684313322368421,0.7051374033877724,0.3021175986842105,2.0,0.25,2.9754425051170967
decode,5,8,global_static,76,0.6352796052631579,0.6537411338404605,0.23879523026315788,2.0,0.25,3.220699625982716
decode,5,8,source_copy,76,0.5253649259868421,0.5478138672678095,0.12654194078947367,2.0,0.25,3.9737412548306104
decode,5,8,transition,76,0.833984375,0.853757757889597,0.549342105263158,2.0,0.25,2.410777151067191
decode,5,16,domain_static,76,0.9138826069078948,0.9243448658993371,0.7295435855263158,4.0,0.5,4.387962260429749
decode,5,16,global_static,76,0.8762592516447368,0.8872265062834088,0.651110197368421,4.0,0.5,4.5820455388512205
decode,5,16,source_copy,76,0.8437243009868421,0.8585431450291684,0.5648643092105263,4.0,0.5,4.766104856965586
decode,5,16,transition,76,0.9555150082236842,0.9625892137226305,0.8524876644736843,4.0,0.5,4.1893942866867615
decode,6,4,domain_static,72,0.45358615451388895,0.47630771001180017,0.057942708333333336,1.0,0.125,2.2964977669038342
decode,6,4,global_static,72,0.4275987413194445,0.4503415955437554,0.061957465277777776,1.0,0.125,2.4907593937688475
decode,6,4,source_copy,72,0.11577690972222222,0.11135790083143446,0.0,1.0,0.125,10.504069668599612
decode,6,4,transition,72,0.6240234375,0.6579223208957248,0.1728515625,1.0,0.125,1.632103342662931
decode,6,8,domain_static,72,0.6837836371527778,0.7045533921983507,0.3060980902777778,2.0,0.25,2.980290504796643
decode,6,8,global_static,72,0.6342230902777778,0.6526239713033041,0.2412109375,2.0,0.25,3.229272123751833
decode,6,8,source_copy,72,0.5141872829861112,0.5337674882676866,0.10416666666666666,2.0,0.25,4.055468636650333
decode,6,8,transition,72,0.8364800347222222,0.855707327524821,0.5625,2.0,0.25,2.404233464053069
decode,6,16,domain_static,72,0.9137098524305556,0.9242213567097982,0.7293836805555556,4.0,0.5,4.389032645200902
decode,6,16,global_static,72,0.8769531250000001,0.8881994883219402,0.6547309027777778,4.0,0.5,4.579250465549127
decode,6,16,source_copy,72,0.8415256076388888,0.8544828097025554,0.5694444444444444,4.0,0.5,4.777701670507635
decode,6,16,transition,72,0.9565972222222222,0.9632646772596571,0.8559027777777778,4.0,0.5,4.184811863805563
decode,7,4,domain_static,68,0.45772058823529416,0.4805472317863913,0.056870404411764705,1.0,0.125,2.277332961541598
decode,7,4,global_static,68,0.43020450367647056,0.45305369882022634,0.06112132352941176,1.0,0.125,2.483021742928082
decode,7,4,source_copy,68,0.12850413602941177,0.12768964206471164,0.0,1.0,0.125,9.048346255453602
decode,7,4,transition,68,0.6129653033088236,0.6434390685137581,0.1648667279411765,1.0,0.125,1.6713041939527191
decode,7,8,domain_static,68,0.6881606158088235,0.7084563760196462,0.31399356617647056,2.0,0.25,2.9618667091609616
decode,7,8,global_static,68,0.637063419117647,0.6556057088515337,0.24482996323529413,2.0,0.25,3.2171752744179565
decode,7,8,source_copy,68,0.5343232996323529,0.5536918640136719,0.12683823529411764,2.0,0.25,3.858052696918671
decode,7,8,transition,68,0.8302791819852942,0.8487595950855928,0.546875,2.0,0.25,2.4234268646607546
decode,7,16,domain_static,68,0.9145220588235294,0.9245439978206859,0.7326516544117648,4.0,0.5,4.385376779357185
decode,7,16,global_static,68,0.8780158547794117,0.8889426624073702,0.658203125,4.0,0.5,4.574263267094514
decode,7,16,source_copy,68,0.8496668198529412,0.862080405740177,0.5870863970588235,4.0,0.5,4.729742502948097
decode,7,16,transition,68,0.9564855238970589,0.9633165247300092,0.8532858455882353,4.0,0.5,4.184504641023487
decode,8,4,domain_static,64,0.46124267578125,0.482524037361145,0.057861328125,1.0,0.125,2.2634483630149274
decode,8,4,global_static,64,0.432586669921875,0.454166054725647,0.0614013671875,1.0,0.125,2.4780648465133273
decode,8,4,source_copy,64,0.12078857421875,0.12241131067276001,0.0,1.0,0.125,10.008689810191026
decode,8,4,transition,64,0.6116943359375,0.6421729326248169,0.1729736328125,1.0,0.125,1.6891064378993637
decode,8,8,domain_static,64,0.6925048828125,0.7112520933151245,0.325439453125,2.0,0.25,2.944630887987855
decode,8,8,global_static,64,0.640289306640625,0.6577035188674927,0.252197265625,2.0,0.25,3.204002545667258
decode,8,8,source_copy,64,0.521331787109375,0.5418082475662231,0.1112060546875,2.0,0.25,3.9936362662820386
decode,8,8,transition,64,0.82562255859375,0.8441261053085327,0.544189453125,2.0,0.25,2.4414534872308002
decode,8,16,domain_static,64,0.916412353515625,0.9257137775421143,0.740966796875,4.0,0.5,4.376507116131756
decode,8,16,global_static,64,0.8797607421875,0.8898363709449768,0.668212890625,4.0,0.5,4.564836399176558
decode,8,16,source_copy,64,0.848602294921875,0.8624976277351379,0.5849609375,4.0,0.5,4.738667051186104
decode,8,16,transition,64,0.95294189453125,0.959367573261261,0.846435546875,4.0,0.5,4.200801811041073
decode,9,4,domain_static,60,0.4626627604166667,0.48253777821858723,0.061718749999999996,1.0,0.125,2.262110877810865
decode,9,4,global_static,60,0.43359375,0.45426203409830734,0.06549479166666666,1.0,0.125,2.482162651537034
decode,9,4,source_copy,60,0.13050130208333333,0.13002980550130205,0.0,1.0,0.125,9.091380643697534
decode,9,4,transition,60,0.60205078125,0.6343662897745769,0.154296875,1.0,0.125,1.7014195692519887
decode,9,8,domain_static,60,0.6955078125,0.7138248443603517,0.3319010416666667,2.0,0.25,2.933841505849169
decode,9,8,global_static,60,0.6428385416666667,0.6602925618489583,0.2546875,2.0,0.25,3.1933492709352924
decode,9,8,source_copy,60,0.53369140625,0.5514838536580404,0.13072916666666667,2.0,0.25,3.9073869236288
decode,9,8,transition,60,0.8218098958333333,0.8397549947102865,0.5425781249999999,2.0,0.25,2.449465065477425
decode,9,16,domain_static,60,0.9176106770833333,0.9265415191650391,0.7453125,4.0,0.5,4.371143947814431
decode,9,16,global_static,60,0.8826171875,0.8921098073323568,0.6714843749999999,4.0,0.5,4.549203803198717
decode,9,16,source_copy,60,0.8557617187500001,0.8654634475708007,0.607421875,4.0,0.5,4.6951875622802755
decode,9,16,transition,60,0.9524088541666667,0.9591147740681967,0.8464843750000001,4.0,0.5,4.203325602238604
decode,10,4,domain_static,56,0.45947265625,0.477855886731829,0.06208147321428572,1.0,0.125,2.2818015153630955
decode,10,4,global_static,56,0.43024553571428575,0.4498508317129953,0.06529017857142856,1.0,0.125,2.508943541893667
decode,10,4,source_copy,56,0.12772042410714285,0.12898738043648855,0.0,1.0,0.125,9.16491236696261
decode,10,4,transition,56,0.5885184151785714,0.6190252985273089,0.1529017857142857,1.0,0.125,1.7490403306101299
decode,10,8,domain_static,56,0.6918247767857144,0.7092339651925224,0.3314732142857143,2.0,0.25,2.9508688262039393
decode,10,8,global_static,56,0.6407993861607143,0.6573562622070312,0.25474330357142855,2.0,0.25,3.205088150776365
decode,10,8,source_copy,56,0.53515625,0.5552656991141183,0.1201171875,2.0,0.25,3.8646228913660776
decode,10,8,transition,56,0.814453125,0.8316933768136161,0.5352957589285714,2.0,0.25,2.4755543128956594
decode,10,16,domain_static,56,0.9152134486607143,0.9243898391723633,0.7385602678571428,4.0,0.5,4.382726745398163
decode,10,16,global_static,56,0.8803362165178571,0.8899267741612025,0.6653180803571429,4.0,0.5,4.560819609211574
decode,10,16,source_copy,56,0.8467843191964286,0.8597030639648438,0.5797991071428571,4.0,0.5,4.750912090063251
decode,10,16,transition,56,0.9499162946428571,0.9572129930768694,0.8377511160714286,4.0,0.5,4.215066610956158
decode,11,4,domain_static,52,0.44921875,0.46569362053504354,0.058743990384615384,1.0,0.125,2.3226199485202548
decode,11,4,global_static,52,0.4187950721153846,0.4376234641441932,0.060997596153846145,1.0,0.125,2.562690422056436
decode,11,4,source_copy,52,0.123046875,0.11829339540921725,0.0,1.0,0.125,9.217711859781355
decode,11,4,transition,52,0.5932992788461539,0.619139157808744,0.1573016826923077,1.0,0.125,1.7256184792392377
decode,11,8,domain_static,52,0.6835186298076924,0.7008326603816106,0.31580528846153844,2.0,0.25,2.98320300602796
decode,11,8,global_static,52,0.6304462139423077,0.6471177614652194,0.23392427884615385,2.0,0.25,3.2508890187455903
decode,11,8,source_copy,52,0.5237379807692308,0.5382636877206656,0.11328124999999999,2.0,0.25,3.970431264929031
decode,11,8,transition,52,0.8123497596153847,0.8323015799889198,0.529296875,2.0,0.25,2.480488028502818
decode,11,16,domain_static,52,0.9127478966346154,0.9222682072566106,0.7306189903846154,4.0,0.5,4.393984649497575
decode,11,16,global_static,52,0.8781174879807694,0.8879739321195163,0.6615084134615385,4.0,0.5,4.572257474452922
decode,11,16,source_copy,52,0.8505108173076923,0.85943603515625,0.5830829326923077,4.0,0.5,4.723995001498906
decode,11,16,transition,52,0.9503455528846154,0.9583255327664888,0.837890625,4.0,0.5,4.212684212330822
decode,12,4,domain_static,48,0.4415690104166667,0.45648312568664556,0.059407552083333336,1.0,0.125,2.360262116479523
decode,12,4,global_static,48,0.4133707682291667,0.43108264605204266,0.06136067708333333,1.0,0.125,2.601660074101023
decode,12,4,source_copy,48,0.1290283203125,0.128344456354777,0.0,1.0,0.125,9.599585212065156
decode,12,4,transition,48,0.5948486328125,0.6266738573710123,0.16569010416666669,1.0,0.125,1.718456893172473
decode,12,8,domain_static,48,0.6736246744791666,0.6912658214569093,0.298828125,2.0,0.25,3.022739910138257
decode,12,8,global_static,48,0.623291015625,0.6400179068247477,0.22477213541666666,2.0,0.25,3.2876773531686596
decode,12,8,source_copy,48,0.5072428385416667,0.5233685175577799,0.12353515625,2.0,0.25,4.112435402350733
decode,12,8,transition,48,0.8100179036458333,0.8281582196553549,0.5305989583333334,2.0,0.25,2.4901665403838074
decode,12,16,domain_static,48,0.908447265625,0.91837477684021,0.7169596354166667,4.0,0.5,4.41423772985771
decode,12,16,global_static,48,0.8726399739583333,0.8827418486277262,0.6472981770833333,4.0,0.5,4.5998663514788625
decode,12,16,source_copy,48,0.8397623697916666,0.8521991570790609,0.5732421875,4.0,0.5,4.785966676219279
decode,12,16,transition,48,0.9456380208333333,0.9537484645843505,0.8268229166666666,4.0,0.5,4.234733186585258
decode,13,4,domain_static,44,0.43030894886363635,0.44449416073885833,0.053267045454545456,1.0,0.125,2.4106586166918604
decode,13,4,global_static,44,0.40367542613636365,0.4185811823064631,0.060014204545454544,1.0,0.125,2.6567056552037887
decode,13,4,source_copy,44,0.13636363636363638,0.13493997400457208,0.0,1.0,0.125,8.001298835195843
decode,13,4,transition,44,0.5929509943181819,0.6225219206376509,0.16228693181818182,1.0,0.125,1.723606473726124
decode,13,8,domain_static,44,0.6639293323863635,0.6809546730735085,0.28568892045454547,2.0,0.25,3.0617204887127616
decode,13,8,global_static,44,0.6170099431818181,0.6331988247958096,0.21786221590909094,2.0,0.25,3.317663010528822
decode,13,8,source_copy,44,0.5162464488636364,0.5305892770940608,0.12464488636363635,2.0,0.25,4.0369235049198124
decode,13,8,transition,44,0.8176491477272727,0.8372554779052734,0.5530894886363636,2.0,0.25,2.4652174883288827
decode,13,16,domain_static,44,0.9043412642045454,0.9143571853637695,0.7049005681818181,4.0,0.5,4.433837215900822
decode,13,16,global_static,44,0.8717151988636364,0.8815191442316228,0.6496803977272727,4.0,0.5,4.603799606661019
decode,13,16,source_copy,44,0.8404208096590908,0.8531120473688298,0.5632102272727273,4.0,0.5,4.781992085005658
decode,13,16,transition,44,0.9511274857954546,0.9581568457863547,0.8442826704545454,4.0,0.5,4.2093401232001515
decode,14,4,domain_static,40,0.423583984375,0.43514070510864256,0.055078125000000006,1.0,0.125,2.449093416220682
decode,14,4,global_static,40,0.39765625000000004,0.4094539642333984,0.0578125,1.0,0.125,2.7039946616221284
decode,14,4,source_copy,40,0.10917968750000001,0.1099928855895996,0.0,1.0,0.125,11.208668769067073
decode,14,4,transition,40,0.60634765625,0.6341769218444824,0.19277343749999998,1.0,0.125,1.6902157540103375
decode,14,8,domain_static,40,0.65478515625,0.6708797454833983,0.2748046875,2.0,0.25,3.1019969300086583
decode,14,8,global_static,40,0.609228515625,0.6244106292724609,0.20488281249999998,2.0,0.25,3.3604439182275208
decode,14,8,source_copy,40,0.50234375,0.5184123039245605,0.0900390625,2.0,0.25,4.126965010715159
decode,14,8,transition,40,0.8160644531250001,0.8354434013366698,0.54296875,2.0,0.25,2.466272958096444
decode,14,16,domain_static,40,0.900439453125,0.9108600616455078,0.6931640625,4.0,0.5,4.45270524740521
decode,14,16,global_static,40,0.869189453125,0.8790095329284668,0.64296875,4.0,0.5,4.615074786093614
decode,14,16,source_copy,40,0.8362304687500001,0.8508852958679198,0.5634765625,4.0,0.5,4.799605084611697
decode,14,16,transition,40,0.9498046875,0.956779670715332,0.84375,4.0,0.5,4.214961146026381
decode,15,4,domain_static,36,0.4302300347222222,0.4389714135064019,0.05837673611111111,1.0,0.125,2.4112133903163726
decode,15,4,global_static,36,0.4004448784722222,0.4100832409328885,0.056640625,1.0,0.125,2.702172494906115
decode,15,4,source_copy,36,0.13047960069444445,0.12709320916069877,0.0,1.0,0.125,8.469895947102804
decode,15,4,transition,36,0.6010199652777777,0.6233580907185872,0.17382812500000003,1.0,0.125,1.709913239817339
decode,15,8,domain_static,36,0.6611870659722222,0.674952507019043,0.2855902777777778,2.0,0.25,3.0723817257576513
decode,15,8,global_static,36,0.613986545138889,0.6279566023084853,0.20703125,2.0,0.25,3.337721553389993
decode,15,8,source_copy,36,0.5118272569444444,0.5189520517985027,0.1115451388888889,2.0,0.25,4.050292308958452
decode,15,8,transition,36,0.8200954861111112,0.8392790688408747,0.5321180555555556,2.0,0.25,2.4529935471359154
decode,15,16,domain_static,36,0.9034830729166666,0.9134703742133248,0.7037760416666667,4.0,0.5,4.437234707862844
decode,15,16,global_static,36,0.8735894097222223,0.8835426966349283,0.6529947916666666,4.0,0.5,4.590631072091823
decode,15,16,source_copy,36,0.8394097222222222,0.847617573208279,0.5609809027777778,4.0,0.5,4.783286617953679
decode,15,16,transition,36,0.9482964409722222,0.9560759862263998,0.8368055555555556,4.0,0.5,4.2212710934467985
decode,16,4,domain_static,32,0.432861328125,0.4382624626159668,0.058349609375,1.0,0.125,2.4068121122997455
decode,16,4,global_static,32,0.4007568359375,0.4055994749069214,0.058837890625,1.0,0.125,2.7252754358679185
decode,16,4,source_copy,32,0.11444091796875,0.11217474937438965,0.0,1.0,0.125,10.349064911337395
decode,16,4,transition,32,0.59283447265625,0.6143666505813599,0.167724609375,1.0,0.125,1.744384861969839
decode,16,8,domain_static,32,0.663330078125,0.6746788024902344,0.30029296875,2.0,0.25,3.066835022869965
decode,16,8,global_static,32,0.61468505859375,0.6233512163162231,0.21923828125,2.0,0.25,3.340432805127022
decode,16,8,source_copy,32,0.5023193359375,0.5068366527557373,0.1220703125,2.0,0.25,4.17806260427715
decode,16,8,transition,32,0.81866455078125,0.8377629518508911,0.5400390625,2.0,0.25,2.4637742259004027
decode,16,16,domain_static,32,0.90289306640625,0.910991907119751,0.70849609375,4.0,0.5,4.440826405246346
decode,16,16,global_static,32,0.8739013671875,0.8813261985778809,0.662353515625,4.0,0.5,4.589869910545513
decode,16,16,source_copy,32,0.828857421875,0.837490439414978,0.5625,4.0,0.5,4.852033383192463
decode,16,16,transition,32,0.9439697265625,0.9518454074859619,0.828369140625,4.0,0.5,4.241808178765016
decode,17,4,domain_static,28,0.4340122767857143,0.4377846036638532,0.04631696428571429,1.0,0.125,2.4111414556307973
decode,17,4,global_static,28,0.39732142857142855,0.4004554748535156,0.046875,1.0,0.125,2.7750995397087093
decode,17,4,source_copy,28,0.11648995535714285,0.12266090938023158,0.0,1.0,0.125,10.454675471117167
decode,17,4,transition,28,0.6033063616071428,0.6244542258126395,0.185546875,1.0,0.125,1.7233577185448539
decode,17,8,domain_static,28,0.6642020089285714,0.672788211277553,0.3046875,2.0,0.25,3.06911212090929
decode,17,8,global_static,28,0.6122349330357143,0.617952619280134,0.2193080357142857,2.0,0.25,3.3632390630739994
decode,17,8,source_copy,28,0.4974888392857143,0.5035721915108817,0.09040178571428573,2.0,0.25,4.226286800325674
decode,17,8,transition,28,0.81591796875,0.834270749773298,0.5304129464285714,2.0,0.25,2.471300101388322
decode,17,16,domain_static,28,0.9016462053571428,0.9095424924577986,0.7047991071428571,4.0,0.5,4.447538969565679
decode,17,16,global_static,28,0.8694196428571428,0.8761999947684153,0.650390625,4.0,0.5,4.6135732468133135
decode,17,16,source_copy,28,0.8335658482142856,0.8409476961408342,0.564453125,4.0,0.5,4.822508149197901
decode,17,16,transition,28,0.9464983258928571,0.9543070111955916,0.8345424107142857,4.0,0.5,4.230225101262165
decode,18,4,domain_static,24,0.4303385416666667,0.43436892827351886,0.04557291666666667,1.0,0.125,2.4370996577386146
decode,18,4,global_static,24,0.38850911458333337,0.3921318054199219,0.0302734375,1.0,0.125,2.8541126567923514
decode,18,4,source_copy,24,0.159423828125,0.1627372105916341,0.0003255208333333333,1.0,0.125,7.252527641187623
decode,18,4,transition,24,0.5924479166666666,0.6117231051127116,0.19466145833333334,1.0,0.125,1.7718040369773906
decode,18,8,domain_static,24,0.6558430989583334,0.6638272603352864,0.2890625,2.0,0.25,3.109752227226025
decode,18,8,global_static,24,0.6041666666666667,0.6111065546671549,0.21061197916666666,2.0,0.25,3.408975019951115
decode,18,8,source_copy,24,0.5077311197916666,0.5152435302734375,0.10449218750000001,2.0,0.25,4.165382151262317
decode,18,8,transition,24,0.8155110677083334,0.8378386497497559,0.5338541666666666,2.0,0.25,2.4711027119842623
decode,18,16,domain_static,24,0.8946940104166666,0.9033109347025553,0.685546875,4.0,0.5,4.480998175060977
decode,18,16,global_static,24,0.8645833333333333,0.8719011942545573,0.6435546874999999,4.0,0.5,4.63949114494994
decode,18,16,source_copy,24,0.8330891927083334,0.8383185068766277,0.5794270833333334,4.0,0.5,4.821090933862481
decode,18,16,transition,24,0.9419759114583333,0.9505699475606283,0.8212890625,4.0,0.5,4.25091179154829
decode,19,4,domain_static,20,0.455078125,0.4646808624267578,0.0546875,1.0,0.125,2.2696732475639205
decode,19,4,global_static,20,0.4068359375,0.4127653121948242,0.036328125,1.0,0.125,2.746519261980829
decode,19,4,source_copy,20,0.13291015625,0.12919445037841798,0.0,1.0,0.125,8.080354399524262
decode,19,4,transition,20,0.6001953124999999,0.6302555084228516,0.17539062500000002,1.0,0.125,1.7379830086143329
decode,19,8,domain_static,20,0.6800781250000001,0.6908754348754883,0.339453125,2.0,0.25,2.9816815285037443
decode,19,8,global_static,20,0.62490234375,0.6350893020629882,0.25234375,2.0,0.25,3.287807123782267
decode,19,8,source_copy,20,0.52041015625,0.5263801574707031,0.11054687499999999,2.0,0.25,4.026026025568527
decode,19,8,transition,20,0.8093750000000001,0.8306776046752931,0.529296875,2.0,0.25,2.4920654160550786
decode,19,16,domain_static,20,0.9046874999999999,0.9137279510498046,0.706640625,4.0,0.5,4.4296764443169865
decode,19,16,global_static,20,0.8734375,0.8818098068237304,0.655078125,4.0,0.5,4.591853036299459
decode,19,16,source_copy,20,0.84248046875,0.8481176376342774,0.5828125,4.0,0.5,4.761609063636881
decode,19,16,transition,20,0.9451171875,0.9527181625366211,0.831640625,4.0,0.5,4.236894802431014
decode,20,4,domain_static,16,0.463623046875,0.4769110679626465,0.05810546875,1.0,0.125,2.2379560435681185
decode,20,4,global_static,16,0.4136962890625,0.4210078716278076,0.0361328125,1.0,0.125,2.7660748876122008
decode,20,4,source_copy,16,0.155517578125,0.1529560089111328,0.0,1.0,0.125,6.965080884001563
decode,20,4,transition,16,0.6156005859375,0.6393721103668213,0.1806640625,1.0,0.125,1.6901886831930106
decode,20,8,domain_static,16,0.6895751953125,0.6998229026794434,0.3662109375,2.0,0.25,2.9437365012323333
decode,20,8,global_static,16,0.6290283203125,0.6394929885864258,0.25244140625,2.0,0.25,3.2793951365804115
decode,20,8,source_copy,16,0.537353515625,0.5400276184082031,0.1376953125,2.0,0.25,3.9540188392630458
decode,20,8,transition,16,0.8214111328125,0.8428633213043213,0.544921875,2.0,0.25,2.455750953483284
decode,20,16,domain_static,16,0.9027099609375,0.9120197296142578,0.70556640625,4.0,0.5,4.440834224654818
decode,20,16,global_static,16,0.8701171875,0.878575325012207,0.65625,4.0,0.5,4.609597211978771
decode,20,16,source_copy,16,0.8516845703125,0.858288049697876,0.619140625,4.0,0.5,4.709311534125238
decode,20,16,transition,16,0.94140625,0.9490334987640381,0.830078125,4.0,0.5,4.253578778531115
decode,21,4,domain_static,12,0.49511718750000006,0.5160058339436849,0.07747395833333333,1.0,0.125,2.072265627574481
decode,21,4,global_static,12,0.43147786458333337,0.4443848927815755,0.048177083333333336,1.0,0.125,2.748964132066514
decode,21,4,source_copy,12,0.13069661458333331,0.12999407450358075,0.0006510416666666666,1.0,0.125,8.230262609995389
decode,21,4,transition,12,0.6043294270833333,0.6258351008097331,0.17252604166666669,1.0,0.125,1.7696835731595497
decode,21,8,domain_static,12,0.7169596354166666,0.731962521870931,0.44596354166666663,2.0,0.25,2.8232974593501603
decode,21,8,global_static,12,0.64794921875,0.6621128718058269,0.3098958333333333,2.0,0.25,3.19620933906972
decode,21,8,source_copy,12,0.5198567708333333,0.5339199701944988,0.12565104166666666,2.0,0.25,4.211261963612237
decode,21,8,transition,12,0.8154296875,0.8376166025797527,0.5501302083333333,2.0,0.25,2.478936578243215
decode,21,16,domain_static,12,0.9104817708333333,0.9219919840494791,0.7376302083333334,4.0,0.5,4.404090994366377
decode,21,16,global_static,12,0.87451171875,0.8894662857055664,0.677734375,4.0,0.5,4.588767814121514
decode,21,16,source_copy,12,0.8304036458333334,0.842314084370931,0.59375,4.0,0.5,4.838485576763163
decode,21,16,transition,12,0.9371744791666667,0.9449504216512044,0.8177083333333334,4.0,0.5,4.274363874394384
decode,22,4,domain_static,8,0.481201171875,0.5076284408569336,0.0703125,1.0,0.125,2.1254088927073576
decode,22,4,global_static,8,0.41845703125,0.4367523193359375,0.03515625,1.0,0.125,2.8914901329596066
decode,22,4,source_copy,8,0.120361328125,0.1112513542175293,0.0,1.0,0.125,8.923774839335607
decode,22,4,transition,8,0.609375,0.6488890647888184,0.1943359375,1.0,0.125,1.777587406143184
decode,22,8,domain_static,8,0.705322265625,0.720703125,0.421875,2.0,0.25,2.8601168653171056
decode,22,8,global_static,8,0.62841796875,0.6465549468994141,0.267578125,2.0,0.25,3.2878292443007546
decode,22,8,source_copy,8,0.508544921875,0.5205240249633789,0.1318359375,2.0,0.25,4.355788817619475
decode,22,8,transition,8,0.80712890625,0.8318853378295898,0.51953125,2.0,0.25,2.5041075312970538
decode,22,16,domain_static,8,0.90625,0.9177451133728027,0.7265625,4.0,0.5,4.424527086399056
decode,22,16,global_static,8,0.86962890625,0.8877863883972168,0.6650390625,4.0,0.5,4.606781424815647
decode,22,16,source_copy,8,0.82080078125,0.8298993110656738,0.55859375,4.0,0.5,4.884098393644348
decode,22,16,transition,8,0.936279296875,0.9448127746582031,0.8076171875,4.0,0.5,4.277515075271081
decode,23,4,domain_static,4,0.50341796875,0.5387115478515625,0.107421875,1.0,0.125,2.0543268634887584
decode,23,4,global_static,4,0.43115234375,0.44994354248046875,0.0546875,1.0,0.125,3.0111164243924504
decode,23,4,source_copy,4,0.09716796875,0.09820079803466797,0.0,1.0,0.125,10.713995438523739
decode,23,4,transition,4,0.58837890625,0.6345005035400391,0.16796875,1.0,0.125,1.9166024934169694
decode,23,8,domain_static,4,0.72314453125,0.7420082092285156,0.4609375,2.0,0.25,2.7936000777636756
decode,23,8,global_static,4,0.62353515625,0.6555147171020508,0.248046875,2.0,0.25,3.3363803964222245
decode,23,8,source_copy,4,0.51806640625,0.5364227294921875,0.150390625,2.0,0.25,4.321799691968018
decode,23,8,transition,4,0.78564453125,0.8148212432861328,0.4921875,2.0,0.25,2.5834196368004045
decode,23,16,domain_static,4,0.90673828125,0.9213199615478516,0.728515625,4.0,0.5,4.423621990688423
decode,23,16,global_static,4,0.86865234375,0.8983964920043945,0.666015625,4.0,0.5,4.613031822289296
decode,23,16,source_copy,4,0.828125,0.8373079299926758,0.6015625,4.0,0.5,4.83830374569335
decode,23,16,transition,4,0.92919921875,0.9410476684570312,0.798828125,4.0,0.5,4.311130441929216
prefill,1,4,domain_static,92,0.4233604192026026,0.4518324663516915,0.030432176017345013,1.0,0.125,2.5202956639325564
prefill,1,4,global_static,92,0.398709479385879,0.42332450899948626,0.0299449206916771,1.0,0.125,2.746900232077433
prefill,1,4,source_copy,92,0.13177827994993044,0.12881582200912156,5.266262217728345e-06,1.0,0.125,8.676254196240027
prefill,1,4,transition,92,0.589395200176829,0.6355136368750979,0.08320063561466329,1.0,0.125,1.7105908290487084
prefill,1,8,domain_static,92,0.6348779371392816,0.6632292649793364,0.18836385253954976,2.0,0.25,3.2488783168580126
prefill,1,8,global_static,92,0.6025714871184857,0.6303077848638278,0.16448579380399903,2.0,0.25,3.4747608655798703
prefill,1,8,source_copy,92,0.5060192776775843,0.529563225084456,0.07794463737105374,2.0,0.25,4.156219510528363
prefill,1,8,transition,92,0.8050845333085883,0.8310956153718403,0.42927893411949,2.0,0.25,2.497296358141259
prefill,1,16,domain_static,92,0.8658357708905443,0.8840038899924773,0.588318821043313,4.0,0.5,4.648954689451634
prefill,1,16,global_static,92,0.8367342057860984,0.8557359630541452,0.521319557742758,4.0,0.5,4.833689573498175
prefill,1,16,source_copy,92,0.8105258365819952,0.8310996982801946,0.45913972496518796,4.0,0.5,4.9981418486349884
prefill,1,16,transition,92,0.9528220850614091,0.9608777460552729,0.8347531557649098,4.0,0.5,4.203096025989728
prefill,2,4,domain_static,88,0.4319444866191423,0.4609553319379881,0.03178810700428554,1.0,0.125,2.4406272533036
prefill,2,4,global_static,88,0.4067561722780669,0.43148902808224465,0.031306053450389705,1.0,0.125,2.6640646614515697
prefill,2,4,source_copy,88,0.12776151320924095,0.12587501837928758,0.0,1.0,0.125,8.76660076824886
prefill,2,4,transition,88,0.5752021647913612,0.6194167611029738,0.07645745754887731,1.0,0.125,1.7581309058737247
prefill,2,8,domain_static,88,0.6446289883838835,0.6723423610929012,0.19569355959753396,2.0,0.25,3.179889477825594
prefill,2,8,global_static,88,0.6119241691165277,0.6384304804486761,0.1714692981151119,2.0,0.25,3.4018462635880713
prefill,2,8,source_copy,88,0.5114796056472085,0.5343267051372517,0.08479915484858858,2.0,0.25,4.088977742496094
prefill,2,8,transition,88,0.7959997560792766,0.8220872216408504,0.42060124898104945,2.0,0.25,2.53069425366768
prefill,2,16,domain_static,88,0.8730951044323609,0.8899412562073811,0.6043663739510081,4.0,0.5,4.602504984977491
prefill,2,16,global_static,88,0.8437173494218909,0.8613404426265324,0.5366702729663452,4.0,0.5,4.786953225511497
prefill,2,16,source_copy,88,0.8152979545659531,0.8346593805206155,0.469200926452065,4.0,0.5,4.956245984731247
prefill,2,16,transition,88,0.9477334251721409,0.956313902038112,0.8187844773691529,4.0,0.5,4.226414074745702
prefill,3,4,domain_static,84,0.43729771532622247,0.4678341643494517,0.03317493454343387,1.0,0.125,2.406390780207403
prefill,3,4,global_static,84,0.4129302633382712,0.43858770936291885,0.03279681790040826,1.0,0.125,2.612806569783669
prefill,3,4,source_copy,84,0.11881112866062096,0.11846225297383174,4.4578212628023653e-05,1.0,0.125,9.449596432900893
prefill,3,4,transition,84,0.5631298909496492,0.6048138202701796,0.07774646630510124,1.0,0.125,1.7990705937860203
prefill,3,8,domain_static,84,0.6499701780268626,0.6777765694984706,0.20124880508808515,2.0,0.25,3.151622950041164
prefill,3,8,global_static,84,0.6182451375870595,0.6445253002043733,0.17720512657889087,2.0,0.25,3.3574348162003274
prefill,3,8,source_copy,84,0.521920943583098,0.547094408474727,0.07925150161255518,2.0,0.25,3.9834110766138373
prefill,3,8,transition,84,0.787078243046599,0.8114816142500935,0.40958835851534586,2.0,0.25,2.56037916109637
prefill,3,16,domain_static,84,0.8756587862373891,0.8923711736129836,0.6118392955383589,4.0,0.5,4.588366665274888
prefill,3,16,global_static,84,0.8458876125063466,0.8631764613059467,0.5415239498093174,4.0,0.5,4.7736560180070615
prefill,3,16,source_copy,84,0.8184162966184143,0.8370819786548398,0.4740508479243034,4.0,0.5,4.938617290854479
prefill,3,16,transition,84,0.9473457539112962,0.9556515583311298,0.818578597643808,4.0,0.5,4.228133556346407
prefill,4,4,domain_static,80,0.4395424942044469,0.47049124222737854,0.03483368127060557,1.0,0.125,2.398913305948404
prefill,4,4,global_static,80,0.4157170178783585,0.44259513921923915,0.03443665879542867,1.0,0.125,2.59903497558634
prefill,4,4,source_copy,80,0.1344650679132927,0.1305611298887611,3.2389717695659316e-05,1.0,0.125,8.28593900353507
prefill,4,4,transition,80,0.5585227259741353,0.5993598519215773,0.07150284342540378,1.0,0.125,1.8146829897837327
prefill,4,8,domain_static,80,0.652389307913892,0.6800599051514478,0.2073561948327838,2.0,0.25,3.1425193914451044
prefill,4,8,global_static,80,0.620915996610789,0.6473003173997306,0.1854926115807261,2.0,0.25,3.3477357310585467
prefill,4,8,source_copy,80,0.5254791972837525,0.5481313352121078,0.09150707263179968,2.0,0.25,3.983167911436148
prefill,4,8,transition,80,0.7838038132272979,0.8084710502927801,0.4112737053039042,2.0,0.25,2.57079519168818
prefill,4,16,domain_static,80,0.8772478744819636,0.89387218329927,0.6169225906519733,4.0,0.5,4.580503566905349
prefill,4,16,global_static,80,0.8471189355091198,0.8644063017164341,0.5448492207965032,4.0,0.5,4.767706356172065
prefill,4,16,source_copy,80,0.8217973654927322,0.8399409522924571,0.485589352439239,4.0,0.5,4.9184515469470345
prefill,4,16,transition,80,0.9455423510013541,0.954476093180644,0.8124608912361503,4.0,0.5,4.235735747456506
prefill,5,4,domain_static,76,0.43993084493662404,0.469699188235729,0.03621925041535509,1.0,0.125,2.401903344432581
prefill,5,4,global_static,76,0.41807635445658226,0.4439336807053102,0.03587564282866406,1.0,0.125,2.58905940382766
prefill,5,4,source_copy,76,0.13130976638662245,0.12979995025296864,0.0,1.0,0.125,8.706620574818935
prefill,5,4,transition,76,0.5530312233577729,0.5945323754106653,0.07368920856468478,1.0,0.125,1.830123244646174
prefill,5,8,domain_static,76,0.6536026175576721,0.6801758485937207,0.21249858032211683,2.0,0.25,3.139986508429471
prefill,5,8,global_static,76,0.6240268411490435,0.6499392900900309,0.19203772389728357,2.0,0.25,3.3315584851833253
prefill,5,8,source_copy,76,0.5266309794576456,0.5487124387460506,0.089806487293619,2.0,0.25,3.9553931725263163
prefill,5,8,transition,76,0.7799300161482999,0.8043699061016999,0.4028007105871854,2.0,0.25,2.5815811554584687
prefill,5,16,domain_static,76,0.878363970115794,0.8944177869554424,0.621095921204929,4.0,0.5,4.5753336615018085
prefill,5,16,global_static,76,0.8481385777482939,0.8649227124539973,0.5498755521545413,4.0,0.5,4.763137090924113
prefill,5,16,source_copy,76,0.8230564931035516,0.841750710801277,0.48735634608952455,4.0,0.5,4.914789923728423
prefill,5,16,transition,76,0.9465063336418638,0.9544805368889552,0.8155311385037471,4.0,0.5,4.2307659988180975
prefill,6,4,domain_static,72,0.44054121455019224,0.4707004388406743,0.03776149644351262,1.0,0.125,2.405277283345203
prefill,6,4,global_static,72,0.4190023099794611,0.44507260477165134,0.037343359758641524,1.0,0.125,2.5888213755476457
prefill,6,4,source_copy,72,0.12883710758327543,0.12479267964427229,0.0,1.0,0.125,8.521808567228717
prefill,6,4,transition,72,0.5486533761186793,0.590255103149354,0.07584007835934319,1.0,0.125,1.8493167580354424
prefill,6,8,domain_static,72,0.6559557942278311,0.6826945437896039,0.21860692075145335,2.0,0.25,3.1325382440772827
prefill,6,8,global_static,72,0.6276976979269915,0.6534035364573362,0.19971351831856068,2.0,0.25,3.31465497989339
prefill,6,8,source_copy,72,0.5275622076757666,0.5494764235637055,0.09518887094601158,2.0,0.25,3.9645300074425505
prefill,6,8,transition,72,0.776786146079017,0.8014745208581053,0.3977552886437326,2.0,0.25,2.595346782473616
prefill,6,16,domain_static,72,0.8806698139206914,0.8967924127910961,0.6284704775809611,4.0,0.5,4.563859028300909
prefill,6,16,global_static,72,0.8518799854498329,0.8685678044828185,0.5620565300101003,4.0,0.5,4.743105423690054
prefill,6,16,source_copy,72,0.8242769803064969,0.8425302885813589,0.49600639588866313,4.0,0.5,4.9089019334924275
prefill,6,16,transition,72,0.9459180339056266,0.9541058809652481,0.814130670457375,4.0,0.5,4.234685659652663
prefill,7,4,domain_static,68,0.44914246511407874,0.479746492446183,0.03970049668886988,1.0,0.125,2.3452945242729752
prefill,7,4,global_static,68,0.42719622304406374,0.45347993177403656,0.03916173841074094,1.0,0.125,2.5297653408905463
prefill,7,4,source_copy,68,0.1310042820320503,0.12895326800279694,7.124943000455996e-06,1.0,0.125,8.02385504311284
prefill,7,4,transition,68,0.5507086265780008,0.5913848892928414,0.07763881968510244,1.0,0.125,1.8419801704888705
prefill,7,8,domain_static,68,0.6650439389497048,0.6913992064842509,0.22660981756765214,2.0,0.25,3.0811325050108307
prefill,7,8,global_static,68,0.6358828530953349,0.6602119908976679,0.2085295092210332,2.0,0.25,3.2681496413180096
prefill,7,8,source_copy,68,0.5360998684025367,0.5589164436408214,0.09853866544327451,2.0,0.25,3.882848616691456
prefill,7,8,transition,68,0.7789882643538217,0.8033441411511599,0.40392635216912065,2.0,0.25,2.587294811606201
prefill,7,16,domain_static,68,0.8853342880030977,0.9004516153363841,0.6415072335552158,4.0,0.5,4.53760088992552
prefill,7,16,global_static,68,0.8562699895598529,0.8720214266244579,0.5735695650095123,4.0,0.5,4.717676577709479
prefill,7,16,source_copy,68,0.8341047949655955,0.8513826254215693,0.5197392049694601,4.0,0.5,4.851017011115316
prefill,7,16,transition,68,0.9480202773158458,0.9553657411393541,0.8250838707476168,4.0,0.5,4.224714866701163
prefill,8,4,domain_static,64,0.45890443639714484,0.4900239196702673,0.042128785968358354,1.0,0.125,2.2781188582798455
prefill,8,4,global_static,64,0.43689739579376174,0.4637780765837104,0.041609347061412255,1.0,0.125,2.456767403852316
prefill,8,4,source_copy,64,0.11066921882425813,0.10930288656240686,0.0,1.0,0.125,9.786192061064938
prefill,8,4,transition,64,0.5451501757947936,0.5851907011666023,0.07615314882510074,1.0,0.125,1.8647262621670202
prefill,8,8,domain_static,64,0.6759504870786515,0.7009915203245619,0.23884017649964745,2.0,0.25,3.018725679517665
prefill,8,8,global_static,64,0.6464146890091347,0.6687022959150704,0.22021050915661736,2.0,0.25,3.2040754418627433
prefill,8,8,source_copy,64,0.5328764915917341,0.5570619387361283,0.08506912217444283,2.0,0.25,3.908356942262314
prefill,8,8,transition,64,0.775551435997162,0.7988464309179188,0.4025103847200523,2.0,0.25,2.599252328044626
prefill,8,16,domain_static,64,0.8932201089932311,0.9068980372422345,0.6634059193766046,4.0,0.5,4.491685013758172
prefill,8,16,global_static,64,0.8639113389486683,0.8781065879141248,0.5949737481835053,4.0,0.5,4.67068503882378
prefill,8,16,source_copy,64,0.834927691323176,0.8516952742783644,0.5203371723610001,4.0,0.5,4.842489460024695
prefill,8,16,transition,64,0.9478373187475018,0.9548485468229817,0.8249490032699451,4.0,0.5,4.225901865171242
prefill,9,4,domain_static,60,0.4659406091088718,0.4980198405679218,0.04466173823575364,1.0,0.125,2.2366116806513343
prefill,9,4,global_static,60,0.44298633272495747,0.4706293293634123,0.044383303532173075,1.0,0.125,2.421060881375561
prefill,9,4,source_copy,60,0.12756435231673086,0.13203849933734169,1.588814744200826e-05,1.0,0.125,8.86413261658027
prefill,9,4,transition,60,0.540008553747385,0.5803873698992015,0.07643051495987743,1.0,0.125,1.8859496385194934
prefill,9,8,domain_static,60,0.6835139453888003,0.7088272552693539,0.24808713890063744,2.0,0.25,2.980223124935779
prefill,9,8,global_static,60,0.6534808845481577,0.6759660371894434,0.23004345753430389,2.0,0.25,3.166278931465074
prefill,9,8,source_copy,60,0.5452480377586374,0.5692371435807513,0.09964259456562098,2.0,0.25,3.7933571632275918
prefill,9,8,transition,60,0.7733787587555371,0.7966233096292697,0.40068162382795103,2.0,0.25,2.610701475871661
prefill,9,16,domain_static,60,0.897874880914667,0.9107793029157941,0.6781314410030994,4.0,0.5,4.466738301991235
prefill,9,16,global_static,60,0.8686871489831793,0.8822899117054741,0.6059790218393063,4.0,0.5,4.642223643087849
prefill,9,16,source_copy,60,0.8414827187490408,0.8576184500949965,0.5376897973625494,4.0,0.5,4.79689758764335
prefill,9,16,transition,60,0.9457888465204228,0.9532850082845089,0.8186009736820268,4.0,0.5,4.2355032369827
prefill,10,4,domain_static,56,0.4706848853211823,0.5012261993352854,0.0472465074643578,1.0,0.125,2.214600371585151
prefill,10,4,global_static,56,0.4479902213385726,0.47476427307528485,0.047492977483252985,1.0,0.125,2.392904696005315
prefill,10,4,source_copy,56,0.1379775494130272,0.1371097161264152,0.00045069990299597746,1.0,0.125,7.549875151795619
prefill,10,4,transition,56,0.5424346803903379,0.5807818786714241,0.079041081283595,1.0,0.125,1.877864947484619
prefill,10,8,domain_static,56,0.6874198976716194,0.7117329558353465,0.25734296313592825,2.0,0.25,2.9637990354248496
prefill,10,8,global_static,56,0.6590888848025827,0.6802223649879278,0.23898511436912942,2.0,0.25,3.1415928251237335
prefill,10,8,source_copy,56,0.5520812693060324,0.5775652493597736,0.10813137305943032,2.0,0.25,3.7676504931642176
prefill,10,8,transition,56,0.7726307222266535,0.7945053992696522,0.4053517500326208,2.0,0.25,2.613856352678667
prefill,10,16,domain_static,56,0.8998094516986267,0.9122450830538155,0.6849657766853348,4.0,0.5,4.4571793442158905
prefill,10,16,global_static,56,0.8721581280982643,0.8849220063414883,0.6144197508065421,4.0,0.5,4.618869858608532
prefill,10,16,source_copy,56,0.8440504174069837,0.860184364607973,0.5492935726145725,4.0,0.5,4.7861370280963875
prefill,10,16,transition,56,0.9461397403359016,0.9531636172045551,0.8209558564197441,4.0,0.5,4.232763900761261
prefill,11,4,domain_static,52,0.47093402511648663,0.4999602696667822,0.05042026644022232,1.0,0.125,2.2188734705808475
prefill,11,4,global_static,52,0.4500871693070878,0.4756110122546951,0.04984352052472427,1.0,0.125,2.3800169087528675
prefill,11,4,source_copy,52,0.13593477833149295,0.1327694612938129,0.0001855595799991299,1.0,0.125,8.093898784977066
prefill,11,4,transition,52,0.5421705991554473,0.5807237181802986,0.0783477403164423,1.0,0.125,1.8845099601054787
prefill,11,8,domain_static,52,0.6859034420431338,0.7097718085002291,0.2564369967206138,2.0,0.25,2.9735340429159733
prefill,11,8,global_static,52,0.6598715490623057,0.6811542927320116,0.23369437810283133,2.0,0.25,3.143283711740264
prefill,11,8,source_copy,52,0.565233211649844,0.5863486875475389,0.12386246878449927,2.0,0.25,3.6813082847558345
prefill,11,8,transition,52,0.7743980873472073,0.796009989527318,0.4119189545177865,2.0,0.25,2.6132131390179945
prefill,11,16,domain_static,52,0.8981526419212432,0.9106932279778717,0.6810288735450036,4.0,0.5,4.46592328795094
prefill,11,16,global_static,52,0.8732411499272821,0.8866058760941503,0.6174213297677702,4.0,0.5,4.614113794231849
prefill,11,16,source_copy,52,0.848938216007669,0.8647840936867169,0.5624731192561031,4.0,0.5,4.756143864172122
prefill,11,16,transition,52,0.9475548009239101,0.9544028695371939,0.8265455975733834,4.0,0.5,4.227990558413863
prefill,12,4,domain_static,48,0.47342777192283514,0.5026079178330916,0.053487146959634746,1.0,0.125,2.208509116356723
prefill,12,4,global_static,48,0.45509839803925406,0.48098996405407174,0.05323031153050321,1.0,0.125,2.3421608281174917
prefill,12,4,source_copy,48,0.11897102154002853,0.11955515756125511,0.0,1.0,0.125,9.130326865705502
prefill,12,4,transition,48,0.5388623324065599,0.578825199264089,0.0780946791588299,1.0,0.125,1.8974181910549344
prefill,12,8,domain_static,48,0.6872463777844099,0.71069799547009,0.26088729685344575,2.0,0.25,2.9701607064421536
prefill,12,8,global_static,48,0.665378616573429,0.6873525402671747,0.23998799503217053,2.0,0.25,3.1086970500687543
prefill,12,8,source_copy,48,0.5507957850582665,0.5747815182551598,0.10748215350297499,2.0,0.25,3.7631102166961834
prefill,12,8,transition,48,0.7736757017890601,0.79639471407425,0.4102242601333981,2.0,0.25,2.6165383340260187
prefill,12,16,domain_static,48,0.8974754545218815,0.9102624013678491,0.6797432482204759,4.0,0.5,4.469969077469267
prefill,12,16,global_static,48,0.8749433897287852,0.8886307608750017,0.6184408939352806,4.0,0.5,4.60336606992822
prefill,12,16,source_copy,48,0.8457967418523935,0.8615435691949762,0.5476042328555742,4.0,0.5,4.768436499908219
prefill,12,16,transition,48,0.9488725864000006,0.9552768498532039,0.8341938970306154,4.0,0.5,4.2248106312026
prefill,13,4,domain_static,44,0.47617644790452507,0.5059775930560819,0.05661238839845288,1.0,0.125,2.201429838910331
prefill,13,4,global_static,44,0.4604057252203647,0.48706186954781916,0.057723986564827176,1.0,0.125,2.3207348128409455
prefill,13,4,source_copy,44,0.13305562031863571,0.13639491857786173,4.1415653776624454e-05,1.0,0.125,8.00258905566052
prefill,13,4,transition,44,0.5443099030656875,0.5825085900458764,0.08459200866242275,1.0,0.125,1.8813518467448826
prefill,13,8,domain_static,44,0.6909468662456544,0.7136389525020436,0.269114821503227,2.0,0.25,2.9572926225463134
prefill,13,8,global_static,44,0.672868630061455,0.6934784862795453,0.2514134826237699,2.0,0.25,3.0679569008438135
prefill,13,8,source_copy,44,0.570980187198094,0.5953684433976899,0.12617298021662746,2.0,0.25,3.6191685883447033
prefill,13,8,transition,44,0.7802425046070103,0.8032951895627126,0.4167554946370289,2.0,0.25,2.5918912103264082
prefill,13,16,domain_static,44,0.9004040902927812,0.9127204737491884,0.6898924688346028,4.0,0.5,4.45564072594658
prefill,13,16,global_static,44,0.8818677193070095,0.8947649939432425,0.635237052970145,4.0,0.5,4.562393068674652
prefill,13,16,source_copy,44,0.8560121566549467,0.871427589443669,0.56779549069033,4.0,0.5,4.705241817907972
prefill,13,16,transition,44,0.9536686415409856,0.9603326870912466,0.8453685191457259,4.0,0.5,4.200907843506253
prefill,14,4,domain_static,40,0.4822105456961598,0.5132581350743924,0.05900795261008252,1.0,0.125,2.175566586457964
prefill,14,4,global_static,40,0.4703085597075125,0.49923568133543395,0.0634725530001469,1.0,0.125,2.263610295580927
prefill,14,4,source_copy,40,0.13173455509663587,0.13281387533613437,0.0,1.0,0.125,8.101912279272309
prefill,14,4,transition,40,0.5576425504518498,0.5955291915613596,0.08715374336097415,1.0,0.125,1.8261526762473816
prefill,14,8,domain_static,40,0.6955122855786,0.7179918029861206,0.27694541609743023,2.0,0.25,2.9395920796576096
prefill,14,8,global_static,40,0.6818844831018598,0.7034950637666881,0.25825068232259657,2.0,0.25,3.0124545150372146
prefill,14,8,source_copy,40,0.5720674310050036,0.5976599581872035,0.1313874615844331,2.0,0.25,3.619015477828361
prefill,14,8,transition,40,0.7917431080412758,0.8133528661399851,0.44121168210749945,2.0,0.25,2.5452425868438215
prefill,14,16,domain_static,40,0.9023621467315781,0.9145420676891043,0.6946273542755996,4.0,0.5,4.4460036765434126
prefill,14,16,global_static,40,0.8869520666371071,0.8996484622601062,0.6460437765143681,4.0,0.5,4.532243685064216
prefill,14,16,source_copy,40,0.862707817173316,0.877669107409282,0.5883367187998225,4.0,0.5,4.66542347905857
prefill,14,16,transition,40,0.9578129644149483,0.9642981431767051,0.8565210034602591,4.0,0.5,4.179569633268731
prefill,15,4,domain_static,36,0.4920258949617713,0.5232083664974295,0.06478419184139729,1.0,0.125,2.1288721944254894
prefill,15,4,global_static,36,0.47937502559397543,0.5080661679315657,0.0690690485103945,1.0,0.125,2.2211217846269933
prefill,15,4,source_copy,36,0.1314959736681907,0.12781058756456093,1.3458225667527993e-05,1.0,0.125,7.908862405206543
prefill,15,4,transition,36,0.5605621323422654,0.5982710141141383,0.09383728350048244,1.0,0.125,1.8209102918820277
prefill,15,8,domain_static,36,0.7084541510233849,0.7296003459628989,0.294278978399137,2.0,0.25,2.879815051429363
prefill,15,8,global_static,36,0.6947155665987248,0.7144301818005291,0.27691997870863694,2.0,0.25,2.952827797840657
prefill,15,8,source_copy,36,0.5859054397771392,0.6094691775290695,0.13356223599120767,2.0,0.25,3.525772903260235
prefill,15,8,transition,36,0.7945677098477579,0.8155397102583036,0.4404720045145484,2.0,0.25,2.5389820865390815
prefill,15,16,domain_static,36,0.9104078056873308,0.9211942124938528,0.7186029707602477,4.0,0.5,4.404069582274385
prefill,15,16,global_static,36,0.8977327660437155,0.9084285084953658,0.6746004015847389,4.0,0.5,4.472330113309333
prefill,15,16,source_copy,36,0.87495820145828,0.8874643443768744,0.6181617992818106,4.0,0.5,4.597466448133475
prefill,15,16,transition,36,0.962074219859843,0.9672154001911466,0.8658435800144715,4.0,0.5,4.16096436115183
prefill,16,4,domain_static,32,0.5071237052614805,0.5390606093240973,0.07220884760556923,1.0,0.125,2.053802407893899
prefill,16,4,global_static,32,0.4956673594836706,0.5241908059502074,0.07671429773072486,1.0,0.125,2.135014532181868
prefill,16,4,source_copy,32,0.13653628162112627,0.13354629036614718,0.0,1.0,0.125,7.728391148986127
prefill,16,4,transition,32,0.5652337249764093,0.6021292545326877,0.09300219416226488,1.0,0.125,1.808177680382478
prefill,16,8,domain_static,32,0.7251609267108946,0.7455773844672188,0.31508045482284797,2.0,0.25,2.8024177419732625
prefill,16,8,global_static,32,0.7137085181812659,0.7332873134196222,0.2982960614220469,2.0,0.25,2.854654959690448
prefill,16,8,source_copy,32,0.593258058156501,0.6174788047507246,0.1500545414879804,2.0,0.25,3.4594885227016743
prefill,16,8,transition,32,0.806084651014687,0.8244325736536592,0.46713315521767274,2.0,0.25,2.5003188033712656
prefill,16,16,domain_static,32,0.9190848161007918,0.928994882915688,0.7421986218619417,4.0,0.5,4.358430947896775
prefill,16,16,global_static,32,0.9094277864394351,0.9197082905769098,0.7069084524703244,4.0,0.5,4.407577783960858
prefill,16,16,source_copy,32,0.8817124668152277,0.8942911496439199,0.6348491517743131,4.0,0.5,4.551006099264518
prefill,16,16,transition,32,0.9665702440888844,0.9718238915670381,0.880905800349335,4.0,0.5,4.1400544412054865
prefill,17,4,domain_static,28,0.5298851594877659,0.5631362123749534,0.08173232289082015,1.0,0.125,1.9316782717401564
prefill,17,4,global_static,28,0.5208504728333334,0.5495487041428535,0.08704773004059968,1.0,0.125,1.979877985280222
prefill,17,4,source_copy,28,0.12726517351874142,0.12601043971501488,0.0,1.0,0.125,8.364807321272613
prefill,17,4,transition,28,0.5936639203792851,0.6304394286714481,0.108140743516423,1.0,0.125,1.696394247631716
prefill,17,8,domain_static,28,0.7463182304339617,0.7672227277039999,0.3469944041043235,2.0,0.25,2.705766083539759
prefill,17,8,global_static,28,0.7376618914853728,0.7597270711508007,0.32740095809657066,2.0,0.25,2.738048900681391
prefill,17,8,source_copy,28,0.620169401589881,0.6437811563065415,0.1664991394500709,2.0,0.25,3.2687472177257204
prefill,17,8,transition,28,0.8281325829363014,0.846755396512529,0.5105698696668651,2.0,0.25,2.4202132391850526
prefill,17,16,domain_static,28,0.9250662621031305,0.9346973569259667,0.7599815615497538,4.0,0.5,4.3291481636167894
prefill,17,16,global_static,28,0.916934892059522,0.9254800877887164,0.7321105380950956,4.0,0.5,4.369311576811178
prefill,17,16,source_copy,28,0.8950452632202152,0.9076568120432749,0.6687564876871163,4.0,0.5,4.477717804149643
prefill,17,16,transition,28,0.9709243569223324,0.9749868392446503,0.8961240063913976,4.0,0.5,4.120552411967509
prefill,18,4,domain_static,24,0.5357291172089734,0.5683742443840122,0.09231986261438668,1.0,0.125,1.9162759189232215
prefill,18,4,global_static,24,0.5253635940011798,0.5530322839726945,0.09907195446758824,1.0,0.125,1.9718250166527842
prefill,18,4,source_copy,24,0.127272422340658,0.1291529203565509,0.0,1.0,0.125,8.382376778159577
prefill,18,4,transition,24,0.5922678939585868,0.6284939016631373,0.12338546994661759,1.0,0.125,1.7035373306392376
prefill,18,8,domain_static,24,0.7454999975241953,0.766422879615959,0.34837004271427746,2.0,0.25,2.7128207220217475
prefill,18,8,global_static,24,0.73773536466211,0.7598916381525367,0.3325248703924464,2.0,0.25,2.741608795552504
prefill,18,8,source_copy,24,0.6185903660122477,0.6410714298918087,0.18154622367560874,2.0,0.25,3.3241046946606496
prefill,18,8,transition,24,0.8304819782810932,0.8473710028210191,0.5222399827450229,2.0,0.25,2.414977463167218
prefill,18,16,domain_static,24,0.9233430846005183,0.9326081396440238,0.7570458644499334,4.0,0.5,4.337548007342066
prefill,18,16,global_static,24,0.9166653156409444,0.9250851365026769,0.7334489847202478,4.0,0.5,4.370672482618865
prefill,18,16,source_copy,24,0.8937046990553832,0.9049060775093901,0.6676265625325275,4.0,0.5,4.4856761319429275
prefill,18,16,transition,24,0.9714921881622113,0.9755249126318712,0.8984746114329099,4.0,0.5,4.118092183675771
prefill,19,4,domain_static,20,0.5524172959950896,0.5826787331357942,0.10980969745444052,1.0,0.125,1.8541950398988418
prefill,19,4,global_static,20,0.5432857714422555,0.5673717805566083,0.11742662589404035,1.0,0.125,1.8985240439926787
prefill,19,4,source_copy,20,0.1334136540788458,0.12875447140440802,3.3444816053511705e-05,1.0,0.125,7.759771538989489
prefill,19,4,transition,20,0.6012928780077804,0.6366626601648678,0.13840598859292036,1.0,0.125,1.6822311814083624
prefill,19,8,domain_static,20,0.7647233814511851,0.7822630540106912,0.39326794435237133,2.0,0.25,2.6388785408626987
prefill,19,8,global_static,20,0.7566237545307476,0.7756710976160518,0.37934783351909207,2.0,0.25,2.66717178154481
prefill,19,8,source_copy,20,0.6369149293037502,0.6554369674200983,0.21387355489967896,2.0,0.25,3.200363411567768
prefill,19,8,transition,20,0.83807296023772,0.8532601621390301,0.5495320507538228,2.0,0.25,2.3943960230646626
prefill,19,16,domain_static,20,0.9343086056536463,0.9409547178750479,0.7964925935780609,4.0,0.5,4.283693202980278
prefill,19,16,global_static,20,0.9280755252313915,0.9331836230425107,0.7769136566652584,4.0,0.5,4.313780938451606
prefill,19,16,source_copy,20,0.9076890216805298,0.9155575543843382,0.7191172764192542,4.0,0.5,4.412112164151951
prefill,19,16,transition,20,0.9750934489271652,0.9777836721875739,0.9113603762801825,4.0,0.5,4.103222543773361
prefill,20,4,domain_static,16,0.5848873074480772,0.618333998869456,0.13581748621873363,1.0,0.125,1.7243237188871448
prefill,20,4,global_static,16,0.5796259077948698,0.6073200735927696,0.1462888830208584,1.0,0.125,1.7413282256813478
prefill,20,4,source_copy,16,0.11977478892659163,0.11464848542214914,7.208702781882762e-05,1.0,0.125,9.117835252731197
prefill,20,4,transition,16,0.6211489936795316,0.6557344772633561,0.16764959532328863,1.0,0.125,1.618630486104488
prefill,20,8,domain_static,16,0.7920973193035461,0.8096070484676612,0.45861709937401884,2.0,0.25,2.532763513514061
prefill,20,8,global_static,16,0.7837356962697214,0.7999705289563237,0.448939917065841,2.0,0.25,2.5599692889513683
prefill,20,8,source_copy,16,0.6608261824324949,0.6826940883245027,0.23455351785988943,2.0,0.25,3.0498501039458503
prefill,20,8,transition,16,0.8533920005332241,0.8649231347698961,0.6053365746745583,2.0,0.25,2.345642854779014
prefill,20,16,domain_static,16,0.9411418165005296,0.9458512155979112,0.8258253363201346,4.0,0.5,4.251650928467425
prefill,20,16,global_static,16,0.9368304642169395,0.9389605578372655,0.8116847857393811,4.0,0.5,4.271258223432781
prefill,20,16,source_copy,16,0.9160183642292548,0.9228149425882296,0.746633329917041,4.0,0.5,4.369477293840497
prefill,20,16,transition,16,0.9819075359383624,0.9835631787362988,0.934013354680487,4.0,0.5,4.073995719693657
prefill,21,4,domain_static,12,0.5897304947399327,0.626653372106208,0.1532702443702763,1.0,0.125,1.7146127008409164
prefill,21,4,global_static,12,0.5841065857879181,0.6164430548309161,0.15498868803790444,1.0,0.125,1.7330147056999672
prefill,21,4,source_copy,12,0.10779544109141144,0.1023696818763962,0.0,1.0,0.125,9.819972817455529
prefill,21,4,transition,12,0.6305641270007045,0.6688191217239468,0.18953477145310957,1.0,0.125,1.5941738465199893
prefill,21,8,domain_static,12,0.80721881485571,0.8242406832562504,0.5012297119104716,2.0,0.25,2.483854219202437
prefill,21,8,global_static,12,0.7979718358008094,0.8129066955197999,0.5070686712374685,2.0,0.25,2.513370310647066
prefill,21,8,source_copy,12,0.6672103566223477,0.6938884436367042,0.2515054825690478,2.0,0.25,3.0310802739669054
prefill,21,8,transition,12,0.8537340451151854,0.8649610657986373,0.6108283578303636,2.0,0.25,2.3448034790337275
prefill,21,16,domain_static,12,0.9472501032282259,0.9509014308024655,0.8419984431258379,4.0,0.5,4.223478082904078
prefill,21,16,global_static,12,0.9425557332589974,0.9446689829675678,0.8242121313454313,4.0,0.5,4.244511323873963
prefill,21,16,source_copy,12,0.9241548496925223,0.929020649879205,0.7685710287364678,4.0,0.5,4.3299905663016265
prefill,21,16,transition,12,0.9816724238053989,0.9823976883703723,0.9312099795376687,4.0,0.5,4.074746892846148
prefill,22,4,domain_static,8,0.5636571883490893,0.5956120108590564,0.10636712697659467,1.0,0.125,1.7899435926937262
prefill,22,4,global_static,8,0.5552213249210676,0.5802965349461182,0.10894479247803686,1.0,0.125,1.8175465999823024
prefill,22,4,source_copy,8,0.13117455340656425,0.135329744505082,0.0,1.0,0.125,7.879072303194395
prefill,22,4,transition,8,0.6050613455312359,0.6371967026865255,0.14254634335423053,1.0,0.125,1.6596641914831256
prefill,22,8,domain_static,8,0.8019497818410327,0.8120981230774382,0.5070089209738036,2.0,0.25,2.5020361025549045
prefill,22,8,global_static,8,0.7907323761306355,0.79657207646856,0.5208196314380071,2.0,0.25,2.538507724545159
prefill,22,8,source_copy,8,0.6543476607486948,0.6752064586363729,0.23685523300481182,2.0,0.25,3.0661003408736955
prefill,22,8,transition,8,0.8540284626042742,0.8598619920795436,0.633059008690268,2.0,0.25,2.3446236597863432
prefill,22,16,domain_static,8,0.9482177010654955,0.9498565121095477,0.8443830874352147,4.0,0.5,4.219225220182636
prefill,22,16,global_static,8,0.9446070208420962,0.945216078361283,0.831853931762299,4.0,0.5,4.235167446754602
prefill,22,16,source_copy,8,0.9312298114501493,0.9335487981591898,0.7888341696519321,4.0,0.5,4.296363509815783
prefill,22,16,transition,8,0.9845010863199428,0.9861589985644944,0.9429980124109517,4.0,0.5,4.063027860825982
prefill,23,4,domain_static,4,0.6023735046171209,0.6099779950947888,0.15518931601649888,1.0,0.125,1.6668921990767755
prefill,23,4,global_static,4,0.595202354295261,0.5930312147854777,0.19581875645393257,1.0,0.125,1.6912595987528865
prefill,23,4,source_copy,4,0.12588614607875045,0.12348004327843237,0.0,1.0,0.125,7.958922174949873
prefill,23,4,transition,4,0.6222679231791596,0.6261365243564896,0.21135136906513224,1.0,0.125,1.6131757471378543
prefill,23,8,domain_static,4,0.8354625023447216,0.8376743475002322,0.5721104569077725,2.0,0.25,2.396035081700594
prefill,23,8,global_static,4,0.8221391553993355,0.818045442107759,0.6093737511324213,2.0,0.25,2.435894989846638
prefill,23,8,source_copy,4,0.6918492747844376,0.6899663107049033,0.3076630938175453,2.0,0.25,2.898511043849719
prefill,23,8,transition,4,0.871660186816902,0.8717746069051299,0.6748573533324354,2.0,0.25,2.2953568989495348
prefill,23,16,domain_static,4,0.9567737410143822,0.9570477206630009,0.867411110925759,4.0,0.5,4.181134068327607
prefill,23,16,global_static,4,0.9519868801448583,0.9515085032381441,0.8541529208669383,4.0,0.5,4.202110195779278
prefill,23,16,source_copy,4,0.9347343843648468,0.935046680312354,0.8145152792793817,4.0,0.5,4.279538557650748
prefill,23,16,transition,4,0.9843458763027005,0.9850446651352964,0.9424724631775128,4.0,0.5,4.06374695432273
