phase,source_layer,target_layer,delta,marginal_entropy_nats,conditional_entropy_nats,entropy_reduction_nats,normalized_entropy_reduction,train_transition_observations
prefill,0,1,1,4.06616763514066,3.9386509988788623,0.12751663626179788,0.03136039821865011,668672
prefill,0,2,2,4.067903492105293,3.9604102835016355,0.1074932086036573,0.026424719468461512,668672
prefill,0,3,3,4.047137343517592,3.9179965936568153,0.12914074986077706,0.031909159215371144,668672
prefill,0,4,4,4.014985661181162,3.894958941482023,0.1200267196991387,0.029894682030776727,668672
prefill,0,5,5,4.017320331755117,3.89757659892343,0.11974373283168749,0.02980686700165952,668672
prefill,0,6,6,3.9674635697658265,3.844435944855703,0.12302762491012365,0.031009137890429368,668672
prefill,0,7,7,3.9945496653073462,3.8697650558509213,0.12478460945642489,0.03123871773085685,668672
prefill,0,8,8,4.005148765650882,3.865718924553404,0.13942984109747858,0.03481264973058239,668672
prefill,0,9,9,4.03258241929527,3.8899923261737426,0.1425900931215276,0.03535949877657962,668672
prefill,0,10,10,4.06487398573923,3.9270762748210446,0.1377977109181856,0.033899626753897016,668672
prefill,0,11,11,4.0116989858946726,3.886632953447137,0.12506603244753567,0.031175328180721905,668672
prefill,0,12,12,4.024639294735418,3.9051391072339183,0.1195001875014996,0.029692148475968107,668672
prefill,0,13,13,4.03029556636249,3.929419001871416,0.10087656449107385,0.025029569873983006,668672
prefill,0,14,14,4.0505730224093695,3.9395170475588603,0.11105597485050911,0.027417349159267985,668672
prefill,0,15,15,4.050842714403586,3.9539404354866026,0.09690227891698378,0.0239215110901315,668672
prefill,1,2,1,4.067903492105293,3.911218858458649,0.15668463364664387,0.038517293724083336,668672
prefill,1,3,2,4.047137343517592,3.8753849752245015,0.17175236829309082,0.042437988562011905,668672
prefill,1,4,3,4.014985661181162,3.8511855174382545,0.16380014374290708,0.04079719270895702,668672
prefill,1,5,4,4.017320331755117,3.8562518969845883,0.16106843477052912,0.04009350051011748,668672
prefill,1,6,5,3.9674635697658265,3.802680016107898,0.1647835536579283,0.04153372822718934,668672
prefill,1,7,6,3.9945496653073462,3.8204243501907125,0.17412531511663376,0.04359072478905737,668672
prefill,1,8,7,4.005148765650882,3.815782452277703,0.18936631337317955,0.047280719007800794,668672
prefill,1,9,8,4.03258241929527,3.830027883349894,0.2025545359453762,0.05022948445546574,668672
prefill,1,10,9,4.06487398573923,3.8561841621223776,0.20868982361685262,0.0513398015163564,668672
prefill,1,11,10,4.0116989858946726,3.829210533160779,0.1824884527338937,0.045489069188773115,668672
prefill,1,12,11,4.024639294735418,3.8528642198913565,0.1717750748440614,0.042680862125646465,668672
prefill,1,13,12,4.03029556636249,3.888374400462224,0.14192116590026593,0.03521358758021703,668672
prefill,1,14,13,4.0505730224093695,3.8942224402574324,0.1563505821519371,0.03859962066772872,668672
prefill,1,15,14,4.050842714403586,3.9183488648918976,0.13249384951168874,0.03270772499770978,668672
prefill,2,3,1,4.047137343517592,3.7703406783110758,0.2767966652065166,0.06839319788587585,668672
prefill,2,4,2,4.014985661181162,3.752377762271389,0.26260789890977243,0.06540693319251265,668672
prefill,2,5,3,4.017320331755117,3.760591320008578,0.2567290117465393,0.06390553666263839,668672
prefill,2,6,4,3.9674635697658265,3.7070486923350403,0.2604148774307862,0.06563762284177868,668672
prefill,2,7,5,3.9945496653073462,3.7214859309773054,0.27306373433004083,0.06835907854685064,668672
prefill,2,8,6,4.005148765650882,3.7234512749329896,0.28169749071789285,0.07033383956516127,668672
prefill,2,9,7,4.03258241929527,3.725148863723045,0.3074335555722252,0.07623738924744704,668672
prefill,2,10,8,4.06487398573923,3.7586763050088616,0.30619768073036857,0.0753277178590529,668672
prefill,2,11,9,4.0116989858946726,3.7387756466105433,0.27292333928412926,0.06803185888167106,668672
prefill,2,12,10,4.024639294735418,3.768254574601019,0.25638472013439895,0.06370377600541065,668672
prefill,2,13,11,4.03029556636249,3.818569095351581,0.21172647101090902,0.052533732954479315,668672
prefill,2,14,12,4.0505730224093695,3.813176953569432,0.23739606883993725,0.05860802101988248,668672
prefill,2,15,13,4.050842714403586,3.850025136384469,0.20081757801911726,0.049574271868189294,668672
prefill,3,4,1,4.014985661181162,3.6794597116335943,0.3355259495475673,0.08356840543456873,668672
prefill,3,5,2,4.017320331755117,3.684973381629941,0.33234695012517657,0.08272851619476865,668672
prefill,3,6,3,3.9674635697658265,3.6280510300308157,0.33941253973501073,0.08554899969882875,668672
prefill,3,7,4,3.9945496653073462,3.6402699477488607,0.35427971755848553,0.08869077799567845,668672
prefill,3,8,5,4.005148765650882,3.626833383768701,0.3783153818821816,0.09445726089545167,668672
prefill,3,9,6,4.03258241929527,3.631375445019439,0.4012069742758313,0.0994913265395691,668672
prefill,3,10,7,4.06487398573923,3.66998144265585,0.39489254308338007,0.09714754860022203,668672
prefill,3,11,8,4.0116989858946726,3.670387927119634,0.34131105877503876,0.08507893039211191,668672
prefill,3,12,9,4.024639294735418,3.7035272962677035,0.32111199846771443,0.07978652866798701,668672
prefill,3,13,10,4.03029556636249,3.768927184697115,0.2613683816653749,0.06485092156684448,668672
prefill,3,14,11,4.0505730224093695,3.7574696634476275,0.293103358961742,0.07236096160720433,668672
prefill,3,15,12,4.050842714403586,3.805248372606932,0.24559434179665418,0.06062796289853321,668672
prefill,4,5,1,4.017320331755117,3.6680186246056508,0.3493017071494666,0.08694893070597162,668672
prefill,4,6,2,3.9674635697658265,3.6166773473069194,0.3507862224589071,0.08841573874353476,668672
prefill,4,7,3,3.9945496653073462,3.6351094941194924,0.3594401711878539,0.08998265168902288,668672
prefill,4,8,4,4.005148765650882,3.628543553135691,0.3766052125151913,0.09403026817506706,668672
prefill,4,9,5,4.03258241929527,3.6382373902724794,0.3943450290227908,0.09778970099554868,668672
prefill,4,10,6,4.06487398573923,3.6876750663383437,0.37719891940088646,0.09279473871126408,668672
prefill,4,11,7,4.0116989858946726,3.673920387680394,0.3377785982142787,0.0841983906075517,668672
prefill,4,12,8,4.024639294735418,3.706630638310128,0.31800865642528997,0.07901544290969709,668672
prefill,4,13,9,4.03029556636249,3.7625709196498645,0.2677246467126255,0.06642804288278495,668672
prefill,4,14,10,4.0505730224093695,3.7618960508665027,0.28867697154286676,0.07126818105630778,668672
prefill,4,15,11,4.050842714403586,3.8037534969715305,0.2470892174320558,0.06099699120715805,668672
prefill,5,6,1,3.9674635697658265,3.5802602237864902,0.38720334597933626,0.097594682136474,668672
prefill,5,7,2,3.9945496653073462,3.599364944886801,0.3951847204205454,0.09893098184576943,668672
prefill,5,8,3,4.005148765650882,3.5975134967501803,0.4076352689007021,0.10177780970252093,668672
prefill,5,9,4,4.03258241929527,3.6158799903239514,0.4167024289713188,0.10333389020828526,668672
prefill,5,10,5,4.06487398573923,3.6701420839496754,0.39473190178955475,0.0971080292216659,668672
prefill,5,11,6,4.0116989858946726,3.6511821906671873,0.36051679522748525,0.08986636248010624,668672
prefill,5,12,7,4.024639294735418,3.6821161255329113,0.3425231692025066,0.08510655095241877,668672
prefill,5,13,8,4.03029556636249,3.745972121030451,0.2843234453320389,0.07054654941564316,668672
prefill,5,14,9,4.0505730224093695,3.7357547539368943,0.3148182684724752,0.07772190915477296,668672
prefill,5,15,10,4.050842714403586,3.7836570525447075,0.2671856618588788,0.06595804396671498,668672
prefill,6,7,1,3.9945496653073462,3.580058685385971,0.4144909799213754,0.10376413229286609,668672
prefill,6,8,2,4.005148765650882,3.5742995807392597,0.4308491849116227,0.10757382812011598,668672
prefill,6,9,3,4.03258241929527,3.594066026617772,0.438516392677498,0.10874331807312017,668672
prefill,6,10,4,4.06487398573923,3.645172450298941,0.4197015354402893,0.10325081095077618,668672
prefill,6,11,5,4.0116989858946726,3.635550602851512,0.37614838304316045,0.09376286315740945,668672
prefill,6,12,6,4.024639294735418,3.6701005495014267,0.3545387452339912,0.08809205478308554,668672
prefill,6,13,7,4.03029556636249,3.7324917692576,0.29780379710489013,0.0738913045461007,668672
prefill,6,14,8,4.0505730224093695,3.7221497506925405,0.32842327171682895,0.08108069399066792,668672
prefill,6,15,9,4.050842714403586,3.76992177538708,0.2809209390165064,0.06934876489221255,668672
prefill,7,8,1,4.005148765650882,3.5307531376759353,0.47439562797494705,0.11844644374847643,668672
prefill,7,9,2,4.03258241929527,3.5395554395142286,0.4930269797810416,0.12226085632422176,668672
prefill,7,10,3,4.06487398573923,3.5913954713477887,0.4734785143914415,0.11648049018310111,668672
prefill,7,11,4,4.0116989858946726,3.5893084933793804,0.42239049251529215,0.10528967751579506,668672
prefill,7,12,5,4.024639294735418,3.629742200679271,0.39489709405614715,0.09811987240016945,668672
prefill,7,13,6,4.03029556636249,3.704508608746194,0.32578695761629595,0.08083450760667965,668672
prefill,7,14,7,4.0505730224093695,3.6873326854300195,0.36324033697935,0.08967628406394873,668672
prefill,7,15,8,4.050842714403586,3.7464466960166587,0.30439601838692765,0.07514387495337362,668672
prefill,8,9,1,4.03258241929527,3.4664417159831733,0.5661407033120969,0.1403916013230636,668672
prefill,8,10,2,4.06487398573923,3.5209984388709428,0.5438755468682874,0.13379887021746856,668672
prefill,8,11,3,4.0116989858946726,3.5372464595377506,0.4744525263569219,0.11826722992555522,668672
prefill,8,12,4,4.024639294735418,3.5852421929545284,0.43939710178088953,0.10917676581741365,668672
prefill,8,13,5,4.03029556636249,3.670966316868692,0.35932924949379785,0.08915704656820182,668672
prefill,8,14,6,4.0505730224093695,3.651610948814396,0.39896207359497327,0.09849521817968902,668672
prefill,8,15,7,4.050842714403586,3.7250990388157468,0.32574367558783957,0.08041380486820493,668672
prefill,9,10,1,4.06487398573923,3.435391431793044,0.6294825539461861,0.15485905741594833,668672
prefill,9,11,2,4.0116989858946726,3.4671570373381555,0.544541948556517,0.1357384864794574,668672
prefill,9,12,3,4.024639294735418,3.519481114658653,0.5051581800767648,0.12551638621069872,668672
prefill,9,13,4,4.03029556636249,3.6098780089143077,0.4204175574481823,0.10431432398086543,668672
prefill,9,14,5,4.0505730224093695,3.585702239149074,0.46487078326029563,0.11476667145326029,668672
prefill,9,15,6,4.050842714403586,3.668431119101288,0.3824115953022984,0.09440297297709364,668672
prefill,10,11,1,4.0116989858946726,3.41982120963304,0.5918777762616325,0.14753793301608703,668672
prefill,10,12,2,4.024639294735418,3.4601801611468597,0.5644591335885583,0.14025086281071708,668672
prefill,10,13,3,4.03029556636249,3.5604909207074193,0.46980464565507063,0.11656828585380624,668672
prefill,10,14,4,4.0505730224093695,3.526791195202563,0.5237818272068067,0.12931055046015436,668672
prefill,10,15,5,4.050842714403586,3.6109575205690674,0.43988519383451896,0.10859103274250038,668672
prefill,11,12,1,4.024639294735418,3.484102292150766,0.5405370025846521,0.13430694355435083,668672
prefill,11,13,2,4.03029556636249,3.5654964596056273,0.46479910675686265,0.11532630773686985,668672
prefill,11,14,3,4.0505730224093695,3.54712687648498,0.5034461459243893,0.12429010491580486,668672
prefill,11,15,4,4.050842714403586,3.6339153857970596,0.4169273286065267,0.10292360330951822,668672
prefill,12,13,1,4.03029556636249,3.535630068781743,0.4946654975807472,0.12273677933432645,668672
prefill,12,14,2,4.0505730224093695,3.516264586686731,0.5343084357226386,0.13190934536092386,668672
prefill,12,15,3,4.050842714403586,3.5909657917109183,0.459876922692668,0.11352623518496116,668672
prefill,13,14,1,4.0505730224093695,3.5421654880633895,0.50840753434598,0.12551496579206664,668672
prefill,13,15,2,4.050842714403586,3.599992674099765,0.45085004030382114,0.11129783901525801,668672
prefill,14,15,1,4.050842714403586,3.5407354678816296,0.5101072465219567,0.12592620412245772,668672
