phase,domain,layer_id,num_experts,n_tokens,n_selections,entropy,normalized_entropy,gini,max_to_median,utilization_variance,top_1_coverage,top_2_coverage,top_4_coverage,top_8_coverage,top_16_coverage
prefill,__all__,0,64,13918,111344,4.071565390824669,0.9790045329996475,0.20243990470972842,4.194048357098574,713428.4375,0.06075765196148872,0.09842470182497486,0.15270692628251187,0.23648333093835322,0.3832806437706567
prefill,__all__,1,64,13918,111344,4.0686062360924575,0.9782930066900833,0.23058859255999425,2.7093807480073573,601346.28125,0.03968781434114097,0.07673516309814629,0.14326771087799972,0.23701322029027158,0.3927288403506251
prefill,__all__,2,64,13918,111344,4.072788752848234,0.9792986893870822,0.2202577148297169,3.0423605024832017,567822.46875,0.04676498060066101,0.0762052737462279,0.13325370024428798,0.22996299755712027,0.38391830722805
prefill,__all__,3,64,13918,111344,4.0498339245287704,0.9737792198902577,0.259728858312976,2.5476042314872434,672324.46875,0.03676893231786176,0.071786535421756,0.13558880586291133,0.2380640178186521,0.412146141687024
prefill,__all__,4,64,13918,111344,4.023832050170151,0.967527090691758,0.28792638130478515,3.558537403555854,921305.4375,0.04763615461991665,0.09115893088087369,0.1543415002155482,0.2641902572208651,0.43820053168558704
prefill,__all__,5,64,13918,111344,4.0246933045422155,0.9677341785936783,0.2828040240156632,3.598510704312752,939632.21875,0.052081836470757294,0.0944909469751401,0.16422079321741628,0.26135220577669205,0.42602205776692054
prefill,__all__,6,64,13918,111344,3.9787501125142946,0.9566871760434631,0.3271454905518034,4.11085141903172,1223085.15625,0.0552881161086363,0.09548785745078316,0.16924127029745653,0.29422330794654405,0.46474888633424344
prefill,__all__,7,64,13918,111344,4.005551370960386,0.9631315164850895,0.3040560111007329,3.547361729179911,1006451.9375,0.05011495904583992,0.09601774680270153,0.15539229774392874,0.26124443167121714,0.44044582554964795
prefill,__all__,8,64,13918,111344,4.013350378774788,0.9650067814680384,0.2958898773171433,3.6138147566718994,951324.875,0.05168666475068257,0.09168882023279207,0.15248239689610577,0.25978948124730566,0.4324435982181348
prefill,__all__,9,64,13918,111344,4.041503049659424,0.9717760679135455,0.25333678734372755,3.804665629860031,820865.46875,0.05492886909038655,0.09608959620635149,0.1553473918666475,0.24781757436413276,0.40705381520333384
prefill,__all__,10,64,13918,111344,4.073903276221088,0.9795666756109109,0.22813476702830868,3.021222679759265,561919.9375,0.04283122575082627,0.07643878430809024,0.13009232648369018,0.22946903290702686,0.3921540451214255
prefill,__all__,11,64,13918,111344,4.023125723950172,0.9673572551359557,0.2838626800725679,3.3998057623826483,958726.3125,0.04716015232073574,0.09040451214254921,0.16565778129041528,0.27534487713751976,0.43715871533266276
prefill,__all__,12,64,13918,111344,4.033144504772751,0.9697662627040371,0.2785334750862193,3.123809523809524,837327.09375,0.0427144704698951,0.08330938353211668,0.1530661733007616,0.2551013076591464,0.4277913493318005
prefill,__all__,13,64,13918,111344,4.039145188767898,0.9712091222109938,0.2748829079249892,3.1957708049113234,790608.3125,0.0420768070125018,0.07589991378071562,0.14066316999568904,0.2531074867078603,0.4349403649949705
prefill,__all__,14,64,13918,111344,4.055872796137181,0.9752312615772608,0.24793152302773386,2.4581196581196583,639069.09375,0.03874479091823538,0.07527123149877855,0.1355169564592614,0.23334890070412415,0.39776727978157783
prefill,__all__,15,64,13918,111344,4.05166836599824,0.9742203098253918,0.25409373203764907,3.157282741738066,728531.1875,0.04633388417876132,0.08305791061934185,0.14617761172582266,0.2516076304066676,0.41325082626814197
prefill,code,0,64,4426,35408,3.9269232497658435,0.9442254497314592,0.3460526222887483,7.254947613504075,204536.46875,0.08800271125169454,0.1464075915047447,0.21509263443289653,0.32275192046995027,0.49056710347943966
prefill,code,1,64,4426,35408,3.824105720091805,0.9195030597019277,0.40793305891323994,8.669833729216151,327284.0625,0.1030840488025305,0.16499096249435155,0.2864606868504293,0.384037505648441,0.5400756891098057
prefill,code,2,64,4426,35408,3.686989375994563,0.8865335480929417,0.5102854580885675,12.182344428364688,437646.3125,0.11887144148215092,0.18916629010393132,0.2906122910076819,0.43608788974243107,0.6207919114324446
prefill,code,3,64,4426,35408,3.710517985047602,0.8921909826929141,0.5063368447808405,8.37190082644628,353067.03125,0.0858280614550384,0.1668831902394939,0.2710122006326254,0.40649005874378674,0.5988477180298237
prefill,code,4,64,4426,35408,3.4942987702459827,0.8402012512030471,0.6048712508472661,12.922178988326849,586260.59375,0.09379236330772707,0.18501468594667872,0.3445549028468143,0.5106473113420696,0.6976389516493448
prefill,code,5,64,4426,35408,3.4249511149923118,0.8235266648144224,0.6266283396407591,15.658715596330275,703820.90625,0.12050948938093087,0.22582467239042026,0.37581902394939,0.5175666516041573,0.7167871667419792
prefill,code,6,64,4426,35408,3.3888017451084083,0.814834578703961,0.6503526745368279,15.403041825095057,646920.9375,0.11440917306823317,0.21272028920018074,0.3470402169001356,0.529343651152282,0.7413296430185269
prefill,code,7,64,4426,35408,3.444205098843831,0.8281562693177462,0.6294366739154993,15.74436090225564,610519.96875,0.11827835517397198,0.2094159511974695,0.3463341617713511,0.4966109353818346,0.7191877541798464
prefill,code,8,64,4426,35408,3.5674984053156598,0.857802042954698,0.5677742318120199,10.823855755894591,535636.0625,0.11020108450067781,0.22000677812923633,0.31944758246723903,0.45549028468142794,0.6597379123361952
prefill,code,9,64,4426,35408,3.5676372604485467,0.8578354305566344,0.5682596447130592,14.0,554453.0625,0.11624491640307275,0.21687189335743334,0.3394430637144148,0.47359353818346134,0.669424988703118
prefill,code,10,64,4426,35408,3.710361615948138,0.89215338387219,0.49688717945097155,11.854166666666666,389119.21875,0.11248870311793945,0.1690860822413014,0.2616640307275192,0.4106134206958879,0.6227406235878897
prefill,code,11,64,4426,35408,3.493848726371126,0.8400930385253075,0.5972299692159964,15.643263757115749,633804.125,0.11641436963398102,0.21464075915047448,0.3581394035246272,0.5087268413917758,0.7070436059647537
prefill,code,12,64,4426,35408,3.509422215113534,0.8438376710216428,0.5997108704247628,16.053388090349078,544712.625,0.11039877993673745,0.19272480795300498,0.31244351558969724,0.4868956168097605,0.7215600994125622
prefill,code,13,64,4426,35408,3.434520909404327,0.8258277139711793,0.629589358337099,15.454545454545455,643983.71875,0.10802643470402169,0.198401491188432,0.34624943515589696,0.5504123361952101,0.7433913239945775
prefill,code,14,64,4426,35408,3.525959522718956,0.8478140529669758,0.585572999039765,11.95364238410596,569757.1875,0.10195436059647538,0.19941821057388162,0.3372684139177587,0.4782252598282874,0.7056032535020335
prefill,code,15,64,4426,35408,3.5382855636628237,0.8507778393242278,0.5854176669114325,12.751341681574239,549426.71875,0.10065521915951198,0.19156687754179846,0.33851107094441935,0.49192272932670583,0.6898441030275644
prefill,conversation,0,64,1903,15224,4.039216175037629,0.9712261908008792,0.22421218142406726,6.049019607843137,21670.984375,0.08105622700998423,0.1214529689963216,0.16710457172884918,0.2505911718339464,0.3983841303205465
prefill,conversation,1,64,1903,15224,4.082730164529173,0.9816890936090034,0.21590498554913296,1.870563674321503,8063.015625,0.029427220178665267,0.054584866001050975,0.1045717288491855,0.1994219653179191,0.36987651077246453
prefill,conversation,2,64,1903,15224,4.08172211739193,0.9814467095080229,0.21412941736731478,2.054054054054054,8366.578125,0.032448765107724646,0.06141618497109826,0.11514713610089333,0.21019442984760903,0.372044140830268
prefill,conversation,3,64,1903,15224,4.03663126138213,0.9706046504488934,0.26830169469259063,2.6681614349775784,13028.734375,0.039083026799789804,0.07212296374146085,0.1270362585391487,0.22464529689963217,0.4027850761954808
prefill,conversation,4,64,1903,15224,4.053947572905075,0.9747683432423337,0.2526335884130321,2.4755555555555557,11827.296875,0.03658696794534945,0.07041513399894903,0.1282186022070415,0.2331844456121913,0.40659485023646874
prefill,conversation,5,64,1903,15224,4.066153197847771,0.97770317567163,0.24076909813452443,2.878504672897196,11119.453125,0.04046242774566474,0.07501313715186547,0.13130583289542827,0.23029427220178667,0.3995664739884393
prefill,conversation,6,64,1903,15224,4.02237276986503,0.9671762079485139,0.2799609169732002,3.7471264367816093,17040.078125,0.053533893851812925,0.09550709406200736,0.15390173410404626,0.25518917498686283,0.42472411981082503
prefill,conversation,7,64,1903,15224,4.0324589900317855,0.9696014312511626,0.27713437664214396,2.898876404494382,15157.140625,0.042367314766158695,0.08151602732527588,0.14851550183920126,0.24954019968470836,0.42137414608512874
prefill,conversation,8,64,1903,15224,4.058453758098495,0.975851851747646,0.2468532415922228,2.553376906318083,12171.515625,0.038491854965843404,0.07645822385706778,0.142209668943773,0.24251182343667893,0.4014056752496059
prefill,conversation,9,64,1903,15224,4.08211769565417,0.9815418259742258,0.2131030773778245,3.0326797385620914,9424.015625,0.04571728849185497,0.07245139253809774,0.122044140830268,0.21223068838675774,0.3747372569626905
prefill,conversation,10,64,1903,15224,4.088739250131555,0.9831339732754756,0.21038327640567525,2.1098398169336385,8056.796875,0.030281135049921176,0.05977404098791382,0.11389910667367315,0.21315028901734104,0.3845244351024698
prefill,conversation,11,64,1903,15224,4.059717852636287,0.9761558022344605,0.24556210588544403,2.7178329571106095,11565.984375,0.03954282711508145,0.07507882291119285,0.12959800315291645,0.23331581713084604,0.40409879138202837
prefill,conversation,12,64,1903,15224,4.049105213069223,0.9736040018221029,0.2626383506305833,2.631818181818182,12824.390625,0.03803205465055176,0.07330530740935365,0.1362322648449816,0.23817656332107198,0.41329479768786126
prefill,conversation,13,64,1903,15224,4.076514664070387,0.9801945816609143,0.2275559971098266,2.088495575221239,9226.109375,0.031003678402522335,0.060233841303205464,0.11724908039936942,0.21643457698370994,0.3901734104046243
prefill,conversation,14,64,1903,15224,4.089401317155442,0.9832931667441586,0.2032522661586968,1.629327902240326,7211.109375,0.02627430373095113,0.05136626379400946,0.09885706778770363,0.19193378875459802,0.36212559117183396
prefill,conversation,15,64,1903,15224,4.076774133575305,0.9802569708889156,0.22833806818181818,2.3839285714285716,9331.203125,0.035076195480819757,0.06548870204939569,0.11790593799264319,0.2129532317393589,0.3872832369942196
prefill,general,0,64,5566,44528,4.040132924130337,0.9714466223625108,0.26108151051024076,3.2036336109008325,122779.34375,0.047520661157024795,0.08794466403162056,0.1478395616241466,0.24483471074380164,0.4077883578871721
prefill,general,1,64,5566,44528,4.05497994241708,0.9750165756382226,0.2528865264552641,2.9049429657794676,105226.375,0.042894358605821054,0.07361660079051384,0.13272547610492275,0.2376482213438735,0.4091133668702839
prefill,general,2,64,5566,44528,4.055084759178265,0.9750417787418166,0.2547891214516709,2.2865583456425407,102647.5,0.03476464247215235,0.0692597915918074,0.1310411426518146,0.23531261228889688,0.4050934243621991
prefill,general,3,64,5566,44528,4.02980473376173,0.9689632175248196,0.28376527128997486,3.0377952755905513,126973.5,0.04332105641394179,0.07554796981674453,0.13344412504491557,0.23690711462450592,0.4283821415738412
prefill,general,4,64,5566,44528,3.9887488541566554,0.9590913652072237,0.31557531216313334,3.9240710823909533,187940.21875,0.0545499461013295,0.10519223859144808,0.1692418253683076,0.28074469996406753,0.45957599712540426
prefill,general,5,64,5566,44528,3.994813049024623,0.9605494958510573,0.3151191385195832,2.9329021827000807,154327.59375,0.040738411785842615,0.07539076536112109,0.14166367229608337,0.2592526051024075,0.4488860941430111
prefill,general,6,64,5566,44528,3.9630539807272998,0.9529130541284235,0.33467846074380164,3.935483870967742,195275.53125,0.05890675530003593,0.09645616241466044,0.16234728710025154,0.27519762845849804,0.45151365432985985
prefill,general,7,64,5566,44528,3.978864305460233,0.9567146336429313,0.33094064408911245,2.7309417040358746,169597.0625,0.0410303629177147,0.08024164570607259,0.14658192597915917,0.2641708587854833,0.4553539346029465
prefill,general,8,64,5566,44528,4.005044319734834,0.9630095964369929,0.3107482932087675,2.731284475965327,147280.90625,0.038919331656485805,0.07662594322673374,0.13755389867049947,0.24878727991376212,0.44185680919870646
prefill,general,9,64,5566,44528,4.035362764427078,0.9702996414044874,0.27268656800215596,2.3864150943396227,114182.28125,0.03550574919151994,0.06946191160618038,0.13113097376931368,0.23452659001077975,0.4091133668702839
prefill,general,10,64,5566,44528,4.031000766930068,0.9692508027116029,0.27800274546352854,3.6720475785896345,136547.21875,0.048531261228889684,0.08513744160977363,0.1479293927416457,0.25837675170679125,0.43543388429752067
prefill,general,11,64,5566,44528,3.999185943679752,0.9616009547566047,0.30970821730147324,3.2845786963434023,165736.09375,0.04639777218828602,0.08805695292849443,0.1642786561264822,0.2707285303629177,0.4473589651455264
prefill,general,12,64,5566,44528,3.9939817400829605,0.9603496083031268,0.3035463640855192,4.486133768352365,191260.28125,0.06175889328063241,0.11374865253323752,0.17245328781890046,0.2707509881422925,0.4416546891843334
prefill,general,13,64,5566,44528,3.993964774883213,0.9603455290348696,0.319266809647862,3.039087947882736,165326.5625,0.04190621631333094,0.08190352137980597,0.1546218109953288,0.2706611570247934,0.45407384117858424
prefill,general,14,64,5566,44528,3.9689029433826604,0.9543194323646291,0.3374246260779734,3.3076923076923075,188974.5,0.04635285662953647,0.09135824649658641,0.16641214516708588,0.2778701042040963,0.4607438016528926
prefill,general,15,64,5566,44528,3.956607194200665,0.9513629296364826,0.3521442968469278,3.4361158432708687,203752.90625,0.04529734099892203,0.08960653970535394,0.16614265181458857,0.2870777937477542,0.47509432267337404
prefill,math,0,64,2023,16184,3.932602290746762,0.9455909704414885,0.3172365453534355,7.457399103139013,44758.640625,0.1027558082056352,0.14285714285714285,0.20674740484429066,0.29634206623826,0.45439940682155217
prefill,math,1,64,2023,16184,4.013357041263793,0.965008383458013,0.2950444883835887,3.181236673773987,19244.140625,0.046094908551655954,0.08879139891250618,0.1485417696490361,0.2515447355412753,0.4300543746910529
prefill,math,2,64,2023,16184,3.9952153910373767,0.9606462386554807,0.30779434935739003,3.9447983014861996,23797.921875,0.0574023727137914,0.10114928324270885,0.17263964409293128,0.2749011369253584,0.4437716262975779
prefill,math,3,64,2023,16184,3.9192469087881783,0.9423796798880175,0.3715842035343549,5.104417670682731,36205.546875,0.07853435491843797,0.11474295600593179,0.17906574394463667,0.2882476520019773,0.47806475531389026
prefill,math,4,64,2023,16184,3.8505501559208137,0.9258616024401972,0.41649738939693526,6.072398190045249,45705.265625,0.08292140385565991,0.13080820563519527,0.2047083539298072,0.3272985664854177,0.5189075630252101
prefill,math,5,64,2023,16184,3.8154237675405347,0.9174154913867691,0.44000054065743943,6.334975369458128,54787.828125,0.07946119624320316,0.1421774592189817,0.24363568956994563,0.3652990608007909,0.5412135442412259
prefill,math,6,64,2023,16184,3.743337137702132,0.9000823208230588,0.4774835485664854,7.348484848484849,68269.203125,0.08990360850222442,0.15873702422145328,0.2680425111220959,0.3961937716262976,0.5631487889273357
prefill,math,7,64,2023,16184,3.866353465191084,0.9296614950925062,0.41371879634206626,4.758465011286682,39584.265625,0.06512605042016807,0.11548442906574395,0.19099110232328226,0.3175358378645576,0.5192165101334651
prefill,math,8,64,2023,16184,3.8515944325635463,0.9261126978958283,0.4109189631735047,6.8018433179723505,51079.984375,0.0912011863568957,0.14971576866040534,0.22188581314878894,0.33866782006920415,0.5156945130993574
prefill,math,9,64,2023,16184,3.920429723350517,0.9426640866719137,0.3520896410034602,6.468817204301075,40388.953125,0.09293129016312407,0.12419673751853683,0.18493573900148294,0.29102817597627284,0.4627409787444389
prefill,math,10,64,2023,16184,3.9937510262060236,0.9602941333421066,0.3110189847998023,3.498956158663883,20982.578125,0.051779535343549184,0.08372466633712308,0.14384577360355907,0.2520390509144834,0.4383959466139397
prefill,math,11,64,2023,16184,3.8857067506428784,0.9343149765835416,0.3916406636183885,5.919239904988124,44990.703125,0.07698961937716263,0.14273356401384082,0.22046465645081562,0.33088235294117646,0.509083044982699
prefill,math,12,64,2023,16184,3.8732375249865623,0.931316761580526,0.40205990484429066,6.3160493827160495,45573.953125,0.07902867029164606,0.13871725160652496,0.21465645081562038,0.3409540286702916,0.5178571428571429
prefill,math,13,64,2023,16184,3.889421385022236,0.935208157349844,0.3965799555116164,5.024390243902439,39947.265625,0.07000741473059813,0.12926347009391992,0.19698467622343055,0.3138902619871478,0.5017301038062284
prefill,math,14,64,2023,16184,3.974468064589602,0.9556575611591626,0.3316624443895205,3.446088794926004,23432.953125,0.05035837864557588,0.08922392486406328,0.15021008403361344,0.26359367276322293,0.4532871972318339
prefill,math,15,64,2023,16184,3.9740818524284394,0.9555646967642225,0.33492569822046464,3.8211009174311927,25537.109375,0.051470588235294115,0.0995427582797825,0.1624443895205141,0.28126544735541276,0.4625556104794859
