request_id,sample_id,layer,expected_calls,dispatch_calls,tokens,pairs,id_mismatches,weight_mismatches,max_abs_weight_error
0,wikitext2-00044,0,17,17,301,1204,0,0,0.0
0,wikitext2-00044,1,17,17,301,1204,0,0,0.0
0,wikitext2-00044,2,17,17,301,1204,0,0,0.0
0,wikitext2-00044,3,17,17,301,1204,0,0,0.0
0,wikitext2-00044,4,17,17,301,1204,0,0,0.0
0,wikitext2-00044,5,17,17,301,1204,0,0,0.0
0,wikitext2-00044,6,17,17,301,1204,0,0,0.0
0,wikitext2-00044,7,17,17,301,1204,0,0,0.0
0,wikitext2-00044,8,17,17,301,1204,0,0,0.0
0,wikitext2-00044,9,17,17,301,1204,0,0,0.0
0,wikitext2-00044,10,17,17,301,1204,0,0,0.0
0,wikitext2-00044,11,17,17,301,1204,0,0,0.0
0,wikitext2-00044,12,17,17,301,1204,0,0,0.0
0,wikitext2-00044,13,17,17,301,1204,0,0,0.0
0,wikitext2-00044,14,17,17,301,1204,0,0,0.0
0,wikitext2-00044,15,17,17,301,1204,0,0,0.0
0,wikitext2-00044,16,17,17,301,1204,0,0,0.0
0,wikitext2-00044,17,17,17,301,1204,0,0,0.0
0,wikitext2-00044,18,17,17,301,1204,0,0,0.0
0,wikitext2-00044,19,17,17,301,1204,0,0,0.0
0,wikitext2-00044,20,17,17,301,1204,0,0,0.0
0,wikitext2-00044,21,17,17,301,1204,0,0,0.0
0,wikitext2-00044,22,17,17,301,1204,0,0,0.0
0,wikitext2-00044,23,17,17,301,1204,0,0,0.0
1,wikitext2-00032,0,17,17,237,948,0,0,0.0
1,wikitext2-00032,1,17,17,237,948,0,0,0.0
1,wikitext2-00032,2,17,17,237,948,0,0,0.0
1,wikitext2-00032,3,17,17,237,948,0,0,0.0
1,wikitext2-00032,4,17,17,237,948,0,0,0.0
1,wikitext2-00032,5,17,17,237,948,0,0,0.0
1,wikitext2-00032,6,17,17,237,948,0,0,0.0
1,wikitext2-00032,7,17,17,237,948,0,0,0.0
1,wikitext2-00032,8,17,17,237,948,0,0,0.0
1,wikitext2-00032,9,17,17,237,948,0,0,0.0
1,wikitext2-00032,10,17,17,237,948,0,0,0.0
1,wikitext2-00032,11,17,17,237,948,0,0,0.0
1,wikitext2-00032,12,17,17,237,948,0,0,0.0
1,wikitext2-00032,13,17,17,237,948,0,0,0.0
1,wikitext2-00032,14,17,17,237,948,0,0,0.0
1,wikitext2-00032,15,17,17,237,948,0,0,0.0
1,wikitext2-00032,16,17,17,237,948,0,0,0.0
1,wikitext2-00032,17,17,17,237,948,0,0,0.0
1,wikitext2-00032,18,17,17,237,948,0,0,0.0
1,wikitext2-00032,19,17,17,237,948,0,0,0.0
1,wikitext2-00032,20,17,17,237,948,0,0,0.0
1,wikitext2-00032,21,17,17,237,948,0,0,0.0
1,wikitext2-00032,22,17,17,237,948,0,0,0.0
1,wikitext2-00032,23,17,17,237,948,0,0,0.0
2,gsm8k-00041,0,17,17,141,564,0,0,0.0
2,gsm8k-00041,1,17,17,141,564,0,0,0.0
2,gsm8k-00041,2,17,17,141,564,0,0,0.0
2,gsm8k-00041,3,17,17,141,564,0,0,0.0
2,gsm8k-00041,4,17,17,141,564,0,0,0.0
2,gsm8k-00041,5,17,17,141,564,0,0,0.0
2,gsm8k-00041,6,17,17,141,564,0,0,0.0
2,gsm8k-00041,7,17,17,141,564,0,0,0.0
2,gsm8k-00041,8,17,17,141,564,0,0,0.0
2,gsm8k-00041,9,17,17,141,564,0,0,0.0
2,gsm8k-00041,10,17,17,141,564,0,0,0.0
2,gsm8k-00041,11,17,17,141,564,0,0,0.0
2,gsm8k-00041,12,17,17,141,564,0,0,0.0
2,gsm8k-00041,13,17,17,141,564,0,0,0.0
2,gsm8k-00041,14,17,17,141,564,0,0,0.0
2,gsm8k-00041,15,17,17,141,564,0,0,0.0
2,gsm8k-00041,16,17,17,141,564,0,0,0.0
2,gsm8k-00041,17,17,17,141,564,0,0,0.0
2,gsm8k-00041,18,17,17,141,564,0,0,0.0
2,gsm8k-00041,19,17,17,141,564,0,0,0.0
2,gsm8k-00041,20,17,17,141,564,0,0,0.0
2,gsm8k-00041,21,17,17,141,564,0,0,0.0
2,gsm8k-00041,22,17,17,141,564,0,0,0.0
2,gsm8k-00041,23,17,17,141,564,0,0,0.0
3,mt_bench-35264271,0,17,17,105,420,0,0,0.0
3,mt_bench-35264271,1,17,17,105,420,0,0,0.0
3,mt_bench-35264271,2,17,17,105,420,0,0,0.0
3,mt_bench-35264271,3,17,17,105,420,0,0,0.0
3,mt_bench-35264271,4,17,17,105,420,0,0,0.0
3,mt_bench-35264271,5,17,17,105,420,0,0,0.0
3,mt_bench-35264271,6,17,17,105,420,0,0,0.0
3,mt_bench-35264271,7,17,17,105,420,0,0,0.0
3,mt_bench-35264271,8,17,17,105,420,0,0,0.0
3,mt_bench-35264271,9,17,17,105,420,0,0,0.0
3,mt_bench-35264271,10,17,17,105,420,0,0,0.0
3,mt_bench-35264271,11,17,17,105,420,0,0,0.0
3,mt_bench-35264271,12,17,17,105,420,0,0,0.0
3,mt_bench-35264271,13,17,17,105,420,0,0,0.0
3,mt_bench-35264271,14,17,17,105,420,0,0,0.0
3,mt_bench-35264271,15,17,17,105,420,0,0,0.0
3,mt_bench-35264271,16,17,17,105,420,0,0,0.0
3,mt_bench-35264271,17,17,17,105,420,0,0,0.0
3,mt_bench-35264271,18,17,17,105,420,0,0,0.0
3,mt_bench-35264271,19,17,17,105,420,0,0,0.0
3,mt_bench-35264271,20,17,17,105,420,0,0,0.0
3,mt_bench-35264271,21,17,17,105,420,0,0,0.0
3,mt_bench-35264271,22,17,17,105,420,0,0,0.0
3,mt_bench-35264271,23,17,17,105,420,0,0,0.0
4,wikitext2-00037,0,17,17,454,1816,0,0,0.0
4,wikitext2-00037,1,17,17,454,1816,0,0,0.0
4,wikitext2-00037,2,17,17,454,1816,0,0,0.0
4,wikitext2-00037,3,17,17,454,1816,0,0,0.0
4,wikitext2-00037,4,17,17,454,1816,0,0,0.0
4,wikitext2-00037,5,17,17,454,1816,0,0,0.0
4,wikitext2-00037,6,17,17,454,1816,0,0,0.0
4,wikitext2-00037,7,17,17,454,1816,0,0,0.0
4,wikitext2-00037,8,17,17,454,1816,0,0,0.0
4,wikitext2-00037,9,17,17,454,1816,0,0,0.0
4,wikitext2-00037,10,17,17,454,1816,0,0,0.0
4,wikitext2-00037,11,17,17,454,1816,0,0,0.0
4,wikitext2-00037,12,17,17,454,1816,0,0,0.0
4,wikitext2-00037,13,17,17,454,1816,0,0,0.0
4,wikitext2-00037,14,17,17,454,1816,0,0,0.0
4,wikitext2-00037,15,17,17,454,1816,0,0,0.0
4,wikitext2-00037,16,17,17,454,1816,0,0,0.0
4,wikitext2-00037,17,17,17,454,1816,0,0,0.0
4,wikitext2-00037,18,17,17,454,1816,0,0,0.0
4,wikitext2-00037,19,17,17,454,1816,0,0,0.0
4,wikitext2-00037,20,17,17,454,1816,0,0,0.0
4,wikitext2-00037,21,17,17,454,1816,0,0,0.0
4,wikitext2-00037,22,17,17,454,1816,0,0,0.0
4,wikitext2-00037,23,17,17,454,1816,0,0,0.0
5,humaneval-HumanEval_38,0,17,17,242,968,0,0,0.0
5,humaneval-HumanEval_38,1,17,17,242,968,0,0,0.0
5,humaneval-HumanEval_38,2,17,17,242,968,0,0,0.0
5,humaneval-HumanEval_38,3,17,17,242,968,0,0,0.0
5,humaneval-HumanEval_38,4,17,17,242,968,0,0,0.0
5,humaneval-HumanEval_38,5,17,17,242,968,0,0,0.0
5,humaneval-HumanEval_38,6,17,17,242,968,0,0,0.0
5,humaneval-HumanEval_38,7,17,17,242,968,0,0,0.0
5,humaneval-HumanEval_38,8,17,17,242,968,0,0,0.0
5,humaneval-HumanEval_38,9,17,17,242,968,0,0,0.0
5,humaneval-HumanEval_38,10,17,17,242,968,0,0,0.0
5,humaneval-HumanEval_38,11,17,17,242,968,0,0,0.0
5,humaneval-HumanEval_38,12,17,17,242,968,0,0,0.0
5,humaneval-HumanEval_38,13,17,17,242,968,0,0,0.0
5,humaneval-HumanEval_38,14,17,17,242,968,0,0,0.0
5,humaneval-HumanEval_38,15,17,17,242,968,0,0,0.0
5,humaneval-HumanEval_38,16,17,17,242,968,0,0,0.0
5,humaneval-HumanEval_38,17,17,17,242,968,0,0,0.0
5,humaneval-HumanEval_38,18,17,17,242,968,0,0,0.0
5,humaneval-HumanEval_38,19,17,17,242,968,0,0,0.0
5,humaneval-HumanEval_38,20,17,17,242,968,0,0,0.0
5,humaneval-HumanEval_38,21,17,17,242,968,0,0,0.0
5,humaneval-HumanEval_38,22,17,17,242,968,0,0,0.0
5,humaneval-HumanEval_38,23,17,17,242,968,0,0,0.0
6,gsm8k-00040,0,17,17,157,628,0,0,0.0
6,gsm8k-00040,1,17,17,157,628,0,0,0.0
6,gsm8k-00040,2,17,17,157,628,0,0,0.0
6,gsm8k-00040,3,17,17,157,628,0,0,0.0
6,gsm8k-00040,4,17,17,157,628,0,0,0.0
6,gsm8k-00040,5,17,17,157,628,0,0,0.0
6,gsm8k-00040,6,17,17,157,628,0,0,0.0
6,gsm8k-00040,7,17,17,157,628,0,0,0.0
6,gsm8k-00040,8,17,17,157,628,0,0,0.0
6,gsm8k-00040,9,17,17,157,628,0,0,0.0
6,gsm8k-00040,10,17,17,157,628,0,0,0.0
6,gsm8k-00040,11,17,17,157,628,0,0,0.0
6,gsm8k-00040,12,17,17,157,628,0,0,0.0
6,gsm8k-00040,13,17,17,157,628,0,0,0.0
6,gsm8k-00040,14,17,17,157,628,0,0,0.0
6,gsm8k-00040,15,17,17,157,628,0,0,0.0
6,gsm8k-00040,16,17,17,157,628,0,0,0.0
6,gsm8k-00040,17,17,17,157,628,0,0,0.0
6,gsm8k-00040,18,17,17,157,628,0,0,0.0
6,gsm8k-00040,19,17,17,157,628,0,0,0.0
6,gsm8k-00040,20,17,17,157,628,0,0,0.0
6,gsm8k-00040,21,17,17,157,628,0,0,0.0
6,gsm8k-00040,22,17,17,157,628,0,0,0.0
6,gsm8k-00040,23,17,17,157,628,0,0,0.0
7,wikitext2-00043,0,17,17,241,964,0,0,0.0
7,wikitext2-00043,1,17,17,241,964,0,0,0.0
7,wikitext2-00043,2,17,17,241,964,0,0,0.0
7,wikitext2-00043,3,17,17,241,964,0,0,0.0
7,wikitext2-00043,4,17,17,241,964,0,0,0.0
7,wikitext2-00043,5,17,17,241,964,0,0,0.0
7,wikitext2-00043,6,17,17,241,964,0,0,0.0
7,wikitext2-00043,7,17,17,241,964,0,0,0.0
7,wikitext2-00043,8,17,17,241,964,0,0,0.0
7,wikitext2-00043,9,17,17,241,964,0,0,0.0
7,wikitext2-00043,10,17,17,241,964,0,0,0.0
7,wikitext2-00043,11,17,17,241,964,0,0,0.0
7,wikitext2-00043,12,17,17,241,964,0,0,0.0
7,wikitext2-00043,13,17,17,241,964,0,0,0.0
7,wikitext2-00043,14,17,17,241,964,0,0,0.0
7,wikitext2-00043,15,17,17,241,964,0,0,0.0
7,wikitext2-00043,16,17,17,241,964,0,0,0.0
7,wikitext2-00043,17,17,17,241,964,0,0,0.0
7,wikitext2-00043,18,17,17,241,964,0,0,0.0
7,wikitext2-00043,19,17,17,241,964,0,0,0.0
7,wikitext2-00043,20,17,17,241,964,0,0,0.0
7,wikitext2-00043,21,17,17,241,964,0,0,0.0
7,wikitext2-00043,22,17,17,241,964,0,0,0.0
7,wikitext2-00043,23,17,17,241,964,0,0,0.0
8,mt_bench-30350920,0,17,17,158,632,0,0,0.0
8,mt_bench-30350920,1,17,17,158,632,0,0,0.0
8,mt_bench-30350920,2,17,17,158,632,0,0,0.0
8,mt_bench-30350920,3,17,17,158,632,0,0,0.0
8,mt_bench-30350920,4,17,17,158,632,0,0,0.0
8,mt_bench-30350920,5,17,17,158,632,0,0,0.0
8,mt_bench-30350920,6,17,17,158,632,0,0,0.0
8,mt_bench-30350920,7,17,17,158,632,0,0,0.0
8,mt_bench-30350920,8,17,17,158,632,0,0,0.0
8,mt_bench-30350920,9,17,17,158,632,0,0,0.0
8,mt_bench-30350920,10,17,17,158,632,0,0,0.0
8,mt_bench-30350920,11,17,17,158,632,0,0,0.0
8,mt_bench-30350920,12,17,17,158,632,0,0,0.0
8,mt_bench-30350920,13,17,17,158,632,0,0,0.0
8,mt_bench-30350920,14,17,17,158,632,0,0,0.0
8,mt_bench-30350920,15,17,17,158,632,0,0,0.0
8,mt_bench-30350920,16,17,17,158,632,0,0,0.0
8,mt_bench-30350920,17,17,17,158,632,0,0,0.0
8,mt_bench-30350920,18,17,17,158,632,0,0,0.0
8,mt_bench-30350920,19,17,17,158,632,0,0,0.0
8,mt_bench-30350920,20,17,17,158,632,0,0,0.0009765625
8,mt_bench-30350920,21,17,17,158,632,0,0,0.0
8,mt_bench-30350920,22,17,17,158,632,0,0,0.0
8,mt_bench-30350920,23,17,17,158,632,0,0,0.0
9,gsm8k-00047,0,17,17,202,808,0,0,0.0
9,gsm8k-00047,1,17,17,202,808,0,0,0.0
9,gsm8k-00047,2,17,17,202,808,0,0,0.0
9,gsm8k-00047,3,17,17,202,808,0,0,0.0
9,gsm8k-00047,4,17,17,202,808,0,0,0.0
9,gsm8k-00047,5,17,17,202,808,0,0,0.0
9,gsm8k-00047,6,17,17,202,808,0,0,0.0
9,gsm8k-00047,7,17,17,202,808,0,0,0.0
9,gsm8k-00047,8,17,17,202,808,0,0,0.0
9,gsm8k-00047,9,17,17,202,808,0,0,0.0
9,gsm8k-00047,10,17,17,202,808,0,0,0.0
9,gsm8k-00047,11,17,17,202,808,0,0,0.0
9,gsm8k-00047,12,17,17,202,808,0,0,0.0
9,gsm8k-00047,13,17,17,202,808,0,0,0.0
9,gsm8k-00047,14,17,17,202,808,0,0,0.0
9,gsm8k-00047,15,17,17,202,808,0,0,0.0
9,gsm8k-00047,16,17,17,202,808,0,0,0.0
9,gsm8k-00047,17,17,17,202,808,0,0,0.0
9,gsm8k-00047,18,17,17,202,808,0,0,0.0
9,gsm8k-00047,19,17,17,202,808,0,0,0.0
9,gsm8k-00047,20,17,17,202,808,0,0,0.0
9,gsm8k-00047,21,17,17,202,808,0,0,0.0
9,gsm8k-00047,22,17,17,202,808,0,0,0.0
9,gsm8k-00047,23,17,17,202,808,0,0,0.0
10,mt_bench-50530142,0,17,17,105,420,0,0,0.0
10,mt_bench-50530142,1,17,17,105,420,0,0,0.0
10,mt_bench-50530142,2,17,17,105,420,0,0,0.0
10,mt_bench-50530142,3,17,17,105,420,0,0,0.0
10,mt_bench-50530142,4,17,17,105,420,0,0,0.0
10,mt_bench-50530142,5,17,17,105,420,0,0,0.0
10,mt_bench-50530142,6,17,17,105,420,0,0,0.0
10,mt_bench-50530142,7,17,17,105,420,0,0,0.0
10,mt_bench-50530142,8,17,17,105,420,0,0,0.0
10,mt_bench-50530142,9,17,17,105,420,0,0,0.0
10,mt_bench-50530142,10,17,17,105,420,0,0,0.0
10,mt_bench-50530142,11,17,17,105,420,0,0,0.0
10,mt_bench-50530142,12,17,17,105,420,0,0,0.0
10,mt_bench-50530142,13,17,17,105,420,0,0,0.0
10,mt_bench-50530142,14,17,17,105,420,0,0,0.0
10,mt_bench-50530142,15,17,17,105,420,0,0,0.0
10,mt_bench-50530142,16,17,17,105,420,0,0,0.0
10,mt_bench-50530142,17,17,17,105,420,0,0,0.0
10,mt_bench-50530142,18,17,17,105,420,0,0,0.0
10,mt_bench-50530142,19,17,17,105,420,0,0,0.0
10,mt_bench-50530142,20,17,17,105,420,0,0,0.0
10,mt_bench-50530142,21,17,17,105,420,0,0,0.0
10,mt_bench-50530142,22,17,17,105,420,0,0,0.0
10,mt_bench-50530142,23,17,17,105,420,0,0,0.0
11,humaneval-HumanEval_56,0,17,17,176,704,0,0,0.0
11,humaneval-HumanEval_56,1,17,17,176,704,0,0,0.0
11,humaneval-HumanEval_56,2,17,17,176,704,0,0,0.0
11,humaneval-HumanEval_56,3,17,17,176,704,0,0,0.0
11,humaneval-HumanEval_56,4,17,17,176,704,0,0,0.0
11,humaneval-HumanEval_56,5,17,17,176,704,0,0,0.0
11,humaneval-HumanEval_56,6,17,17,176,704,0,0,0.0
11,humaneval-HumanEval_56,7,17,17,176,704,0,0,0.0
11,humaneval-HumanEval_56,8,17,17,176,704,0,0,0.0
11,humaneval-HumanEval_56,9,17,17,176,704,0,0,0.0
11,humaneval-HumanEval_56,10,17,17,176,704,0,0,0.0
11,humaneval-HumanEval_56,11,17,17,176,704,0,0,0.0
11,humaneval-HumanEval_56,12,17,17,176,704,0,0,0.0
11,humaneval-HumanEval_56,13,17,17,176,704,0,0,0.0
11,humaneval-HumanEval_56,14,17,17,176,704,0,0,0.0
11,humaneval-HumanEval_56,15,17,17,176,704,0,0,0.0
11,humaneval-HumanEval_56,16,17,17,176,704,0,0,0.0
11,humaneval-HumanEval_56,17,17,17,176,704,0,0,0.0
11,humaneval-HumanEval_56,18,17,17,176,704,0,0,0.0
11,humaneval-HumanEval_56,19,17,17,176,704,0,0,0.0009765625
11,humaneval-HumanEval_56,20,17,17,176,704,0,0,0.0
11,humaneval-HumanEval_56,21,17,17,176,704,0,0,0.0
11,humaneval-HumanEval_56,22,17,17,176,704,0,0,0.0
11,humaneval-HumanEval_56,23,17,17,176,704,0,0,0.0
12,mt_bench-32663300,0,17,17,100,400,0,0,0.0
12,mt_bench-32663300,1,17,17,100,400,0,0,0.0
12,mt_bench-32663300,2,17,17,100,400,0,0,0.0
12,mt_bench-32663300,3,17,17,100,400,0,0,0.0
12,mt_bench-32663300,4,17,17,100,400,0,0,0.0
12,mt_bench-32663300,5,17,17,100,400,0,0,0.0
12,mt_bench-32663300,6,17,17,100,400,0,0,0.0
12,mt_bench-32663300,7,17,17,100,400,0,0,0.0
12,mt_bench-32663300,8,17,17,100,400,0,0,0.0
12,mt_bench-32663300,9,17,17,100,400,0,0,0.0
12,mt_bench-32663300,10,17,17,100,400,0,0,0.0
12,mt_bench-32663300,11,17,17,100,400,0,0,0.0
12,mt_bench-32663300,12,17,17,100,400,0,0,0.0
12,mt_bench-32663300,13,17,17,100,400,0,0,0.0
12,mt_bench-32663300,14,17,17,100,400,0,0,0.0
12,mt_bench-32663300,15,17,17,100,400,0,0,0.0
12,mt_bench-32663300,16,17,17,100,400,0,0,0.0
12,mt_bench-32663300,17,17,17,100,400,0,0,0.0
12,mt_bench-32663300,18,17,17,100,400,0,0,0.0
12,mt_bench-32663300,19,17,17,100,400,0,0,0.0
12,mt_bench-32663300,20,17,17,100,400,0,0,0.0
12,mt_bench-32663300,21,17,17,100,400,0,0,0.0
12,mt_bench-32663300,22,17,17,100,400,0,0,0.0
12,mt_bench-32663300,23,17,17,100,400,0,0,0.0
13,gsm8k-00042,0,17,17,125,500,0,0,0.0
13,gsm8k-00042,1,17,17,125,500,0,0,0.0
13,gsm8k-00042,2,17,17,125,500,0,0,0.0
13,gsm8k-00042,3,17,17,125,500,0,0,0.0
13,gsm8k-00042,4,17,17,125,500,0,0,0.0
13,gsm8k-00042,5,17,17,125,500,0,0,0.0
13,gsm8k-00042,6,17,17,125,500,0,0,0.0
13,gsm8k-00042,7,17,17,125,500,0,0,0.0
13,gsm8k-00042,8,17,17,125,500,0,0,0.0
13,gsm8k-00042,9,17,17,125,500,0,0,0.0
13,gsm8k-00042,10,17,17,125,500,0,0,0.0
13,gsm8k-00042,11,17,17,125,500,0,0,0.0
13,gsm8k-00042,12,17,17,125,500,0,0,0.0
13,gsm8k-00042,13,17,17,125,500,0,0,0.0
13,gsm8k-00042,14,17,17,125,500,0,0,0.0
13,gsm8k-00042,15,17,17,125,500,0,0,0.0
13,gsm8k-00042,16,17,17,125,500,0,0,0.0
13,gsm8k-00042,17,17,17,125,500,0,0,0.0
13,gsm8k-00042,18,17,17,125,500,0,0,0.0
13,gsm8k-00042,19,17,17,125,500,0,0,0.0
13,gsm8k-00042,20,17,17,125,500,0,0,0.0
13,gsm8k-00042,21,17,17,125,500,0,0,0.0
13,gsm8k-00042,22,17,17,125,500,0,0,0.0
13,gsm8k-00042,23,17,17,125,500,0,0,0.0
14,wikitext2-00040,0,17,17,173,692,0,0,0.0
14,wikitext2-00040,1,17,17,173,692,0,0,0.0
14,wikitext2-00040,2,17,17,173,692,0,0,0.0
14,wikitext2-00040,3,17,17,173,692,0,0,0.0
14,wikitext2-00040,4,17,17,173,692,0,0,0.0
14,wikitext2-00040,5,17,17,173,692,0,0,0.0
14,wikitext2-00040,6,17,17,173,692,0,0,0.0
14,wikitext2-00040,7,17,17,173,692,0,0,0.0
14,wikitext2-00040,8,17,17,173,692,0,0,0.0
14,wikitext2-00040,9,17,17,173,692,0,0,0.0
14,wikitext2-00040,10,17,17,173,692,0,0,0.0
14,wikitext2-00040,11,17,17,173,692,0,0,0.0
14,wikitext2-00040,12,17,17,173,692,0,0,0.0
14,wikitext2-00040,13,17,17,173,692,0,0,0.0
14,wikitext2-00040,14,17,17,173,692,0,0,0.0
14,wikitext2-00040,15,17,17,173,692,0,0,0.0
14,wikitext2-00040,16,17,17,173,692,0,0,0.0
14,wikitext2-00040,17,17,17,173,692,0,0,0.0
14,wikitext2-00040,18,17,17,173,692,0,0,0.0
14,wikitext2-00040,19,17,17,173,692,0,0,0.0
14,wikitext2-00040,20,17,17,173,692,0,0,0.0
14,wikitext2-00040,21,17,17,173,692,0,0,0.0
14,wikitext2-00040,22,17,17,173,692,0,0,0.0
14,wikitext2-00040,23,17,17,173,692,0,0,0.0
15,gsm8k-00036,0,17,17,168,672,0,0,0.0
15,gsm8k-00036,1,17,17,168,672,0,0,0.0
15,gsm8k-00036,2,17,17,168,672,0,0,0.0
15,gsm8k-00036,3,17,17,168,672,0,0,0.0
15,gsm8k-00036,4,17,17,168,672,0,0,0.0
15,gsm8k-00036,5,17,17,168,672,0,0,0.0
15,gsm8k-00036,6,17,17,168,672,0,0,0.0
15,gsm8k-00036,7,17,17,168,672,0,0,0.0
15,gsm8k-00036,8,17,17,168,672,0,0,0.0
15,gsm8k-00036,9,17,17,168,672,0,0,0.0
15,gsm8k-00036,10,17,17,168,672,0,0,0.0
15,gsm8k-00036,11,17,17,168,672,0,0,0.0
15,gsm8k-00036,12,17,17,168,672,0,0,0.0
15,gsm8k-00036,13,17,17,168,672,0,0,0.0
15,gsm8k-00036,14,17,17,168,672,0,0,0.0
15,gsm8k-00036,15,17,17,168,672,0,0,0.0
15,gsm8k-00036,16,17,17,168,672,0,0,0.0
15,gsm8k-00036,17,17,17,168,672,0,0,0.0
15,gsm8k-00036,18,17,17,168,672,0,0,0.0
15,gsm8k-00036,19,17,17,168,672,0,0,0.0
15,gsm8k-00036,20,17,17,168,672,0,0,0.0
15,gsm8k-00036,21,17,17,168,672,0,0,0.0
15,gsm8k-00036,22,17,17,168,672,0,0,0.0
15,gsm8k-00036,23,17,17,168,672,0,0,0.0
16,humaneval-HumanEval_4,0,17,17,201,804,0,0,0.0
16,humaneval-HumanEval_4,1,17,17,201,804,0,0,0.0
16,humaneval-HumanEval_4,2,17,17,201,804,0,0,0.0
16,humaneval-HumanEval_4,3,17,17,201,804,0,0,0.0
16,humaneval-HumanEval_4,4,17,17,201,804,0,0,0.0
16,humaneval-HumanEval_4,5,17,17,201,804,0,0,0.0
16,humaneval-HumanEval_4,6,17,17,201,804,0,0,0.0
16,humaneval-HumanEval_4,7,17,17,201,804,0,0,0.0
16,humaneval-HumanEval_4,8,17,17,201,804,0,0,0.0
16,humaneval-HumanEval_4,9,17,17,201,804,0,0,0.0
16,humaneval-HumanEval_4,10,17,17,201,804,0,0,0.0
16,humaneval-HumanEval_4,11,17,17,201,804,0,0,0.0
16,humaneval-HumanEval_4,12,17,17,201,804,0,0,0.0
16,humaneval-HumanEval_4,13,17,17,201,804,0,0,0.0
16,humaneval-HumanEval_4,14,17,17,201,804,0,0,0.0
16,humaneval-HumanEval_4,15,17,17,201,804,0,0,0.0009765625
16,humaneval-HumanEval_4,16,17,17,201,804,0,0,0.0
16,humaneval-HumanEval_4,17,17,17,201,804,0,0,0.0
16,humaneval-HumanEval_4,18,17,17,201,804,0,0,0.0
16,humaneval-HumanEval_4,19,17,17,201,804,0,0,0.0
16,humaneval-HumanEval_4,20,17,17,201,804,0,0,0.0
16,humaneval-HumanEval_4,21,17,17,201,804,0,0,0.0
16,humaneval-HumanEval_4,22,17,17,201,804,0,0,0.0
16,humaneval-HumanEval_4,23,17,17,201,804,0,0,0.0
17,wikitext2-00045,0,17,17,278,1112,0,0,0.0
17,wikitext2-00045,1,17,17,278,1112,0,0,0.0
17,wikitext2-00045,2,17,17,278,1112,0,0,0.0
17,wikitext2-00045,3,17,17,278,1112,0,0,0.0
17,wikitext2-00045,4,17,17,278,1112,0,0,0.0
17,wikitext2-00045,5,17,17,278,1112,0,0,0.0
17,wikitext2-00045,6,17,17,278,1112,0,0,0.0
17,wikitext2-00045,7,17,17,278,1112,0,0,0.0
17,wikitext2-00045,8,17,17,278,1112,0,0,0.0
17,wikitext2-00045,9,17,17,278,1112,0,0,0.0
17,wikitext2-00045,10,17,17,278,1112,0,0,0.0
17,wikitext2-00045,11,17,17,278,1112,0,0,0.0
17,wikitext2-00045,12,17,17,278,1112,0,0,0.0
17,wikitext2-00045,13,17,17,278,1112,0,0,0.0
17,wikitext2-00045,14,17,17,278,1112,0,0,0.0
17,wikitext2-00045,15,17,17,278,1112,0,0,0.0
17,wikitext2-00045,16,17,17,278,1112,0,0,0.0
17,wikitext2-00045,17,17,17,278,1112,0,0,0.0
17,wikitext2-00045,18,17,17,278,1112,0,0,0.0
17,wikitext2-00045,19,17,17,278,1112,0,0,0.0
17,wikitext2-00045,20,17,17,278,1112,0,0,0.0
17,wikitext2-00045,21,17,17,278,1112,0,0,0.0
17,wikitext2-00045,22,17,17,278,1112,0,0,0.0
17,wikitext2-00045,23,17,17,278,1112,0,0,0.0
18,wikitext2-00036,0,17,17,324,1296,0,0,0.0
18,wikitext2-00036,1,17,17,324,1296,0,0,0.0
18,wikitext2-00036,2,17,17,324,1296,0,0,0.0
18,wikitext2-00036,3,17,17,324,1296,0,0,0.0
18,wikitext2-00036,4,17,17,324,1296,0,0,0.0
18,wikitext2-00036,5,17,17,324,1296,0,0,0.0
18,wikitext2-00036,6,17,17,324,1296,0,0,0.0
18,wikitext2-00036,7,17,17,324,1296,0,0,0.0
18,wikitext2-00036,8,17,17,324,1296,0,0,0.0
18,wikitext2-00036,9,17,17,324,1296,0,0,0.0
18,wikitext2-00036,10,17,17,324,1296,0,0,0.0
18,wikitext2-00036,11,17,17,324,1296,0,0,0.0
18,wikitext2-00036,12,17,17,324,1296,0,0,0.0
18,wikitext2-00036,13,17,17,324,1296,0,0,0.0
18,wikitext2-00036,14,17,17,324,1296,0,0,0.0
18,wikitext2-00036,15,17,17,324,1296,0,0,0.0
18,wikitext2-00036,16,17,17,324,1296,0,0,0.0
18,wikitext2-00036,17,17,17,324,1296,0,0,0.0
18,wikitext2-00036,18,17,17,324,1296,0,0,0.0
18,wikitext2-00036,19,17,17,324,1296,0,0,0.0
18,wikitext2-00036,20,17,17,324,1296,0,0,0.0
18,wikitext2-00036,21,17,17,324,1296,0,0,0.0
18,wikitext2-00036,22,17,17,324,1296,0,0,0.0
18,wikitext2-00036,23,17,17,324,1296,0,0,0.0
19,gsm8k-00038,0,17,17,127,508,0,0,0.0
19,gsm8k-00038,1,17,17,127,508,0,0,0.0
19,gsm8k-00038,2,17,17,127,508,0,0,0.0
19,gsm8k-00038,3,17,17,127,508,0,0,0.0
19,gsm8k-00038,4,17,17,127,508,0,0,0.0
19,gsm8k-00038,5,17,17,127,508,0,0,0.0
19,gsm8k-00038,6,17,17,127,508,0,0,0.0
19,gsm8k-00038,7,17,17,127,508,0,0,0.0
19,gsm8k-00038,8,17,17,127,508,0,0,0.0
19,gsm8k-00038,9,17,17,127,508,0,0,0.0
19,gsm8k-00038,10,17,17,127,508,0,0,0.0
19,gsm8k-00038,11,17,17,127,508,0,0,0.0
19,gsm8k-00038,12,17,17,127,508,0,0,0.0
19,gsm8k-00038,13,17,17,127,508,0,0,0.0
19,gsm8k-00038,14,17,17,127,508,0,0,0.0
19,gsm8k-00038,15,17,17,127,508,0,0,0.0
19,gsm8k-00038,16,17,17,127,508,0,0,0.0
19,gsm8k-00038,17,17,17,127,508,0,0,0.0
19,gsm8k-00038,18,17,17,127,508,0,0,0.0
19,gsm8k-00038,19,17,17,127,508,0,0,0.0
19,gsm8k-00038,20,17,17,127,508,0,0,0.0
19,gsm8k-00038,21,17,17,127,508,0,0,0.0
19,gsm8k-00038,22,17,17,127,508,0,0,0.0
19,gsm8k-00038,23,17,17,127,508,0,0,0.0
20,gsm8k-00032,0,17,17,150,600,0,0,0.0
20,gsm8k-00032,1,17,17,150,600,0,0,0.0
20,gsm8k-00032,2,17,17,150,600,0,0,0.0
20,gsm8k-00032,3,17,17,150,600,0,0,0.0
20,gsm8k-00032,4,17,17,150,600,0,0,0.0
20,gsm8k-00032,5,17,17,150,600,0,0,0.0
20,gsm8k-00032,6,17,17,150,600,0,0,0.0
20,gsm8k-00032,7,17,17,150,600,0,0,0.0
20,gsm8k-00032,8,17,17,150,600,0,0,0.0
20,gsm8k-00032,9,17,17,150,600,0,0,0.0
20,gsm8k-00032,10,17,17,150,600,0,0,0.0
20,gsm8k-00032,11,17,17,150,600,0,0,0.0
20,gsm8k-00032,12,17,17,150,600,0,0,0.0
20,gsm8k-00032,13,17,17,150,600,0,0,0.0
20,gsm8k-00032,14,17,17,150,600,0,0,0.0
20,gsm8k-00032,15,17,17,150,600,0,0,0.0
20,gsm8k-00032,16,17,17,150,600,0,0,0.0
20,gsm8k-00032,17,17,17,150,600,0,0,0.0
20,gsm8k-00032,18,17,17,150,600,0,0,0.0
20,gsm8k-00032,19,17,17,150,600,0,0,0.0
20,gsm8k-00032,20,17,17,150,600,0,0,0.0
20,gsm8k-00032,21,17,17,150,600,0,0,0.0
20,gsm8k-00032,22,17,17,150,600,0,0,0.0
20,gsm8k-00032,23,17,17,150,600,0,0,0.0
21,gsm8k-00044,0,17,17,167,668,0,0,0.0
21,gsm8k-00044,1,17,17,167,668,0,0,0.0
21,gsm8k-00044,2,17,17,167,668,0,0,0.0
21,gsm8k-00044,3,17,17,167,668,0,0,0.0
21,gsm8k-00044,4,17,17,167,668,0,0,0.0
21,gsm8k-00044,5,17,17,167,668,0,0,0.0
21,gsm8k-00044,6,17,17,167,668,0,0,0.0
21,gsm8k-00044,7,17,17,167,668,0,0,0.0
21,gsm8k-00044,8,17,17,167,668,0,0,0.0
21,gsm8k-00044,9,17,17,167,668,0,0,0.0
21,gsm8k-00044,10,17,17,167,668,0,0,0.0
21,gsm8k-00044,11,17,17,167,668,0,0,0.0
21,gsm8k-00044,12,17,17,167,668,0,0,0.0
21,gsm8k-00044,13,17,17,167,668,0,0,0.0
21,gsm8k-00044,14,17,17,167,668,0,0,0.0
21,gsm8k-00044,15,17,17,167,668,0,0,0.0
21,gsm8k-00044,16,17,17,167,668,0,0,0.0
21,gsm8k-00044,17,17,17,167,668,0,0,0.0
21,gsm8k-00044,18,17,17,167,668,0,0,0.0
21,gsm8k-00044,19,17,17,167,668,0,0,0.0
21,gsm8k-00044,20,17,17,167,668,0,0,0.0
21,gsm8k-00044,21,17,17,167,668,0,0,0.0
21,gsm8k-00044,22,17,17,167,668,0,0,0.0
21,gsm8k-00044,23,17,17,167,668,0,0,0.0
22,humaneval-HumanEval_14,0,17,17,142,568,0,0,0.0
22,humaneval-HumanEval_14,1,17,17,142,568,0,0,0.0
22,humaneval-HumanEval_14,2,17,17,142,568,0,0,0.0
22,humaneval-HumanEval_14,3,17,17,142,568,0,0,0.0
22,humaneval-HumanEval_14,4,17,17,142,568,0,0,0.0
22,humaneval-HumanEval_14,5,17,17,142,568,0,0,0.0
22,humaneval-HumanEval_14,6,17,17,142,568,0,0,0.0
22,humaneval-HumanEval_14,7,17,17,142,568,0,0,0.0
22,humaneval-HumanEval_14,8,17,17,142,568,0,0,0.0
22,humaneval-HumanEval_14,9,17,17,142,568,0,0,0.0
22,humaneval-HumanEval_14,10,17,17,142,568,0,0,0.0
22,humaneval-HumanEval_14,11,17,17,142,568,0,0,0.0
22,humaneval-HumanEval_14,12,17,17,142,568,0,0,0.0
22,humaneval-HumanEval_14,13,17,17,142,568,0,0,0.0
22,humaneval-HumanEval_14,14,17,17,142,568,0,0,0.0
22,humaneval-HumanEval_14,15,17,17,142,568,0,0,0.0
22,humaneval-HumanEval_14,16,17,17,142,568,0,0,0.0
22,humaneval-HumanEval_14,17,17,17,142,568,0,0,0.0
22,humaneval-HumanEval_14,18,17,17,142,568,0,0,0.0
22,humaneval-HumanEval_14,19,17,17,142,568,0,0,0.0
22,humaneval-HumanEval_14,20,17,17,142,568,0,0,0.0
22,humaneval-HumanEval_14,21,17,17,142,568,0,0,0.0
22,humaneval-HumanEval_14,22,17,17,142,568,0,0,0.0009765625
22,humaneval-HumanEval_14,23,17,17,142,568,0,0,0.0
23,mt_bench-9170963,0,17,17,158,632,0,0,0.0
23,mt_bench-9170963,1,17,17,158,632,0,0,0.0
23,mt_bench-9170963,2,17,17,158,632,0,0,0.0
23,mt_bench-9170963,3,17,17,158,632,0,0,0.0
23,mt_bench-9170963,4,17,17,158,632,0,0,0.0
23,mt_bench-9170963,5,17,17,158,632,0,0,0.0
23,mt_bench-9170963,6,17,17,158,632,0,0,0.0
23,mt_bench-9170963,7,17,17,158,632,0,0,0.0
23,mt_bench-9170963,8,17,17,158,632,0,0,0.0
23,mt_bench-9170963,9,17,17,158,632,0,0,0.0
23,mt_bench-9170963,10,17,17,158,632,0,0,0.0
23,mt_bench-9170963,11,17,17,158,632,0,0,0.0
23,mt_bench-9170963,12,17,17,158,632,0,0,0.0
23,mt_bench-9170963,13,17,17,158,632,0,0,0.0
23,mt_bench-9170963,14,17,17,158,632,0,0,0.0
23,mt_bench-9170963,15,17,17,158,632,0,0,0.0
23,mt_bench-9170963,16,17,17,158,632,0,0,0.0
23,mt_bench-9170963,17,17,17,158,632,0,0,0.0
23,mt_bench-9170963,18,17,17,158,632,0,0,0.0
23,mt_bench-9170963,19,17,17,158,632,0,0,0.0
23,mt_bench-9170963,20,17,17,158,632,0,0,0.0009765625
23,mt_bench-9170963,21,17,17,158,632,0,0,0.0
23,mt_bench-9170963,22,17,17,158,632,0,0,0.0
23,mt_bench-9170963,23,17,17,158,632,0,0,0.0
24,humaneval-HumanEval_138,0,17,17,160,640,0,0,0.0
24,humaneval-HumanEval_138,1,17,17,160,640,0,0,0.0
24,humaneval-HumanEval_138,2,17,17,160,640,0,0,0.0
24,humaneval-HumanEval_138,3,17,17,160,640,0,0,0.0
24,humaneval-HumanEval_138,4,17,17,160,640,0,0,0.0
24,humaneval-HumanEval_138,5,17,17,160,640,0,0,0.0
24,humaneval-HumanEval_138,6,17,17,160,640,0,0,0.0
24,humaneval-HumanEval_138,7,17,17,160,640,0,0,0.0
24,humaneval-HumanEval_138,8,17,17,160,640,0,0,0.0
24,humaneval-HumanEval_138,9,17,17,160,640,0,0,0.0
24,humaneval-HumanEval_138,10,17,17,160,640,0,0,0.0
24,humaneval-HumanEval_138,11,17,17,160,640,0,0,0.0
24,humaneval-HumanEval_138,12,17,17,160,640,0,0,0.0
24,humaneval-HumanEval_138,13,17,17,160,640,0,0,0.0
24,humaneval-HumanEval_138,14,17,17,160,640,0,0,0.0
24,humaneval-HumanEval_138,15,17,17,160,640,0,0,0.0
24,humaneval-HumanEval_138,16,17,17,160,640,0,0,0.0
24,humaneval-HumanEval_138,17,17,17,160,640,0,0,0.0
24,humaneval-HumanEval_138,18,17,17,160,640,0,0,0.0
24,humaneval-HumanEval_138,19,17,17,160,640,0,0,0.0
24,humaneval-HumanEval_138,20,17,17,160,640,0,0,0.0
24,humaneval-HumanEval_138,21,17,17,160,640,0,0,0.0
24,humaneval-HumanEval_138,22,17,17,160,640,0,0,0.0
24,humaneval-HumanEval_138,23,17,17,160,640,0,0,0.0
25,wikitext2-00047,0,17,17,373,1492,0,0,0.0
25,wikitext2-00047,1,17,17,373,1492,0,0,0.0
25,wikitext2-00047,2,17,17,373,1492,0,0,0.0
25,wikitext2-00047,3,17,17,373,1492,0,0,0.0
25,wikitext2-00047,4,17,17,373,1492,0,0,0.0
25,wikitext2-00047,5,17,17,373,1492,0,0,0.0
25,wikitext2-00047,6,17,17,373,1492,0,0,0.0
25,wikitext2-00047,7,17,17,373,1492,0,0,0.0
25,wikitext2-00047,8,17,17,373,1492,0,0,0.0
25,wikitext2-00047,9,17,17,373,1492,0,0,0.0
25,wikitext2-00047,10,17,17,373,1492,0,0,0.0
25,wikitext2-00047,11,17,17,373,1492,0,0,0.0
25,wikitext2-00047,12,17,17,373,1492,0,0,0.0
25,wikitext2-00047,13,17,17,373,1492,0,0,0.0
25,wikitext2-00047,14,17,17,373,1492,0,0,0.0
25,wikitext2-00047,15,17,17,373,1492,0,0,0.0
25,wikitext2-00047,16,17,17,373,1492,0,0,0.0
25,wikitext2-00047,17,17,17,373,1492,0,0,0.0
25,wikitext2-00047,18,17,17,373,1492,0,0,0.0
25,wikitext2-00047,19,17,17,373,1492,0,0,0.0
25,wikitext2-00047,20,17,17,373,1492,0,0,0.0
25,wikitext2-00047,21,17,17,373,1492,0,0,0.0
25,wikitext2-00047,22,17,17,373,1492,0,0,0.0
25,wikitext2-00047,23,17,17,373,1492,0,0,0.0
26,humaneval-HumanEval_70,0,17,17,207,828,0,0,0.0
26,humaneval-HumanEval_70,1,17,17,207,828,0,0,0.0
26,humaneval-HumanEval_70,2,17,17,207,828,0,0,0.0
26,humaneval-HumanEval_70,3,17,17,207,828,0,0,0.0
26,humaneval-HumanEval_70,4,17,17,207,828,0,0,0.0
26,humaneval-HumanEval_70,5,17,17,207,828,0,0,0.0
26,humaneval-HumanEval_70,6,17,17,207,828,0,0,0.0
26,humaneval-HumanEval_70,7,17,17,207,828,0,0,0.0
26,humaneval-HumanEval_70,8,17,17,207,828,0,0,0.0
26,humaneval-HumanEval_70,9,17,17,207,828,0,0,0.0
26,humaneval-HumanEval_70,10,17,17,207,828,0,0,0.0
26,humaneval-HumanEval_70,11,17,17,207,828,0,0,0.0
26,humaneval-HumanEval_70,12,17,17,207,828,0,0,0.0
26,humaneval-HumanEval_70,13,17,17,207,828,0,0,0.0
26,humaneval-HumanEval_70,14,17,17,207,828,0,0,0.0
26,humaneval-HumanEval_70,15,17,17,207,828,0,0,0.0
26,humaneval-HumanEval_70,16,17,17,207,828,0,0,0.0
26,humaneval-HumanEval_70,17,17,17,207,828,0,0,0.0
26,humaneval-HumanEval_70,18,17,17,207,828,0,0,0.0
26,humaneval-HumanEval_70,19,17,17,207,828,0,0,0.0
26,humaneval-HumanEval_70,20,17,17,207,828,0,0,0.0
26,humaneval-HumanEval_70,21,17,17,207,828,0,0,0.0
26,humaneval-HumanEval_70,22,17,17,207,828,0,0,0.0
26,humaneval-HumanEval_70,23,17,17,207,828,0,0,0.0
27,wikitext2-00035,0,17,17,357,1428,0,0,0.0
27,wikitext2-00035,1,17,17,357,1428,0,0,0.0
27,wikitext2-00035,2,17,17,357,1428,0,0,0.0
27,wikitext2-00035,3,17,17,357,1428,0,0,0.0
27,wikitext2-00035,4,17,17,357,1428,0,0,0.0
27,wikitext2-00035,5,17,17,357,1428,0,0,0.0
27,wikitext2-00035,6,17,17,357,1428,0,0,0.0
27,wikitext2-00035,7,17,17,357,1428,0,0,0.0
27,wikitext2-00035,8,17,17,357,1428,0,0,0.0
27,wikitext2-00035,9,17,17,357,1428,0,0,0.0
27,wikitext2-00035,10,17,17,357,1428,0,0,0.0
27,wikitext2-00035,11,17,17,357,1428,0,0,0.0
27,wikitext2-00035,12,17,17,357,1428,0,0,0.0
27,wikitext2-00035,13,17,17,357,1428,0,0,0.0
27,wikitext2-00035,14,17,17,357,1428,0,0,0.0
27,wikitext2-00035,15,17,17,357,1428,0,0,0.0
27,wikitext2-00035,16,17,17,357,1428,0,0,0.0
27,wikitext2-00035,17,17,17,357,1428,0,0,0.0
27,wikitext2-00035,18,17,17,357,1428,0,0,0.0
27,wikitext2-00035,19,17,17,357,1428,0,0,0.0
27,wikitext2-00035,20,17,17,357,1428,0,0,0.0009765625
27,wikitext2-00035,21,17,17,357,1428,0,0,0.0
27,wikitext2-00035,22,17,17,357,1428,0,0,0.0
27,wikitext2-00035,23,17,17,357,1428,0,0,0.0
28,humaneval-HumanEval_40,0,17,17,242,968,0,0,0.0
28,humaneval-HumanEval_40,1,17,17,242,968,0,0,0.0
28,humaneval-HumanEval_40,2,17,17,242,968,0,0,0.0
28,humaneval-HumanEval_40,3,17,17,242,968,0,0,0.0
28,humaneval-HumanEval_40,4,17,17,242,968,0,0,0.0
28,humaneval-HumanEval_40,5,17,17,242,968,0,0,0.0
28,humaneval-HumanEval_40,6,17,17,242,968,0,0,0.0
28,humaneval-HumanEval_40,7,17,17,242,968,0,0,0.0
28,humaneval-HumanEval_40,8,17,17,242,968,0,0,0.0
28,humaneval-HumanEval_40,9,17,17,242,968,0,0,0.0
28,humaneval-HumanEval_40,10,17,17,242,968,0,0,0.0
28,humaneval-HumanEval_40,11,17,17,242,968,0,0,0.0
28,humaneval-HumanEval_40,12,17,17,242,968,0,0,0.0
28,humaneval-HumanEval_40,13,17,17,242,968,0,0,0.0
28,humaneval-HumanEval_40,14,17,17,242,968,0,0,0.0
28,humaneval-HumanEval_40,15,17,17,242,968,0,0,0.0
28,humaneval-HumanEval_40,16,17,17,242,968,0,0,0.0
28,humaneval-HumanEval_40,17,17,17,242,968,0,0,0.0
28,humaneval-HumanEval_40,18,17,17,242,968,0,0,0.0
28,humaneval-HumanEval_40,19,17,17,242,968,0,0,0.0
28,humaneval-HumanEval_40,20,17,17,242,968,0,0,0.0
28,humaneval-HumanEval_40,21,17,17,242,968,0,0,0.0
28,humaneval-HumanEval_40,22,17,17,242,968,0,0,0.0
28,humaneval-HumanEval_40,23,17,17,242,968,0,0,0.0
29,wikitext2-00039,0,17,17,229,916,0,0,0.0
29,wikitext2-00039,1,17,17,229,916,0,0,0.0
29,wikitext2-00039,2,17,17,229,916,0,0,0.0
29,wikitext2-00039,3,17,17,229,916,0,0,0.0
29,wikitext2-00039,4,17,17,229,916,0,0,0.0
29,wikitext2-00039,5,17,17,229,916,0,0,0.0
29,wikitext2-00039,6,17,17,229,916,0,0,0.0
29,wikitext2-00039,7,17,17,229,916,0,0,0.0
29,wikitext2-00039,8,17,17,229,916,0,0,0.0
29,wikitext2-00039,9,17,17,229,916,0,0,0.0
29,wikitext2-00039,10,17,17,229,916,0,0,0.0
29,wikitext2-00039,11,17,17,229,916,0,0,0.0
29,wikitext2-00039,12,17,17,229,916,0,0,0.0
29,wikitext2-00039,13,17,17,229,916,0,0,0.0
29,wikitext2-00039,14,17,17,229,916,0,0,0.0
29,wikitext2-00039,15,17,17,229,916,0,0,0.0
29,wikitext2-00039,16,17,17,229,916,0,0,0.0
29,wikitext2-00039,17,17,17,229,916,0,0,0.0
29,wikitext2-00039,18,17,17,229,916,0,0,0.0
29,wikitext2-00039,19,17,17,229,916,0,0,0.0
29,wikitext2-00039,20,17,17,229,916,0,0,0.0
29,wikitext2-00039,21,17,17,229,916,0,0,0.0
29,wikitext2-00039,22,17,17,229,916,0,0,0.0
29,wikitext2-00039,23,17,17,229,916,0,0,0.0
30,wikitext2-00041,0,17,17,297,1188,0,0,0.0
30,wikitext2-00041,1,17,17,297,1188,0,0,0.0
30,wikitext2-00041,2,17,17,297,1188,0,0,0.0
30,wikitext2-00041,3,17,17,297,1188,0,0,0.0
30,wikitext2-00041,4,17,17,297,1188,0,0,0.0
30,wikitext2-00041,5,17,17,297,1188,0,0,0.0
30,wikitext2-00041,6,17,17,297,1188,0,0,0.0
30,wikitext2-00041,7,17,17,297,1188,0,0,0.0
30,wikitext2-00041,8,17,17,297,1188,0,0,0.0
30,wikitext2-00041,9,17,17,297,1188,0,0,0.0
30,wikitext2-00041,10,17,17,297,1188,0,0,0.0
30,wikitext2-00041,11,17,17,297,1188,0,0,0.0
30,wikitext2-00041,12,17,17,297,1188,0,0,0.0
30,wikitext2-00041,13,17,17,297,1188,0,0,0.0
30,wikitext2-00041,14,17,17,297,1188,0,0,0.0
30,wikitext2-00041,15,17,17,297,1188,0,0,0.0
30,wikitext2-00041,16,17,17,297,1188,0,0,0.0
30,wikitext2-00041,17,17,17,297,1188,0,0,0.0
30,wikitext2-00041,18,17,17,297,1188,0,0,0.0
30,wikitext2-00041,19,17,17,297,1188,0,0,0.0
30,wikitext2-00041,20,17,17,297,1188,0,0,0.0
30,wikitext2-00041,21,17,17,297,1188,0,0,0.0
30,wikitext2-00041,22,17,17,297,1188,0,0,0.0
30,wikitext2-00041,23,17,17,297,1188,0,0,0.0
31,gsm8k-00045,0,17,17,123,492,0,0,0.0
31,gsm8k-00045,1,17,17,123,492,0,0,0.0
31,gsm8k-00045,2,17,17,123,492,0,0,0.0
31,gsm8k-00045,3,17,17,123,492,0,0,0.0
31,gsm8k-00045,4,17,17,123,492,0,0,0.0
31,gsm8k-00045,5,17,17,123,492,0,0,0.0
31,gsm8k-00045,6,17,17,123,492,0,0,0.0
31,gsm8k-00045,7,17,17,123,492,0,0,0.0
31,gsm8k-00045,8,17,17,123,492,0,0,0.0
31,gsm8k-00045,9,17,17,123,492,0,0,0.0
31,gsm8k-00045,10,17,17,123,492,0,0,0.0
31,gsm8k-00045,11,17,17,123,492,0,0,0.0
31,gsm8k-00045,12,17,17,123,492,0,0,0.0
31,gsm8k-00045,13,17,17,123,492,0,0,0.0
31,gsm8k-00045,14,17,17,123,492,0,0,0.0
31,gsm8k-00045,15,17,17,123,492,0,0,0.0
31,gsm8k-00045,16,17,17,123,492,0,0,0.0
31,gsm8k-00045,17,17,17,123,492,0,0,0.0
31,gsm8k-00045,18,17,17,123,492,0,0,0.0
31,gsm8k-00045,19,17,17,123,492,0,0,0.0
31,gsm8k-00045,20,17,17,123,492,0,0,0.0
31,gsm8k-00045,21,17,17,123,492,0,0,0.0
31,gsm8k-00045,22,17,17,123,492,0,0,0.0
31,gsm8k-00045,23,17,17,123,492,0,0,0.0
32,wikitext2-00042,0,17,17,376,1504,0,0,0.0
32,wikitext2-00042,1,17,17,376,1504,0,0,0.0
32,wikitext2-00042,2,17,17,376,1504,0,0,0.0
32,wikitext2-00042,3,17,17,376,1504,0,0,0.0
32,wikitext2-00042,4,17,17,376,1504,0,0,0.0
32,wikitext2-00042,5,17,17,376,1504,0,0,0.0
32,wikitext2-00042,6,17,17,376,1504,0,0,0.0
32,wikitext2-00042,7,17,17,376,1504,0,0,0.0
32,wikitext2-00042,8,17,17,376,1504,0,0,0.0
32,wikitext2-00042,9,17,17,376,1504,0,0,0.0
32,wikitext2-00042,10,17,17,376,1504,0,0,0.0
32,wikitext2-00042,11,17,17,376,1504,0,0,0.0
32,wikitext2-00042,12,17,17,376,1504,0,0,0.0
32,wikitext2-00042,13,17,17,376,1504,0,0,0.0
32,wikitext2-00042,14,17,17,376,1504,0,0,0.0
32,wikitext2-00042,15,17,17,376,1504,0,0,0.0
32,wikitext2-00042,16,17,17,376,1504,0,0,0.0
32,wikitext2-00042,17,17,17,376,1504,0,0,0.0
32,wikitext2-00042,18,17,17,376,1504,0,0,0.0
32,wikitext2-00042,19,17,17,376,1504,0,0,0.0
32,wikitext2-00042,20,17,17,376,1504,0,0,0.0
32,wikitext2-00042,21,17,17,376,1504,0,0,0.0
32,wikitext2-00042,22,17,17,376,1504,0,0,0.0
32,wikitext2-00042,23,17,17,376,1504,0,0,0.0
33,gsm8k-00035,0,17,17,169,676,0,0,0.0
33,gsm8k-00035,1,17,17,169,676,0,0,0.0
33,gsm8k-00035,2,17,17,169,676,0,0,0.0
33,gsm8k-00035,3,17,17,169,676,0,0,0.0
33,gsm8k-00035,4,17,17,169,676,0,0,0.0
33,gsm8k-00035,5,17,17,169,676,0,0,0.0
33,gsm8k-00035,6,17,17,169,676,0,0,0.0
33,gsm8k-00035,7,17,17,169,676,0,0,0.0
33,gsm8k-00035,8,17,17,169,676,0,0,0.0
33,gsm8k-00035,9,17,17,169,676,0,0,0.0
33,gsm8k-00035,10,17,17,169,676,0,0,0.0
33,gsm8k-00035,11,17,17,169,676,0,0,0.0
33,gsm8k-00035,12,17,17,169,676,0,0,0.0
33,gsm8k-00035,13,17,17,169,676,0,0,0.0
33,gsm8k-00035,14,17,17,169,676,0,0,0.0
33,gsm8k-00035,15,17,17,169,676,0,0,0.0
33,gsm8k-00035,16,17,17,169,676,0,0,0.0
33,gsm8k-00035,17,17,17,169,676,0,0,0.0
33,gsm8k-00035,18,17,17,169,676,0,0,0.0
33,gsm8k-00035,19,17,17,169,676,0,0,0.0
33,gsm8k-00035,20,17,17,169,676,0,0,0.0
33,gsm8k-00035,21,17,17,169,676,0,0,0.0
33,gsm8k-00035,22,17,17,169,676,0,0,0.0
33,gsm8k-00035,23,17,17,169,676,0,0,0.0
34,humaneval-HumanEval_115,0,17,17,406,1624,0,0,0.0
34,humaneval-HumanEval_115,1,17,17,406,1624,0,0,0.0
34,humaneval-HumanEval_115,2,17,17,406,1624,0,0,0.0
34,humaneval-HumanEval_115,3,17,17,406,1624,0,0,0.0
34,humaneval-HumanEval_115,4,17,17,406,1624,0,0,0.0
34,humaneval-HumanEval_115,5,17,17,406,1624,0,0,0.0
34,humaneval-HumanEval_115,6,17,17,406,1624,0,0,0.0
34,humaneval-HumanEval_115,7,17,17,406,1624,0,0,0.0
34,humaneval-HumanEval_115,8,17,17,406,1624,0,0,0.0
34,humaneval-HumanEval_115,9,17,17,406,1624,0,0,0.0
34,humaneval-HumanEval_115,10,17,17,406,1624,0,0,0.0
34,humaneval-HumanEval_115,11,17,17,406,1624,0,0,0.0
34,humaneval-HumanEval_115,12,17,17,406,1624,0,0,0.0
34,humaneval-HumanEval_115,13,17,17,406,1624,0,0,0.0
34,humaneval-HumanEval_115,14,17,17,406,1624,0,0,0.0
34,humaneval-HumanEval_115,15,17,17,406,1624,0,0,0.0
34,humaneval-HumanEval_115,16,17,17,406,1624,0,0,0.0
34,humaneval-HumanEval_115,17,17,17,406,1624,0,0,0.0
34,humaneval-HumanEval_115,18,17,17,406,1624,0,0,0.0
34,humaneval-HumanEval_115,19,17,17,406,1624,0,0,0.0
34,humaneval-HumanEval_115,20,17,17,406,1624,0,0,0.0
34,humaneval-HumanEval_115,21,17,17,406,1624,0,0,0.0
34,humaneval-HumanEval_115,22,17,17,406,1624,0,0,0.0
34,humaneval-HumanEval_115,23,17,17,406,1624,0,0,0.0
35,humaneval-HumanEval_45,0,17,17,129,516,0,0,0.0
35,humaneval-HumanEval_45,1,17,17,129,516,0,0,0.0
35,humaneval-HumanEval_45,2,17,17,129,516,0,0,0.0
35,humaneval-HumanEval_45,3,17,17,129,516,0,0,0.0
35,humaneval-HumanEval_45,4,17,17,129,516,0,0,0.0
35,humaneval-HumanEval_45,5,17,17,129,516,0,0,0.0
35,humaneval-HumanEval_45,6,17,17,129,516,0,0,0.0
35,humaneval-HumanEval_45,7,17,17,129,516,0,0,0.0
35,humaneval-HumanEval_45,8,17,17,129,516,0,0,0.0
35,humaneval-HumanEval_45,9,17,17,129,516,0,0,0.0
35,humaneval-HumanEval_45,10,17,17,129,516,0,0,0.0
35,humaneval-HumanEval_45,11,17,17,129,516,0,0,0.0
35,humaneval-HumanEval_45,12,17,17,129,516,0,0,0.0
35,humaneval-HumanEval_45,13,17,17,129,516,0,0,0.0
35,humaneval-HumanEval_45,14,17,17,129,516,0,0,0.0
35,humaneval-HumanEval_45,15,17,17,129,516,0,0,0.0
35,humaneval-HumanEval_45,16,17,17,129,516,0,0,0.0
35,humaneval-HumanEval_45,17,17,17,129,516,0,0,0.0
35,humaneval-HumanEval_45,18,17,17,129,516,0,0,0.0
35,humaneval-HumanEval_45,19,17,17,129,516,0,0,0.0
35,humaneval-HumanEval_45,20,17,17,129,516,0,0,0.0
35,humaneval-HumanEval_45,21,17,17,129,516,0,0,0.0
35,humaneval-HumanEval_45,22,17,17,129,516,0,0,0.0
35,humaneval-HumanEval_45,23,17,17,129,516,0,0,0.0
36,wikitext2-00038,0,17,17,242,968,0,0,0.0
36,wikitext2-00038,1,17,17,242,968,0,0,0.0
36,wikitext2-00038,2,17,17,242,968,0,0,0.0
36,wikitext2-00038,3,17,17,242,968,0,0,0.0
36,wikitext2-00038,4,17,17,242,968,0,0,0.0
36,wikitext2-00038,5,17,17,242,968,0,0,0.0
36,wikitext2-00038,6,17,17,242,968,0,0,0.0
36,wikitext2-00038,7,17,17,242,968,0,0,0.0
36,wikitext2-00038,8,17,17,242,968,0,0,0.0
36,wikitext2-00038,9,17,17,242,968,0,0,0.0
36,wikitext2-00038,10,17,17,242,968,0,0,0.0
36,wikitext2-00038,11,17,17,242,968,0,0,0.0
36,wikitext2-00038,12,17,17,242,968,0,0,0.0
36,wikitext2-00038,13,17,17,242,968,0,0,0.0
36,wikitext2-00038,14,17,17,242,968,0,0,0.0
36,wikitext2-00038,15,17,17,242,968,0,0,0.0
36,wikitext2-00038,16,17,17,242,968,0,0,0.0
36,wikitext2-00038,17,17,17,242,968,0,0,0.0
36,wikitext2-00038,18,17,17,242,968,0,0,0.0
36,wikitext2-00038,19,17,17,242,968,0,0,0.0
36,wikitext2-00038,20,17,17,242,968,0,0,0.0
36,wikitext2-00038,21,17,17,242,968,0,0,0.0
36,wikitext2-00038,22,17,17,242,968,0,0,0.0
36,wikitext2-00038,23,17,17,242,968,0,0,0.0
37,gsm8k-00046,0,17,17,126,504,0,0,0.0
37,gsm8k-00046,1,17,17,126,504,0,0,0.0
37,gsm8k-00046,2,17,17,126,504,0,0,0.0
37,gsm8k-00046,3,17,17,126,504,0,0,0.0
37,gsm8k-00046,4,17,17,126,504,0,0,0.0
37,gsm8k-00046,5,17,17,126,504,0,0,0.0
37,gsm8k-00046,6,17,17,126,504,0,0,0.0
37,gsm8k-00046,7,17,17,126,504,0,0,0.0
37,gsm8k-00046,8,17,17,126,504,0,0,0.0
37,gsm8k-00046,9,17,17,126,504,0,0,0.0
37,gsm8k-00046,10,17,17,126,504,0,0,0.0
37,gsm8k-00046,11,17,17,126,504,0,0,0.0
37,gsm8k-00046,12,17,17,126,504,0,0,0.0
37,gsm8k-00046,13,17,17,126,504,0,0,0.0
37,gsm8k-00046,14,17,17,126,504,0,0,0.0
37,gsm8k-00046,15,17,17,126,504,0,0,0.0
37,gsm8k-00046,16,17,17,126,504,0,0,0.0
37,gsm8k-00046,17,17,17,126,504,0,0,0.0
37,gsm8k-00046,18,17,17,126,504,0,0,0.0
37,gsm8k-00046,19,17,17,126,504,0,0,0.0
37,gsm8k-00046,20,17,17,126,504,0,0,0.0
37,gsm8k-00046,21,17,17,126,504,0,0,0.0
37,gsm8k-00046,22,17,17,126,504,0,0,0.0
37,gsm8k-00046,23,17,17,126,504,0,0,0.0
38,mt_bench-48344673,0,17,17,230,920,0,0,0.0
38,mt_bench-48344673,1,17,17,230,920,0,0,0.0
38,mt_bench-48344673,2,17,17,230,920,0,0,0.0
38,mt_bench-48344673,3,17,17,230,920,0,0,0.0
38,mt_bench-48344673,4,17,17,230,920,0,0,0.0
38,mt_bench-48344673,5,17,17,230,920,0,0,0.0
38,mt_bench-48344673,6,17,17,230,920,0,0,0.0
38,mt_bench-48344673,7,17,17,230,920,0,0,0.0
38,mt_bench-48344673,8,17,17,230,920,0,0,0.0
38,mt_bench-48344673,9,17,17,230,920,0,0,0.0
38,mt_bench-48344673,10,17,17,230,920,0,0,0.0
38,mt_bench-48344673,11,17,17,230,920,0,0,0.0
38,mt_bench-48344673,12,17,17,230,920,0,0,0.0
38,mt_bench-48344673,13,17,17,230,920,0,0,0.0
38,mt_bench-48344673,14,17,17,230,920,0,0,0.0
38,mt_bench-48344673,15,17,17,230,920,0,0,0.0
38,mt_bench-48344673,16,17,17,230,920,0,0,0.0
38,mt_bench-48344673,17,17,17,230,920,0,0,0.0
38,mt_bench-48344673,18,17,17,230,920,0,0,0.0
38,mt_bench-48344673,19,17,17,230,920,0,0,0.0
38,mt_bench-48344673,20,17,17,230,920,0,0,0.0009765625
38,mt_bench-48344673,21,17,17,230,920,0,0,0.0
38,mt_bench-48344673,22,17,17,230,920,0,0,0.0
38,mt_bench-48344673,23,17,17,230,920,0,0,0.0
39,mt_bench-23836768,0,17,17,115,460,0,0,0.0
39,mt_bench-23836768,1,17,17,115,460,0,0,0.0
39,mt_bench-23836768,2,17,17,115,460,0,0,0.0
39,mt_bench-23836768,3,17,17,115,460,0,0,0.0
39,mt_bench-23836768,4,17,17,115,460,0,0,0.0
39,mt_bench-23836768,5,17,17,115,460,0,0,0.0
39,mt_bench-23836768,6,17,17,115,460,0,0,0.0
39,mt_bench-23836768,7,17,17,115,460,0,0,0.0
39,mt_bench-23836768,8,17,17,115,460,0,0,0.0
39,mt_bench-23836768,9,17,17,115,460,0,0,0.0
39,mt_bench-23836768,10,17,17,115,460,0,0,0.0
39,mt_bench-23836768,11,17,17,115,460,0,0,0.0
39,mt_bench-23836768,12,17,17,115,460,0,0,0.0
39,mt_bench-23836768,13,17,17,115,460,0,0,0.0
39,mt_bench-23836768,14,17,17,115,460,0,0,0.0
39,mt_bench-23836768,15,17,17,115,460,0,0,0.0
39,mt_bench-23836768,16,17,17,115,460,0,0,0.0
39,mt_bench-23836768,17,17,17,115,460,0,0,0.0
39,mt_bench-23836768,18,17,17,115,460,0,0,0.0
39,mt_bench-23836768,19,17,17,115,460,0,0,0.0
39,mt_bench-23836768,20,17,17,115,460,0,0,0.0
39,mt_bench-23836768,21,17,17,115,460,0,0,0.0
39,mt_bench-23836768,22,17,17,115,460,0,0,0.0
39,mt_bench-23836768,23,17,17,115,460,0,0,0.0
40,mt_bench-40319087,0,17,17,102,408,0,0,0.0
40,mt_bench-40319087,1,17,17,102,408,0,0,0.0
40,mt_bench-40319087,2,17,17,102,408,0,0,0.0
40,mt_bench-40319087,3,17,17,102,408,0,0,0.0
40,mt_bench-40319087,4,17,17,102,408,0,0,0.0
40,mt_bench-40319087,5,17,17,102,408,0,0,0.0
40,mt_bench-40319087,6,17,17,102,408,0,0,0.0
40,mt_bench-40319087,7,17,17,102,408,0,0,0.0
40,mt_bench-40319087,8,17,17,102,408,0,0,0.0
40,mt_bench-40319087,9,17,17,102,408,0,0,0.0
40,mt_bench-40319087,10,17,17,102,408,0,0,0.0
40,mt_bench-40319087,11,17,17,102,408,0,0,0.0
40,mt_bench-40319087,12,17,17,102,408,0,0,0.0
40,mt_bench-40319087,13,17,17,102,408,0,0,0.0
40,mt_bench-40319087,14,17,17,102,408,0,0,0.0
40,mt_bench-40319087,15,17,17,102,408,0,0,0.0
40,mt_bench-40319087,16,17,17,102,408,0,0,0.0
40,mt_bench-40319087,17,17,17,102,408,0,0,0.0
40,mt_bench-40319087,18,17,17,102,408,0,0,0.0
40,mt_bench-40319087,19,17,17,102,408,0,0,0.0
40,mt_bench-40319087,20,17,17,102,408,0,0,0.0
40,mt_bench-40319087,21,17,17,102,408,0,0,0.0
40,mt_bench-40319087,22,17,17,102,408,0,0,0.0
40,mt_bench-40319087,23,17,17,102,408,0,0,0.0
41,mt_bench-46306085,0,17,17,250,1000,0,0,0.0
41,mt_bench-46306085,1,17,17,250,1000,0,0,0.0
41,mt_bench-46306085,2,17,17,250,1000,0,0,0.0
41,mt_bench-46306085,3,17,17,250,1000,0,0,0.0
41,mt_bench-46306085,4,17,17,250,1000,0,0,0.0
41,mt_bench-46306085,5,17,17,250,1000,0,0,0.0
41,mt_bench-46306085,6,17,17,250,1000,0,0,0.0
41,mt_bench-46306085,7,17,17,250,1000,0,0,0.0
41,mt_bench-46306085,8,17,17,250,1000,0,0,0.0
41,mt_bench-46306085,9,17,17,250,1000,0,0,0.0
41,mt_bench-46306085,10,17,17,250,1000,0,0,0.0
41,mt_bench-46306085,11,17,17,250,1000,0,0,0.0
41,mt_bench-46306085,12,17,17,250,1000,0,0,0.0
41,mt_bench-46306085,13,17,17,250,1000,0,0,0.0
41,mt_bench-46306085,14,17,17,250,1000,0,0,0.0
41,mt_bench-46306085,15,17,17,250,1000,0,0,0.0
41,mt_bench-46306085,16,17,17,250,1000,0,0,0.0
41,mt_bench-46306085,17,17,17,250,1000,0,0,0.0
41,mt_bench-46306085,18,17,17,250,1000,0,0,0.0
41,mt_bench-46306085,19,17,17,250,1000,0,0,0.0
41,mt_bench-46306085,20,17,17,250,1000,0,0,0.0
41,mt_bench-46306085,21,17,17,250,1000,0,0,0.0
41,mt_bench-46306085,22,17,17,250,1000,0,0,0.0
41,mt_bench-46306085,23,17,17,250,1000,0,0,0.0
42,mt_bench-68335013,0,17,17,408,1632,0,0,0.0
42,mt_bench-68335013,1,17,17,408,1632,0,0,0.0
42,mt_bench-68335013,2,17,17,408,1632,0,0,0.0
42,mt_bench-68335013,3,17,17,408,1632,0,0,0.0
42,mt_bench-68335013,4,17,17,408,1632,0,0,0.0
42,mt_bench-68335013,5,17,17,408,1632,0,0,0.0
42,mt_bench-68335013,6,17,17,408,1632,0,0,0.0
42,mt_bench-68335013,7,17,17,408,1632,0,0,0.0
42,mt_bench-68335013,8,17,17,408,1632,0,0,0.0
42,mt_bench-68335013,9,17,17,408,1632,0,0,0.0
42,mt_bench-68335013,10,17,17,408,1632,0,0,0.0
42,mt_bench-68335013,11,17,17,408,1632,0,0,0.0
42,mt_bench-68335013,12,17,17,408,1632,0,0,0.0
42,mt_bench-68335013,13,17,17,408,1632,0,0,0.0
42,mt_bench-68335013,14,17,17,408,1632,0,0,0.0
42,mt_bench-68335013,15,17,17,408,1632,0,0,0.0
42,mt_bench-68335013,16,17,17,408,1632,0,0,0.0
42,mt_bench-68335013,17,17,17,408,1632,0,0,0.0
42,mt_bench-68335013,18,17,17,408,1632,0,0,0.0
42,mt_bench-68335013,19,17,17,408,1632,0,0,0.0
42,mt_bench-68335013,20,17,17,408,1632,0,0,0.0
42,mt_bench-68335013,21,17,17,408,1632,0,0,0.0
42,mt_bench-68335013,22,17,17,408,1632,0,0,0.0
42,mt_bench-68335013,23,17,17,408,1632,0,0,0.0
43,humaneval-HumanEval_61,0,17,17,174,696,0,0,0.0
43,humaneval-HumanEval_61,1,17,17,174,696,0,0,0.0
43,humaneval-HumanEval_61,2,17,17,174,696,0,0,0.0
43,humaneval-HumanEval_61,3,17,17,174,696,0,0,0.0
43,humaneval-HumanEval_61,4,17,17,174,696,0,0,0.0
43,humaneval-HumanEval_61,5,17,17,174,696,0,0,0.0
43,humaneval-HumanEval_61,6,17,17,174,696,0,0,0.0
43,humaneval-HumanEval_61,7,17,17,174,696,0,0,0.0
43,humaneval-HumanEval_61,8,17,17,174,696,0,0,0.0
43,humaneval-HumanEval_61,9,17,17,174,696,0,0,0.0
43,humaneval-HumanEval_61,10,17,17,174,696,0,0,0.0
43,humaneval-HumanEval_61,11,17,17,174,696,0,0,0.0
43,humaneval-HumanEval_61,12,17,17,174,696,0,0,0.0
43,humaneval-HumanEval_61,13,17,17,174,696,0,0,0.0
43,humaneval-HumanEval_61,14,17,17,174,696,0,0,0.0
43,humaneval-HumanEval_61,15,17,17,174,696,0,0,0.0
43,humaneval-HumanEval_61,16,17,17,174,696,0,0,0.0
43,humaneval-HumanEval_61,17,17,17,174,696,0,0,0.0
43,humaneval-HumanEval_61,18,17,17,174,696,0,0,0.0
43,humaneval-HumanEval_61,19,17,17,174,696,0,0,0.0
43,humaneval-HumanEval_61,20,17,17,174,696,0,0,0.0009765625
43,humaneval-HumanEval_61,21,17,17,174,696,0,0,0.0
43,humaneval-HumanEval_61,22,17,17,174,696,0,0,0.0
43,humaneval-HumanEval_61,23,17,17,174,696,0,0,0.0
44,humaneval-HumanEval_141,0,17,17,297,1188,0,0,0.0
44,humaneval-HumanEval_141,1,17,17,297,1188,0,0,0.0
44,humaneval-HumanEval_141,2,17,17,297,1188,0,0,0.0
44,humaneval-HumanEval_141,3,17,17,297,1188,0,0,0.0
44,humaneval-HumanEval_141,4,17,17,297,1188,0,0,0.0
44,humaneval-HumanEval_141,5,17,17,297,1188,0,0,0.0
44,humaneval-HumanEval_141,6,17,17,297,1188,0,0,0.0
44,humaneval-HumanEval_141,7,17,17,297,1188,0,0,0.0
44,humaneval-HumanEval_141,8,17,17,297,1188,0,0,0.0
44,humaneval-HumanEval_141,9,17,17,297,1188,0,0,0.0
44,humaneval-HumanEval_141,10,17,17,297,1188,0,0,0.0
44,humaneval-HumanEval_141,11,17,17,297,1188,0,0,0.0
44,humaneval-HumanEval_141,12,17,17,297,1188,0,0,0.0
44,humaneval-HumanEval_141,13,17,17,297,1188,0,0,0.0
44,humaneval-HumanEval_141,14,17,17,297,1188,0,0,0.0
44,humaneval-HumanEval_141,15,17,17,297,1188,0,0,0.0
44,humaneval-HumanEval_141,16,17,17,297,1188,0,0,0.0
44,humaneval-HumanEval_141,17,17,17,297,1188,0,0,0.0
44,humaneval-HumanEval_141,18,17,17,297,1188,0,0,0.0
44,humaneval-HumanEval_141,19,17,17,297,1188,0,0,0.0
44,humaneval-HumanEval_141,20,17,17,297,1188,0,0,0.0
44,humaneval-HumanEval_141,21,17,17,297,1188,0,0,0.0
44,humaneval-HumanEval_141,22,17,17,297,1188,0,0,0.0
44,humaneval-HumanEval_141,23,17,17,297,1188,0,0,0.0
45,gsm8k-00037,0,17,17,119,476,0,0,0.0
45,gsm8k-00037,1,17,17,119,476,0,0,0.0
45,gsm8k-00037,2,17,17,119,476,0,0,0.0
45,gsm8k-00037,3,17,17,119,476,0,0,0.0
45,gsm8k-00037,4,17,17,119,476,0,0,0.0
45,gsm8k-00037,5,17,17,119,476,0,0,0.0
45,gsm8k-00037,6,17,17,119,476,0,0,0.0
45,gsm8k-00037,7,17,17,119,476,0,0,0.0
45,gsm8k-00037,8,17,17,119,476,0,0,0.0
45,gsm8k-00037,9,17,17,119,476,0,0,0.0
45,gsm8k-00037,10,17,17,119,476,0,0,0.0
45,gsm8k-00037,11,17,17,119,476,0,0,0.0
45,gsm8k-00037,12,17,17,119,476,0,0,0.0
45,gsm8k-00037,13,17,17,119,476,0,0,0.0
45,gsm8k-00037,14,17,17,119,476,0,0,0.0
45,gsm8k-00037,15,17,17,119,476,0,0,0.0
45,gsm8k-00037,16,17,17,119,476,0,0,0.0
45,gsm8k-00037,17,17,17,119,476,0,0,0.0
45,gsm8k-00037,18,17,17,119,476,0,0,0.0
45,gsm8k-00037,19,17,17,119,476,0,0,0.0
45,gsm8k-00037,20,17,17,119,476,0,0,0.0
45,gsm8k-00037,21,17,17,119,476,0,0,0.0
45,gsm8k-00037,22,17,17,119,476,0,0,0.0
45,gsm8k-00037,23,17,17,119,476,0,0,0.0
46,gsm8k-00033,0,17,17,117,468,0,0,0.0
46,gsm8k-00033,1,17,17,117,468,0,0,0.0
46,gsm8k-00033,2,17,17,117,468,0,0,0.0
46,gsm8k-00033,3,17,17,117,468,0,0,0.0
46,gsm8k-00033,4,17,17,117,468,0,0,0.0
46,gsm8k-00033,5,17,17,117,468,0,0,0.0
46,gsm8k-00033,6,17,17,117,468,0,0,0.0
46,gsm8k-00033,7,17,17,117,468,0,0,0.0
46,gsm8k-00033,8,17,17,117,468,0,0,0.0
46,gsm8k-00033,9,17,17,117,468,0,0,0.0
46,gsm8k-00033,10,17,17,117,468,0,0,0.0
46,gsm8k-00033,11,17,17,117,468,0,0,0.0
46,gsm8k-00033,12,17,17,117,468,0,0,0.0
46,gsm8k-00033,13,17,17,117,468,0,0,0.0
46,gsm8k-00033,14,17,17,117,468,0,0,0.0
46,gsm8k-00033,15,17,17,117,468,0,0,0.0
46,gsm8k-00033,16,17,17,117,468,0,0,0.0
46,gsm8k-00033,17,17,17,117,468,0,0,0.0
46,gsm8k-00033,18,17,17,117,468,0,0,0.0
46,gsm8k-00033,19,17,17,117,468,0,0,0.0
46,gsm8k-00033,20,17,17,117,468,0,0,0.0
46,gsm8k-00033,21,17,17,117,468,0,0,0.0
46,gsm8k-00033,22,17,17,117,468,0,0,0.0
46,gsm8k-00033,23,17,17,117,468,0,0,0.0
47,humaneval-HumanEval_155,0,17,17,151,604,0,0,0.0
47,humaneval-HumanEval_155,1,17,17,151,604,0,0,0.0
47,humaneval-HumanEval_155,2,17,17,151,604,0,0,0.0
47,humaneval-HumanEval_155,3,17,17,151,604,0,0,0.0
47,humaneval-HumanEval_155,4,17,17,151,604,0,0,0.0
47,humaneval-HumanEval_155,5,17,17,151,604,0,0,0.0
47,humaneval-HumanEval_155,6,17,17,151,604,0,0,0.0
47,humaneval-HumanEval_155,7,17,17,151,604,0,0,0.0
47,humaneval-HumanEval_155,8,17,17,151,604,0,0,0.0
47,humaneval-HumanEval_155,9,17,17,151,604,0,0,0.0
47,humaneval-HumanEval_155,10,17,17,151,604,0,0,0.0
47,humaneval-HumanEval_155,11,17,17,151,604,0,0,0.0
47,humaneval-HumanEval_155,12,17,17,151,604,0,0,0.0
47,humaneval-HumanEval_155,13,17,17,151,604,0,0,0.0
47,humaneval-HumanEval_155,14,17,17,151,604,0,0,0.0
47,humaneval-HumanEval_155,15,17,17,151,604,0,0,0.0
47,humaneval-HumanEval_155,16,17,17,151,604,0,0,0.0
47,humaneval-HumanEval_155,17,17,17,151,604,0,0,0.0
47,humaneval-HumanEval_155,18,17,17,151,604,0,0,0.0
47,humaneval-HumanEval_155,19,17,17,151,604,0,0,0.0
47,humaneval-HumanEval_155,20,17,17,151,604,0,0,0.0
47,humaneval-HumanEval_155,21,17,17,151,604,0,0,0.0
47,humaneval-HumanEval_155,22,17,17,151,604,0,0,0.0
47,humaneval-HumanEval_155,23,17,17,151,604,0,0,0.0
48,mt_bench-90276646,0,17,17,106,424,0,0,0.0
48,mt_bench-90276646,1,17,17,106,424,0,0,0.0
48,mt_bench-90276646,2,17,17,106,424,0,0,0.0
48,mt_bench-90276646,3,17,17,106,424,0,0,0.0
48,mt_bench-90276646,4,17,17,106,424,0,0,0.0
48,mt_bench-90276646,5,17,17,106,424,0,0,0.0
48,mt_bench-90276646,6,17,17,106,424,0,0,0.0
48,mt_bench-90276646,7,17,17,106,424,0,0,0.0
48,mt_bench-90276646,8,17,17,106,424,0,0,0.0
48,mt_bench-90276646,9,17,17,106,424,0,0,0.0
48,mt_bench-90276646,10,17,17,106,424,0,0,0.0
48,mt_bench-90276646,11,17,17,106,424,0,0,0.0
48,mt_bench-90276646,12,17,17,106,424,0,0,0.0
48,mt_bench-90276646,13,17,17,106,424,0,0,0.0
48,mt_bench-90276646,14,17,17,106,424,0,0,0.0
48,mt_bench-90276646,15,17,17,106,424,0,0,0.0
48,mt_bench-90276646,16,17,17,106,424,0,0,0.0
48,mt_bench-90276646,17,17,17,106,424,0,0,0.0
48,mt_bench-90276646,18,17,17,106,424,0,0,0.0
48,mt_bench-90276646,19,17,17,106,424,0,0,0.0
48,mt_bench-90276646,20,17,17,106,424,0,0,0.0
48,mt_bench-90276646,21,17,17,106,424,0,0,0.0
48,mt_bench-90276646,22,17,17,106,424,0,0,0.0
48,mt_bench-90276646,23,17,17,106,424,0,0,0.0
49,gsm8k-00034,0,17,17,145,580,0,0,0.0
49,gsm8k-00034,1,17,17,145,580,0,0,0.0
49,gsm8k-00034,2,17,17,145,580,0,0,0.0
49,gsm8k-00034,3,17,17,145,580,0,0,0.0
49,gsm8k-00034,4,17,17,145,580,0,0,0.0
49,gsm8k-00034,5,17,17,145,580,0,0,0.0
49,gsm8k-00034,6,17,17,145,580,0,0,0.0
49,gsm8k-00034,7,17,17,145,580,0,0,0.0
49,gsm8k-00034,8,17,17,145,580,0,0,0.0
49,gsm8k-00034,9,17,17,145,580,0,0,0.0
49,gsm8k-00034,10,17,17,145,580,0,0,0.0
49,gsm8k-00034,11,17,17,145,580,0,0,0.0
49,gsm8k-00034,12,17,17,145,580,0,0,0.0
49,gsm8k-00034,13,17,17,145,580,0,0,0.0
49,gsm8k-00034,14,17,17,145,580,0,0,0.0
49,gsm8k-00034,15,17,17,145,580,0,0,0.0
49,gsm8k-00034,16,17,17,145,580,0,0,0.0
49,gsm8k-00034,17,17,17,145,580,0,0,0.0
49,gsm8k-00034,18,17,17,145,580,0,0,0.0
49,gsm8k-00034,19,17,17,145,580,0,0,0.0
49,gsm8k-00034,20,17,17,145,580,0,0,0.0
49,gsm8k-00034,21,17,17,145,580,0,0,0.0
49,gsm8k-00034,22,17,17,145,580,0,0,0.0
49,gsm8k-00034,23,17,17,145,580,0,0,0.0
50,wikitext2-00033,0,17,17,312,1248,0,0,0.0
50,wikitext2-00033,1,17,17,312,1248,0,0,0.0
50,wikitext2-00033,2,17,17,312,1248,0,0,0.0
50,wikitext2-00033,3,17,17,312,1248,0,0,0.0
50,wikitext2-00033,4,17,17,312,1248,0,0,0.0
50,wikitext2-00033,5,17,17,312,1248,0,0,0.0
50,wikitext2-00033,6,17,17,312,1248,0,0,0.0
50,wikitext2-00033,7,17,17,312,1248,0,0,0.0
50,wikitext2-00033,8,17,17,312,1248,0,0,0.0
50,wikitext2-00033,9,17,17,312,1248,0,0,0.0
50,wikitext2-00033,10,17,17,312,1248,0,0,0.0
50,wikitext2-00033,11,17,17,312,1248,0,0,0.0
50,wikitext2-00033,12,17,17,312,1248,0,0,0.0
50,wikitext2-00033,13,17,17,312,1248,0,0,0.0
50,wikitext2-00033,14,17,17,312,1248,0,0,0.0
50,wikitext2-00033,15,17,17,312,1248,0,0,0.0
50,wikitext2-00033,16,17,17,312,1248,0,0,0.0
50,wikitext2-00033,17,17,17,312,1248,0,0,0.0
50,wikitext2-00033,18,17,17,312,1248,0,0,0.0
50,wikitext2-00033,19,17,17,312,1248,0,0,0.0
50,wikitext2-00033,20,17,17,312,1248,0,0,0.0
50,wikitext2-00033,21,17,17,312,1248,0,0,0.0
50,wikitext2-00033,22,17,17,312,1248,0,0,0.0
50,wikitext2-00033,23,17,17,312,1248,0,0,0.0
51,mt_bench-9147946,0,17,17,122,488,0,0,0.0009765625
51,mt_bench-9147946,1,17,17,122,488,0,0,0.0
51,mt_bench-9147946,2,17,17,122,488,0,0,0.0
51,mt_bench-9147946,3,17,17,122,488,0,0,0.0
51,mt_bench-9147946,4,17,17,122,488,0,0,0.0
51,mt_bench-9147946,5,17,17,122,488,0,0,0.0
51,mt_bench-9147946,6,17,17,122,488,0,0,0.0
51,mt_bench-9147946,7,17,17,122,488,0,0,0.0
51,mt_bench-9147946,8,17,17,122,488,0,0,0.0
51,mt_bench-9147946,9,17,17,122,488,0,0,0.0
51,mt_bench-9147946,10,17,17,122,488,0,0,0.0
51,mt_bench-9147946,11,17,17,122,488,0,0,0.0
51,mt_bench-9147946,12,17,17,122,488,0,0,0.0
51,mt_bench-9147946,13,17,17,122,488,0,0,0.0
51,mt_bench-9147946,14,17,17,122,488,0,0,0.0
51,mt_bench-9147946,15,17,17,122,488,0,0,0.0
51,mt_bench-9147946,16,17,17,122,488,0,0,0.0
51,mt_bench-9147946,17,17,17,122,488,0,0,0.0
51,mt_bench-9147946,18,17,17,122,488,0,0,0.0
51,mt_bench-9147946,19,17,17,122,488,0,0,0.0
51,mt_bench-9147946,20,17,17,122,488,0,0,0.0
51,mt_bench-9147946,21,17,17,122,488,0,0,0.0
51,mt_bench-9147946,22,17,17,122,488,0,0,0.0
51,mt_bench-9147946,23,17,17,122,488,0,0,0.0
52,mt_bench-17722882,0,17,17,148,592,0,0,0.0
52,mt_bench-17722882,1,17,17,148,592,0,0,0.0
52,mt_bench-17722882,2,17,17,148,592,0,0,0.0
52,mt_bench-17722882,3,17,17,148,592,0,0,0.0
52,mt_bench-17722882,4,17,17,148,592,0,0,0.0
52,mt_bench-17722882,5,17,17,148,592,0,0,0.0
52,mt_bench-17722882,6,17,17,148,592,0,0,0.0
52,mt_bench-17722882,7,17,17,148,592,0,0,0.0
52,mt_bench-17722882,8,17,17,148,592,0,0,0.0
52,mt_bench-17722882,9,17,17,148,592,0,0,0.0
52,mt_bench-17722882,10,17,17,148,592,0,0,0.0
52,mt_bench-17722882,11,17,17,148,592,0,0,0.0
52,mt_bench-17722882,12,17,17,148,592,0,0,0.0
52,mt_bench-17722882,13,17,17,148,592,0,0,0.0
52,mt_bench-17722882,14,17,17,148,592,0,0,0.0
52,mt_bench-17722882,15,17,17,148,592,0,0,0.0
52,mt_bench-17722882,16,17,17,148,592,0,0,0.0
52,mt_bench-17722882,17,17,17,148,592,0,0,0.0
52,mt_bench-17722882,18,17,17,148,592,0,0,0.0
52,mt_bench-17722882,19,17,17,148,592,0,0,0.0
52,mt_bench-17722882,20,17,17,148,592,0,0,0.0
52,mt_bench-17722882,21,17,17,148,592,0,0,0.0
52,mt_bench-17722882,22,17,17,148,592,0,0,0.0
52,mt_bench-17722882,23,17,17,148,592,0,0,0.0
53,humaneval-HumanEval_99,0,17,17,239,956,0,0,0.0
53,humaneval-HumanEval_99,1,17,17,239,956,0,0,0.0
53,humaneval-HumanEval_99,2,17,17,239,956,0,0,0.0
53,humaneval-HumanEval_99,3,17,17,239,956,0,0,0.0
53,humaneval-HumanEval_99,4,17,17,239,956,0,0,0.0
53,humaneval-HumanEval_99,5,17,17,239,956,0,0,0.0
53,humaneval-HumanEval_99,6,17,17,239,956,0,0,0.0
53,humaneval-HumanEval_99,7,17,17,239,956,0,0,0.0
53,humaneval-HumanEval_99,8,17,17,239,956,0,0,0.0
53,humaneval-HumanEval_99,9,17,17,239,956,0,0,0.0
53,humaneval-HumanEval_99,10,17,17,239,956,0,0,0.0
53,humaneval-HumanEval_99,11,17,17,239,956,0,0,0.0
53,humaneval-HumanEval_99,12,17,17,239,956,0,0,0.0
53,humaneval-HumanEval_99,13,17,17,239,956,0,0,0.0
53,humaneval-HumanEval_99,14,17,17,239,956,0,0,0.0
53,humaneval-HumanEval_99,15,17,17,239,956,0,0,0.0
53,humaneval-HumanEval_99,16,17,17,239,956,0,0,0.0
53,humaneval-HumanEval_99,17,17,17,239,956,0,0,0.0
53,humaneval-HumanEval_99,18,17,17,239,956,0,0,0.0
53,humaneval-HumanEval_99,19,17,17,239,956,0,0,0.0
53,humaneval-HumanEval_99,20,17,17,239,956,0,0,0.0
53,humaneval-HumanEval_99,21,17,17,239,956,0,0,0.0
53,humaneval-HumanEval_99,22,17,17,239,956,0,0,0.0
53,humaneval-HumanEval_99,23,17,17,239,956,0,0,0.0
54,gsm8k-00039,0,17,17,139,556,0,0,0.0
54,gsm8k-00039,1,17,17,139,556,0,0,0.0
54,gsm8k-00039,2,17,17,139,556,0,0,0.0
54,gsm8k-00039,3,17,17,139,556,0,0,0.0
54,gsm8k-00039,4,17,17,139,556,0,0,0.0
54,gsm8k-00039,5,17,17,139,556,0,0,0.0
54,gsm8k-00039,6,17,17,139,556,0,0,0.0
54,gsm8k-00039,7,17,17,139,556,0,0,0.0
54,gsm8k-00039,8,17,17,139,556,0,0,0.0
54,gsm8k-00039,9,17,17,139,556,0,0,0.0
54,gsm8k-00039,10,17,17,139,556,0,0,0.0
54,gsm8k-00039,11,17,17,139,556,0,0,0.0
54,gsm8k-00039,12,17,17,139,556,0,0,0.0
54,gsm8k-00039,13,17,17,139,556,0,0,0.0
54,gsm8k-00039,14,17,17,139,556,0,0,0.0
54,gsm8k-00039,15,17,17,139,556,0,0,0.0
54,gsm8k-00039,16,17,17,139,556,0,0,0.0
54,gsm8k-00039,17,17,17,139,556,0,0,0.0
54,gsm8k-00039,18,17,17,139,556,0,0,0.0
54,gsm8k-00039,19,17,17,139,556,0,0,0.0
54,gsm8k-00039,20,17,17,139,556,0,0,0.0
54,gsm8k-00039,21,17,17,139,556,0,0,0.0
54,gsm8k-00039,22,17,17,139,556,0,0,0.0
54,gsm8k-00039,23,17,17,139,556,0,0,0.0
55,wikitext2-00034,0,17,17,186,744,0,0,0.0
55,wikitext2-00034,1,17,17,186,744,0,0,0.0
55,wikitext2-00034,2,17,17,186,744,0,0,0.0
55,wikitext2-00034,3,17,17,186,744,0,0,0.0
55,wikitext2-00034,4,17,17,186,744,0,0,0.0
55,wikitext2-00034,5,17,17,186,744,0,0,0.0
55,wikitext2-00034,6,17,17,186,744,0,0,0.0
55,wikitext2-00034,7,17,17,186,744,0,0,0.0
55,wikitext2-00034,8,17,17,186,744,0,0,0.0
55,wikitext2-00034,9,17,17,186,744,0,0,0.0
55,wikitext2-00034,10,17,17,186,744,0,0,0.0
55,wikitext2-00034,11,17,17,186,744,0,0,0.0
55,wikitext2-00034,12,17,17,186,744,0,0,0.0
55,wikitext2-00034,13,17,17,186,744,0,0,0.0
55,wikitext2-00034,14,17,17,186,744,0,0,0.0
55,wikitext2-00034,15,17,17,186,744,0,0,0.0
55,wikitext2-00034,16,17,17,186,744,0,0,0.0
55,wikitext2-00034,17,17,17,186,744,0,0,0.0
55,wikitext2-00034,18,17,17,186,744,0,0,0.0
55,wikitext2-00034,19,17,17,186,744,0,0,0.0
55,wikitext2-00034,20,17,17,186,744,0,0,0.0
55,wikitext2-00034,21,17,17,186,744,0,0,0.0
55,wikitext2-00034,22,17,17,186,744,0,0,0.0
55,wikitext2-00034,23,17,17,186,744,0,0,0.0
56,mt_bench-48989963,0,17,17,147,588,0,0,0.0
56,mt_bench-48989963,1,17,17,147,588,0,0,0.0
56,mt_bench-48989963,2,17,17,147,588,0,0,0.0
56,mt_bench-48989963,3,17,17,147,588,0,0,0.0
56,mt_bench-48989963,4,17,17,147,588,0,0,0.0
56,mt_bench-48989963,5,17,17,147,588,0,0,0.0
56,mt_bench-48989963,6,17,17,147,588,0,0,0.0
56,mt_bench-48989963,7,17,17,147,588,0,0,0.0
56,mt_bench-48989963,8,17,17,147,588,0,0,0.0
56,mt_bench-48989963,9,17,17,147,588,0,0,0.0
56,mt_bench-48989963,10,17,17,147,588,0,0,0.0
56,mt_bench-48989963,11,17,17,147,588,0,0,0.0
56,mt_bench-48989963,12,17,17,147,588,0,0,0.0
56,mt_bench-48989963,13,17,17,147,588,0,0,0.0
56,mt_bench-48989963,14,17,17,147,588,0,0,0.0
56,mt_bench-48989963,15,17,17,147,588,0,0,0.0
56,mt_bench-48989963,16,17,17,147,588,0,0,0.0
56,mt_bench-48989963,17,17,17,147,588,0,0,0.0
56,mt_bench-48989963,18,17,17,147,588,0,0,0.0
56,mt_bench-48989963,19,17,17,147,588,0,0,0.0
56,mt_bench-48989963,20,17,17,147,588,0,0,0.0
56,mt_bench-48989963,21,17,17,147,588,0,0,0.0
56,mt_bench-48989963,22,17,17,147,588,0,0,0.0
56,mt_bench-48989963,23,17,17,147,588,0,0,0.0
57,humaneval-HumanEval_58,0,17,17,197,788,0,0,0.0
57,humaneval-HumanEval_58,1,17,17,197,788,0,0,0.0
57,humaneval-HumanEval_58,2,17,17,197,788,0,0,0.0
57,humaneval-HumanEval_58,3,17,17,197,788,0,0,0.0
57,humaneval-HumanEval_58,4,17,17,197,788,0,0,0.0
57,humaneval-HumanEval_58,5,17,17,197,788,0,0,0.0
57,humaneval-HumanEval_58,6,17,17,197,788,0,0,0.0
57,humaneval-HumanEval_58,7,17,17,197,788,0,0,0.0
57,humaneval-HumanEval_58,8,17,17,197,788,0,0,0.0
57,humaneval-HumanEval_58,9,17,17,197,788,0,0,0.0
57,humaneval-HumanEval_58,10,17,17,197,788,0,0,0.0
57,humaneval-HumanEval_58,11,17,17,197,788,0,0,0.0
57,humaneval-HumanEval_58,12,17,17,197,788,0,0,0.0
57,humaneval-HumanEval_58,13,17,17,197,788,0,0,0.0
57,humaneval-HumanEval_58,14,17,17,197,788,0,0,0.0
57,humaneval-HumanEval_58,15,17,17,197,788,0,0,0.0
57,humaneval-HumanEval_58,16,17,17,197,788,0,0,0.0
57,humaneval-HumanEval_58,17,17,17,197,788,0,0,0.0
57,humaneval-HumanEval_58,18,17,17,197,788,0,0,0.0
57,humaneval-HumanEval_58,19,17,17,197,788,0,0,0.0
57,humaneval-HumanEval_58,20,17,17,197,788,0,0,0.0
57,humaneval-HumanEval_58,21,17,17,197,788,0,0,0.0
57,humaneval-HumanEval_58,22,17,17,197,788,0,0,0.0
57,humaneval-HumanEval_58,23,17,17,197,788,0,0,0.0
58,humaneval-HumanEval_48,0,17,17,154,616,0,0,0.0
58,humaneval-HumanEval_48,1,17,17,154,616,0,0,0.0
58,humaneval-HumanEval_48,2,17,17,154,616,0,0,0.0
58,humaneval-HumanEval_48,3,17,17,154,616,0,0,0.0
58,humaneval-HumanEval_48,4,17,17,154,616,0,0,0.0
58,humaneval-HumanEval_48,5,17,17,154,616,0,0,0.0
58,humaneval-HumanEval_48,6,17,17,154,616,0,0,0.0
58,humaneval-HumanEval_48,7,17,17,154,616,0,0,0.0
58,humaneval-HumanEval_48,8,17,17,154,616,0,0,0.0
58,humaneval-HumanEval_48,9,17,17,154,616,0,0,0.0
58,humaneval-HumanEval_48,10,17,17,154,616,0,0,0.0
58,humaneval-HumanEval_48,11,17,17,154,616,0,0,0.0
58,humaneval-HumanEval_48,12,17,17,154,616,0,0,0.0
58,humaneval-HumanEval_48,13,17,17,154,616,0,0,0.0
58,humaneval-HumanEval_48,14,17,17,154,616,0,0,0.0
58,humaneval-HumanEval_48,15,17,17,154,616,0,0,0.0
58,humaneval-HumanEval_48,16,17,17,154,616,0,0,0.0
58,humaneval-HumanEval_48,17,17,17,154,616,0,0,0.0
58,humaneval-HumanEval_48,18,17,17,154,616,0,0,0.0
58,humaneval-HumanEval_48,19,17,17,154,616,0,0,0.0
58,humaneval-HumanEval_48,20,17,17,154,616,0,0,0.0
58,humaneval-HumanEval_48,21,17,17,154,616,0,0,0.0
58,humaneval-HumanEval_48,22,17,17,154,616,0,0,0.0
58,humaneval-HumanEval_48,23,17,17,154,616,0,0,0.0
59,humaneval-HumanEval_21,0,17,17,208,832,0,0,0.0
59,humaneval-HumanEval_21,1,17,17,208,832,0,0,0.0
59,humaneval-HumanEval_21,2,17,17,208,832,0,0,0.0
59,humaneval-HumanEval_21,3,17,17,208,832,0,0,0.0
59,humaneval-HumanEval_21,4,17,17,208,832,0,0,0.0
59,humaneval-HumanEval_21,5,17,17,208,832,0,0,0.0
59,humaneval-HumanEval_21,6,17,17,208,832,0,0,0.0
59,humaneval-HumanEval_21,7,17,17,208,832,0,0,0.0
59,humaneval-HumanEval_21,8,17,17,208,832,0,0,0.0
59,humaneval-HumanEval_21,9,17,17,208,832,0,0,0.0
59,humaneval-HumanEval_21,10,17,17,208,832,0,0,0.0
59,humaneval-HumanEval_21,11,17,17,208,832,0,0,0.0
59,humaneval-HumanEval_21,12,17,17,208,832,0,0,0.0
59,humaneval-HumanEval_21,13,17,17,208,832,0,0,0.0
59,humaneval-HumanEval_21,14,17,17,208,832,0,0,0.0
59,humaneval-HumanEval_21,15,17,17,208,832,0,0,0.0
59,humaneval-HumanEval_21,16,17,17,208,832,0,0,0.0
59,humaneval-HumanEval_21,17,17,17,208,832,0,0,0.0
59,humaneval-HumanEval_21,18,17,17,208,832,0,0,0.0
59,humaneval-HumanEval_21,19,17,17,208,832,0,0,0.0
59,humaneval-HumanEval_21,20,17,17,208,832,0,0,0.0009765625
59,humaneval-HumanEval_21,21,17,17,208,832,0,0,0.0
59,humaneval-HumanEval_21,22,17,17,208,832,0,0,0.0
59,humaneval-HumanEval_21,23,17,17,208,832,0,0,0.0
60,mt_bench-84856299,0,17,17,142,568,0,0,0.0
60,mt_bench-84856299,1,17,17,142,568,0,0,0.0
60,mt_bench-84856299,2,17,17,142,568,0,0,0.0
60,mt_bench-84856299,3,17,17,142,568,0,0,0.0
60,mt_bench-84856299,4,17,17,142,568,0,0,0.0
60,mt_bench-84856299,5,17,17,142,568,0,0,0.0
60,mt_bench-84856299,6,17,17,142,568,0,0,0.0
60,mt_bench-84856299,7,17,17,142,568,0,0,0.0
60,mt_bench-84856299,8,17,17,142,568,0,0,0.0
60,mt_bench-84856299,9,17,17,142,568,0,0,0.0
60,mt_bench-84856299,10,17,17,142,568,0,0,0.0
60,mt_bench-84856299,11,17,17,142,568,0,0,0.0
60,mt_bench-84856299,12,17,17,142,568,0,0,0.0
60,mt_bench-84856299,13,17,17,142,568,0,0,0.0
60,mt_bench-84856299,14,17,17,142,568,0,0,0.0
60,mt_bench-84856299,15,17,17,142,568,0,0,0.0
60,mt_bench-84856299,16,17,17,142,568,0,0,0.0
60,mt_bench-84856299,17,17,17,142,568,0,0,0.0
60,mt_bench-84856299,18,17,17,142,568,0,0,0.0
60,mt_bench-84856299,19,17,17,142,568,0,0,0.0
60,mt_bench-84856299,20,17,17,142,568,0,0,0.0
60,mt_bench-84856299,21,17,17,142,568,0,0,0.0
60,mt_bench-84856299,22,17,17,142,568,0,0,0.0
60,mt_bench-84856299,23,17,17,142,568,0,0,0.0
61,mt_bench-51413464,0,17,17,231,924,0,0,0.0
61,mt_bench-51413464,1,17,17,231,924,0,0,0.0
61,mt_bench-51413464,2,17,17,231,924,0,0,0.0
61,mt_bench-51413464,3,17,17,231,924,0,0,0.0
61,mt_bench-51413464,4,17,17,231,924,0,0,0.0
61,mt_bench-51413464,5,17,17,231,924,0,0,0.0
61,mt_bench-51413464,6,17,17,231,924,0,0,0.0
61,mt_bench-51413464,7,17,17,231,924,0,0,0.0
61,mt_bench-51413464,8,17,17,231,924,0,0,0.0
61,mt_bench-51413464,9,17,17,231,924,0,0,0.0
61,mt_bench-51413464,10,17,17,231,924,0,0,0.0
61,mt_bench-51413464,11,17,17,231,924,0,0,0.0
61,mt_bench-51413464,12,17,17,231,924,0,0,0.0
61,mt_bench-51413464,13,17,17,231,924,0,0,0.0
61,mt_bench-51413464,14,17,17,231,924,0,0,0.0
61,mt_bench-51413464,15,17,17,231,924,0,0,0.0
61,mt_bench-51413464,16,17,17,231,924,0,0,0.0
61,mt_bench-51413464,17,17,17,231,924,0,0,0.0
61,mt_bench-51413464,18,17,17,231,924,0,0,0.0
61,mt_bench-51413464,19,17,17,231,924,0,0,0.0
61,mt_bench-51413464,20,17,17,231,924,0,0,0.0
61,mt_bench-51413464,21,17,17,231,924,0,0,0.0
61,mt_bench-51413464,22,17,17,231,924,0,0,0.0
61,mt_bench-51413464,23,17,17,231,924,0,0,0.0
62,wikitext2-00046,0,17,17,236,944,0,0,0.0
62,wikitext2-00046,1,17,17,236,944,0,0,0.0
62,wikitext2-00046,2,17,17,236,944,0,0,0.0
62,wikitext2-00046,3,17,17,236,944,0,0,0.0
62,wikitext2-00046,4,17,17,236,944,0,0,0.0
62,wikitext2-00046,5,17,17,236,944,0,0,0.0
62,wikitext2-00046,6,17,17,236,944,0,0,0.0
62,wikitext2-00046,7,17,17,236,944,0,0,0.0
62,wikitext2-00046,8,17,17,236,944,0,0,0.0
62,wikitext2-00046,9,17,17,236,944,0,0,0.0
62,wikitext2-00046,10,17,17,236,944,0,0,0.0
62,wikitext2-00046,11,17,17,236,944,0,0,0.0
62,wikitext2-00046,12,17,17,236,944,0,0,0.0
62,wikitext2-00046,13,17,17,236,944,0,0,0.0
62,wikitext2-00046,14,17,17,236,944,0,0,0.0
62,wikitext2-00046,15,17,17,236,944,0,0,0.0
62,wikitext2-00046,16,17,17,236,944,0,0,0.0
62,wikitext2-00046,17,17,17,236,944,0,0,0.0
62,wikitext2-00046,18,17,17,236,944,0,0,0.0
62,wikitext2-00046,19,17,17,236,944,0,0,0.0
62,wikitext2-00046,20,17,17,236,944,0,0,0.0
62,wikitext2-00046,21,17,17,236,944,0,0,0.0
62,wikitext2-00046,22,17,17,236,944,0,0,0.0
62,wikitext2-00046,23,17,17,236,944,0,0,0.0
63,gsm8k-00043,0,17,17,149,596,0,0,0.0
63,gsm8k-00043,1,17,17,149,596,0,0,0.0
63,gsm8k-00043,2,17,17,149,596,0,0,0.0
63,gsm8k-00043,3,17,17,149,596,0,0,0.0
63,gsm8k-00043,4,17,17,149,596,0,0,0.0
63,gsm8k-00043,5,17,17,149,596,0,0,0.0
63,gsm8k-00043,6,17,17,149,596,0,0,0.0
63,gsm8k-00043,7,17,17,149,596,0,0,0.0
63,gsm8k-00043,8,17,17,149,596,0,0,0.0
63,gsm8k-00043,9,17,17,149,596,0,0,0.0
63,gsm8k-00043,10,17,17,149,596,0,0,0.0
63,gsm8k-00043,11,17,17,149,596,0,0,0.0
63,gsm8k-00043,12,17,17,149,596,0,0,0.0
63,gsm8k-00043,13,17,17,149,596,0,0,0.0
63,gsm8k-00043,14,17,17,149,596,0,0,0.0
63,gsm8k-00043,15,17,17,149,596,0,0,0.0
63,gsm8k-00043,16,17,17,149,596,0,0,0.0
63,gsm8k-00043,17,17,17,149,596,0,0,0.0
63,gsm8k-00043,18,17,17,149,596,0,0,0.0
63,gsm8k-00043,19,17,17,149,596,0,0,0.0
63,gsm8k-00043,20,17,17,149,596,0,0,0.0
63,gsm8k-00043,21,17,17,149,596,0,0,0.0
63,gsm8k-00043,22,17,17,149,596,0,0,0.0
63,gsm8k-00043,23,17,17,149,596,0,0,0.0
